fdc_id,name,protein_g,fat_g,carb_g,energy_kcal,water_g,fiber_g,phosphorus_mg,potassium_mg,sodium_mg,sugar_g,source,cluster
167516,"Waffles, buttermilk, frozen, ready-to-heat",6.58,9.22,41.05,273.0,40.34,2.2,388.0,126.0,621.0,4.3,usda,3
167517,"Waffle, buttermilk, frozen, ready-to-heat, toasted",7.42,9.49,48.39,309.0,31.57,2.6,444.0,138.0,710.0,4.41,usda,3
167518,"Waffle, buttermilk, frozen, ready-to-heat, microwaved",6.92,9.4,44.16,289.0,36.48,2.4,410.0,110.0,663.0,4.5,usda,3
167519,"Waffle, plain, frozen, ready-to-heat, microwave",6.71,9.91,45.41,298.0,34.95,2.4,410.0,148.0,682.0,5.04,usda,3
167520,"Pie Crust, Cookie-type, Graham Cracker, Ready Crust",5.1,24.83,64.3,501.0,4.37,1.9,117.0,113.0,471.0,18.13,usda,3
167521,"Pie Crust, Cookie-type, Chocolate, Ready Crust",6.08,22.42,64.48,484.0,4.99,2.7,120.0,187.0,503.0,26.31,usda,3
167522,"Pie, Dutch Apple, Commercially Prepared",2.17,11.5,44.54,290.0,41.09,1.6,29.0,76.0,200.0,22.02,usda,3
167523,"Pie crust, deep dish, frozen, unbaked, made with enriched flour",5.52,28.74,46.79,468.0,17.78,1.4,68.0,91.0,353.0,1.25,usda,3
167524,"Waffles, chocolate chip, frozen, ready-to-heat",5.8,10.1,45.68,297.0,35.62,1.5,272.0,74.0,529.0,13.1,usda,3
167525,"Tostada shells, corn",6.15,23.38,64.43,474.0,3.32,5.8,203.0,237.0,657.0,1.25,usda,3
167526,"Bread, salvadoran sweet cheese (quesadilla salvadorena)",7.12,17.12,47.84,374.0,25.48,0.7,200.0,350.0,510.0,24.9,usda,3
167527,"Bread, pound cake type, pan de torta salvadoran",7.06,17.45,51.29,390.0,22.38,1.7,300.0,210.0,390.0,18.1,usda,3
167528,"Pastry, Pastelitos de Guava (guava pastries)",5.48,18.5,47.76,379.0,27.26,2.2,56.0,103.0,231.0,17.0,usda,3
167529,"Crackers, snack, Goya Crackers",14.25,13.35,64.35,433.0,5.93,3.8,145.0,124.0,665.0,2.35,usda,3
167530,"Crackers, cream, Gamesa Sabrosas",7.01,20.37,64.55,484.0,4.45,2.4,98.0,129.0,1148.0,9.37,usda,3
167531,"Crackers, cream, La Moderna Rikis Cream Crackers",7.19,19.5,64.88,464.0,4.48,2.4,100.0,117.0,752.0,10.41,usda,3
167532,"Bread, white wheat",10.66,2.15,43.91,238.0,39.6,9.2,103.0,127.0,478.0,5.0,usda,3
167533,"Bagels, wheat",10.2,1.53,48.89,250.0,37.55,4.1,142.0,165.0,439.0,6.12,usda,3
167534,"Cream puff, eclair, custard or cream filled, iced",4.41,18.52,37.43,334.0,38.64,0.9,71.0,68.0,265.0,22.05,usda,3
167535,"Tortillas, ready-to-bake or -fry, flour, shelf stable",8.01,7.58,49.27,297.0,32.43,2.4,213.0,133.0,742.0,2.66,usda,3
167536,"Snacks, beef jerky, chopped and formed",33.2,25.6,11.0,410.0,23.36,1.8,407.0,597.0,1785.0,9.0,usda,3
167537,"Snacks, corn-based, extruded, chips, plain",6.17,33.36,57.27,539.0,1.07,4.0,194.0,144.0,514.0,0.27,usda,3
167538,"Snacks, corn-based, extruded, chips, barbecue-flavor",7.0,32.7,56.2,523.0,1.2,5.2,207.0,236.0,763.0,1.25,usda,3
167539,"Snacks, corn-based, extruded, cones, plain",5.8,26.9,62.9,510.0,2.0,1.1,44.0,81.0,1022.0,1.25,usda,3
167540,"Snacks, fruit leather, pieces",1.0,2.68,82.82,359.0,12.3,0.0,24.0,164.0,199.0,57.58,usda,3
167541,"Snacks, fruit leather, rolls",0.1,3.0,85.8,371.0,10.2,0.0,31.0,294.0,317.0,49.16,usda,3
167542,"Snacks, granola bars, hard, plain",10.1,19.8,64.4,471.0,3.9,5.3,277.0,336.0,294.0,28.57,usda,3
167543,"Snacks, granola bars, hard, almond",7.7,25.5,62.0,495.0,3.1,4.8,228.0,273.0,256.0,1.25,usda,3
167544,"Snacks, granola bars, soft, uncoated, raisin",7.6,17.8,66.4,448.0,6.4,4.2,220.0,362.0,282.0,1.25,usda,3
167545,"Snacks, granola bars, soft, coated, milk chocolate coating, chocolate chip",5.8,24.9,63.8,466.0,3.6,3.4,199.0,313.0,200.0,1.25,usda,3
167546,"Candies, honey-combed, with peanut butter",8.72,20.18,67.41,473.0,2.54,1.9,132.0,220.0,174.0,62.68,usda,3
167547,"Snacks, granola bars, soft, coated, milk chocolate coating, peanut butter",10.2,31.1,53.4,508.0,3.2,2.8,227.0,339.0,193.0,23.74,usda,3
167548,"Snacks, granola bars, soft, uncoated, peanut butter and chocolate chip",9.8,20.0,62.2,432.0,5.9,4.2,262.0,377.0,328.0,1.25,usda,3
167549,"Snacks, popcorn, oil-popped, microwave, regular flavor, no trans fat",7.29,43.55,45.06,583.0,1.2,8.1,199.0,182.0,909.0,0.46,usda,3
167550,"Snacks, popcorn, cakes",9.7,3.1,80.1,384.0,5.0,2.9,277.0,327.0,288.0,0.72,usda,3
167551,"Snacks, popcorn, caramel-coated, with peanuts",6.4,7.8,80.7,400.0,3.3,3.8,127.0,355.0,177.0,45.36,usda,3
167552,"Snacks, popcorn, caramel-coated, without peanuts",3.8,12.8,79.1,431.0,2.8,5.2,83.0,109.0,206.0,53.19,usda,3
167553,"Snacks, potato chips, made from dried potatoes, reduced fat",4.56,26.14,64.76,502.0,2.22,3.2,129.0,760.0,450.0,0.63,usda,3
167554,"Snacks, potato chips, made from dried potatoes, sour-cream and onion-flavor",6.6,37.0,51.3,547.0,2.0,1.2,169.0,496.0,541.0,1.25,usda,3
167555,"Snacks, pretzels, hard, plain, salted",10.04,2.93,80.39,384.0,3.13,3.4,128.0,223.0,1240.0,2.21,usda,3
167556,"Snacks, pretzels, hard, confectioner's coating, chocolate-flavor",7.5,16.7,70.9,457.0,2.5,2.4,145.0,225.0,569.0,38.8,usda,3
167557,"Snacks, rice cakes, brown rice, sesame seed",7.6,3.8,81.5,392.0,5.9,5.4,375.0,290.0,227.0,1.25,usda,3
167558,"Snacks, tortilla chips, plain, white corn, salted",7.1,20.68,67.78,472.0,2.64,5.4,225.0,182.0,328.0,0.78,usda,3
167559,"Snacks, tortilla chips, nacho cheese",7.36,27.42,60.81,519.0,1.66,5.1,252.0,223.0,691.0,2.59,usda,3
167560,"Snacks, tortilla chips, ranch-flavor",7.19,24.63,62.74,501.0,3.14,4.0,252.0,259.0,519.0,3.03,usda,3
167561,"Snacks, trail mix, regular",13.8,29.4,44.9,462.0,9.2,0.2,345.0,685.0,229.0,1.25,usda,3
167562,"Candies, ALMOND JOY Candy Bar",4.13,26.93,59.51,479.0,8.2,5.0,112.0,254.0,142.0,48.34,usda,3
167563,"Candies, TWIZZLERS CHERRY BITES",2.97,1.7,79.38,338.0,15.0,0.1,47.0,14.0,261.0,1.25,usda,3
167564,"Candies, NESTLE, BIT-O'-HONEY Candy Chews",2.0,7.5,80.89,388.0,8.3,0.2,28.0,44.0,295.0,48.0,usda,3
167565,"Candies, NESTLE, BUTTERFINGER Bar",5.4,18.9,72.9,459.0,1.23,2.0,97.0,220.0,230.0,45.9,usda,3
167566,"Candies, caramels, chocolate-flavor roll",1.59,3.31,87.73,387.0,6.69,0.1,57.0,116.0,44.0,56.32,usda,3
167567,"Baking chocolate, unsweetened, liquid",12.1,47.7,36.2,472.0,0.9,18.1,340.0,1166.0,12.0,0.0,usda,3
167568,"Baking chocolate, unsweetened, squares",14.32,52.31,28.42,642.0,1.34,16.6,400.0,830.0,24.0,0.91,usda,3
167569,"Candies, confectioner's coating, yogurt",5.87,27.0,63.94,522.0,1.91,0.0,157.0,290.0,88.0,62.36,usda,3
167570,"Candies, confectioner's coating, peanut butter",18.3,29.8,46.88,529.0,2.67,5.0,310.0,505.0,250.0,38.3,usda,3
167571,"Candies, white chocolate",5.87,32.09,59.24,539.0,1.3,0.2,176.0,286.0,90.0,59.0,usda,3
167572,"Ice creams, vanilla, light",4.78,4.83,29.46,180.0,59.85,0.3,103.0,208.0,74.0,22.12,usda,3
167573,"Ice creams, vanilla, rich",3.5,16.2,22.29,249.0,57.2,0.0,105.0,157.0,61.0,20.65,usda,3
167574,"Desserts, flan, caramel custard, prepared-from-recipe",4.53,4.03,22.78,145.0,68.05,0.0,96.0,118.0,53.0,22.78,usda,0
167575,"Ice creams, vanilla",3.5,11.0,23.6,207.0,61.0,0.7,105.0,199.0,80.0,21.22,usda,3
167576,"Ice creams, vanilla, light, soft-serve",4.9,2.6,21.8,126.0,69.6,0.0,121.0,221.0,70.0,18.69,usda,0
167577,"Sherbet, orange",1.1,2.0,30.4,144.0,66.1,1.3,40.0,96.0,46.0,24.32,usda,0
167578,"Candies, fudge, peanut butter, prepared-from-recipe",3.78,6.59,77.75,387.0,10.93,0.7,68.0,119.0,118.0,73.36,usda,3
167579,"Candies, fudge, vanilla, prepared-from-recipe",1.05,5.45,82.15,383.0,10.85,0.0,30.0,49.0,47.0,79.77,usda,3
167580,"Candies, fudge, vanilla with nuts",3.0,13.69,74.61,435.0,7.99,0.9,73.0,103.0,42.0,71.0,usda,3
167582,"Candies, NESTLE, BABY RUTH Bar",5.4,21.6,64.8,475.0,6.99,2.0,94.0,249.0,230.0,54.0,usda,3
167584,"Syrups, table blends, pancake, with butter",0.0,0.09,72.43,291.0,26.72,0.0,10.0,3.0,287.0,72.25,usda,0
167585,"Ice creams, chocolate, light",5.0,7.19,25.7,187.0,61.43,0.8,83.0,170.0,71.0,24.71,usda,3
167587,"Candies, milk chocolate",7.65,29.66,59.4,535.0,1.5,3.4,208.0,372.0,79.0,51.5,usda,3
167588,"Puddings, banana, dry mix, instant, prepared with 2% milk",2.76,1.7,19.74,105.0,74.52,0.0,216.0,131.0,296.0,1.25,usda,0
167589,"Puddings, banana, dry mix, regular, prepared with 2% milk",2.9,1.73,18.43,101.0,75.9,0.0,83.0,137.0,164.0,1.25,usda,0
167590,"Andrea's, Gluten Free Soft Dinner Roll",5.65,8.2,40.24,257.0,44.6,2.9,128.0,165.0,544.0,2.98,usda,3
167591,"Crunchmaster, Multi-Grain Crisps, Snack Crackers, Gluten-Free",10.91,15.92,67.18,456.0,3.29,7.5,354.0,339.0,370.0,0.8,usda,3
167592,"Glutino, Gluten Free Cookies, Chocolate Vanilla Creme",2.19,17.89,76.03,474.0,2.84,2.5,70.0,157.0,275.0,49.0,usda,3
167593,"Glutino, Gluten Free Cookies, Vanilla Creme",2.19,18.79,77.34,487.0,1.29,0.0,32.0,67.0,189.0,49.43,usda,3
167594,"Pepperidge Farm, Goldfish, Baked Snack Crackers, Original",9.42,18.42,65.81,467.0,3.47,2.4,156.0,169.0,947.0,1.03,usda,3
167595,"Pepperidge Farm, Goldfish, Baked Snack Crackers, Parmesan",11.16,17.29,64.7,459.0,3.33,3.5,204.0,168.0,1187.0,0.83,usda,3
167596,"Pepperidge Farm, Goldfish, Baked Snack Crackers, Pizza",9.67,18.93,65.11,469.0,3.51,3.5,173.0,326.0,815.0,0.86,usda,3
167597,"Rudi's, Gluten-Free Bakery, Original Sandwich Bread",3.13,10.7,52.83,320.0,31.67,3.5,37.0,92.0,528.0,8.36,usda,3
167598,"Udi's, Gluten Free, Soft & Delicious White Sandwich Bread",5.4,8.02,51.15,298.0,33.69,5.5,70.0,107.0,515.0,11.3,usda,3
167599,"Udi's, Gluten Free, Soft & Hearty Whole Grain Bread",7.25,9.34,49.09,309.0,32.36,4.9,77.0,123.0,510.0,9.81,usda,3
167600,"Udi's, Gluten Free, Whole Grain Dinner Rolls",11.8,11.6,44.29,329.0,29.9,11.2,233.0,273.0,507.0,4.2,usda,3
167601,"Van's, Gluten Free, Totally Original Pancakes",3.31,4.55,40.32,215.0,50.24,1.5,306.0,127.0,331.0,4.06,usda,3
167602,"Seaweed, Canadian Cultivated EMI-TSUNOMATA, dry",15.34,1.39,46.24,259.0,14.0,36.7,260.0,2944.0,4331.0,1.25,usda,3
167603,"Seaweed, Canadian Cultivated EMI-TSUNOMATA, rehydrated",1.86,0.17,5.62,31.0,89.55,4.5,32.0,358.0,526.0,1.25,usda,0
167604,"Potatoes, hash brown, refrigerated, unprepared",1.75,0.08,19.16,84.0,77.82,1.8,70.0,425.0,42.0,0.91,usda,0
167605,"Potatoes, hash brown, refrigerated, prepared, pan-fried in canola oil",3.24,10.3,33.99,242.0,50.57,3.6,122.0,704.0,77.0,1.16,usda,3
167606,"Sweet Potatoes, french fried, frozen as packaged, salt added in processing",2.16,8.92,35.58,182.0,51.97,5.7,59.0,409.0,146.0,12.9,usda,3
167607,"Moose, meat, raw (Alaska Native)",22.3,1.5,0.0,103.0,74.79,0.0,165.0,317.0,65.0,0.0,usda,1
167609,"Moose, liver, braised (Alaska Native)",24.38,4.89,3.43,155.0,66.0,0.2,429.0,235.0,70.0,1.25,usda,1
167611,"Oil, bearded seal (Oogruk) (Alaska Native)",0.56,99.6,0.0,899.0,0.02,0.2,0.0,0.0,0.0,1.25,usda,2
167620,"Tea, tundra, herb and laborador combination (Alaska Native)",0.0,0.0,0.2,1.0,99.7,0.2,0.0,9.0,132.0,1.25,usda,0
167627,"Mush, blue corn with ash (Navajo)",0.66,0.49,11.74,54.0,86.67,1.1,39.0,58.0,8.0,0.19,usda,0
167628,"Cornmeal, blue (Navajo)",10.4,5.44,76.93,398.0,5.7,8.7,354.0,393.0,7.0,1.81,usda,3
167629,"Melon, banana (Navajo)",0.84,0.2,4.06,21.0,94.66,0.3,9.0,140.0,11.0,3.36,usda,0
167630,Chilchen (Red Berry Beverage) (Navajo),0.81,0.63,8.68,44.0,89.69,0.2,23.0,28.0,15.0,2.6,usda,0
167631,"Corn, dried (Navajo)",9.88,5.22,74.93,386.0,8.1,0.2,337.0,511.0,13.0,5.38,usda,3
167633,"Bread, kneel down (Navajo)",4.29,2.21,39.47,195.0,52.96,0.2,164.0,320.0,126.0,3.74,usda,3
167634,"Mutton, cooked, roasted (Navajo)",33.43,11.09,0.08,234.0,54.0,0.2,272.0,409.0,135.0,1.25,usda,1
167635,"Frybread, made with lard (Navajo)",6.69,12.22,48.26,330.0,31.57,0.2,123.0,77.0,329.0,2.03,usda,3
167636,Tamales (Navajo),6.28,6.12,18.12,153.0,68.1,3.1,99.0,131.0,427.0,0.99,usda,3
167637,"Stew, steamed corn (Navajo)",8.82,3.75,10.8,112.0,76.03,2.3,107.0,177.0,104.0,0.51,usda,1
167638,"Fish, halibut, raw, with skin (Alaska Native)",20.53,2.92,1.81,116.0,73.44,0.0,244.0,449.0,79.0,0.0,usda,1
167639,"Fish, salmon, coho (silver), raw (Alaska Native)",22.56,5.57,0.0,140.0,69.38,0.0,240.0,380.0,58.0,0.0,usda,1
167640,"Blueberries, wild, raw (Alaska Native)",1.22,0.76,12.31,61.0,85.48,2.6,29.0,75.0,6.0,6.46,usda,0
167641,"Oil, spotted seal (Alaska Native)",0.0,99.32,0.0,894.0,0.25,0.0,0.0,0.0,0.0,0.0,usda,2
167642,"Fish, salmon, red, canned, bones removed (Alaska Native)",27.31,5.76,0.0,161.0,65.82,0.0,260.0,370.0,390.0,0.0,usda,1
167643,"Fish, whitefish, eggs (Alaska Native)",14.66,2.88,4.89,104.0,76.24,0.0,306.0,190.0,160.0,0.0,usda,1
167644,"Caribou, rump meat, half dried (Alaska Native)",52.06,5.23,0.0,255.0,38.04,0.0,480.0,710.0,390.0,0.0,usda,1
167645,"Fish, salmon, red, (sockeye), canned, smoked (Alaska Native)",35.19,7.26,0.0,206.0,56.49,0.0,350.0,470.0,600.0,0.0,usda,1
167646,"Fish, salmon, red, (sockeye), kippered (Alaska Native)",24.5,4.75,0.0,141.0,69.41,0.0,280.0,400.0,460.0,0.0,usda,1
167647,"Fish, salmon, king, with skin, kippered, (Alaska Native)",23.19,12.95,0.0,209.0,61.52,0.0,270.0,390.0,870.0,0.0,usda,1
167648,"Fish, sheefish, raw (Alaska Native)",22.25,2.84,0.0,115.0,74.62,0.0,300.0,390.0,52.0,0.0,usda,1
167649,"Buffalo, free range, top round steak, raw (Shoshone Bannock)",21.44,1.3,0.0,97.0,75.96,0.2,200.0,355.0,43.0,1.25,usda,1
167650,"Seal, bearded (Oogruk), meat, partially dried (Alaska Native)",62.38,2.31,0.0,270.0,34.92,0.2,510.0,960.0,130.0,0.0,usda,1
167651,"Buffalo, free range, top round steak, cooked (Shoshone Bannock)",32.51,1.8,0.0,146.0,64.28,0.2,246.0,376.0,41.0,1.25,usda,1
167652,"Elk, free range, roast, eye of round, raw (Shoshone Bannock)",19.74,2.1,0.0,98.0,76.54,0.0,215.0,367.0,43.0,0.0,usda,1
167653,"Corn, dried, yellow (Northern Plains Indians)",14.48,10.64,66.27,419.0,6.36,20.5,344.0,775.0,4.0,21.32,usda,3
167654,"Smelt, dried (Alaska Native)",56.19,17.9,0.0,386.0,16.92,0.0,1400.0,1000.0,420.0,0.0,usda,1
167655,"Frybread, made with lard (Apache)",8.38,10.14,46.01,309.0,33.11,1.7,112.0,75.0,671.0,1.54,usda,3
167656,Corned beef and potatoes in tortilla (Apache),7.91,8.31,29.35,224.0,52.51,1.5,82.0,275.0,511.0,1.79,usda,3
167657,"ON THE BORDER, soft taco with ground beef, cheese and lettuce",13.19,11.05,19.28,229.0,53.83,1.8,188.0,274.0,646.0,1.84,usda,3
167658,"Restaurant, Mexican, soft taco with ground beef, cheese and lettuce",12.56,10.81,17.92,219.0,56.5,1.5,172.0,244.0,509.0,2.39,usda,3
167659,"Restaurant, Latino, chicken and rice, entree, prepared",12.02,5.06,20.03,174.0,61.12,1.2,122.0,184.0,518.0,0.55,usda,1
167660,"Restaurant, Latino, empanadas, beef, prepared",11.31,18.37,31.19,335.0,37.5,2.0,103.0,190.0,440.0,1.84,usda,3
167661,"Restaurant, Latino, pupusas con frijoles (pupusas, bean)",5.59,9.01,31.49,229.0,52.16,5.8,144.0,305.0,305.0,1.3,usda,3
167662,"Restaurant, Latino, pupusas con queso (pupusas, cheese)",11.72,13.25,22.39,256.0,50.36,2.9,271.0,120.0,400.0,1.2,usda,3
167663,"Restaurant, Latino, pupusas del cerdo (pupusas, pork)",11.51,10.43,23.02,232.0,53.12,2.6,162.0,255.0,426.0,1.45,usda,3
167664,"Restaurant, Latino, tamale, corn",3.48,7.21,26.68,186.0,61.32,3.2,93.0,186.0,277.0,7.42,usda,3
167665,"Restaurant, Mexican, spanish rice",3.28,5.29,31.16,185.0,58.54,1.2,57.0,116.0,528.0,1.3,usda,3
167666,"Restaurant, Mexican, refried beans",6.91,6.77,16.79,156.0,67.57,8.0,128.0,402.0,376.0,0.78,usda,3
167667,"Restaurant, Chinese, egg rolls, assorted",8.28,11.94,27.29,250.0,50.6,2.6,85.0,165.0,468.0,1.25,usda,3
167668,"Restaurant, Chinese, fried rice, without meat",4.05,2.96,32.79,174.0,59.09,1.1,51.0,76.0,387.0,0.56,usda,0
167669,"CRACKER BARREL, steak fries",3.26,13.18,30.87,255.0,51.32,3.5,117.0,551.0,43.0,0.86,usda,3
167670,"CRACKER BARREL, grilled sirloin steak",31.52,8.52,0.0,203.0,59.4,0.2,249.0,408.0,180.0,1.25,usda,1
167671,"CRACKER BARREL, macaroni n' cheese plate, from kid's menu",6.46,11.51,15.58,192.0,64.8,0.7,202.0,125.0,374.0,2.83,usda,3
167672,"DENNY'S, french fries",3.41,14.13,35.2,282.0,46.05,3.5,115.0,492.0,44.0,0.85,usda,3
167673,"DENNY'S, top sirloin steak",28.9,7.34,0.14,182.0,61.82,0.2,264.0,341.0,349.0,1.25,usda,1
167674,"Restaurant, Chinese, lemon chicken",11.87,13.55,20.61,252.0,52.69,1.0,136.0,161.0,252.0,8.18,usda,3
167675,"Restaurant, Chinese, general tso's chicken",12.9,16.36,23.99,295.0,45.15,0.9,127.0,201.0,435.0,11.6,usda,3
167676,"Restaurant, Chinese, kung pao chicken",9.76,6.98,6.87,129.0,74.78,1.5,94.0,218.0,402.0,3.03,usda,1
167677,"Restaurant, Chinese, vegetable lo mein, without meat",4.77,2.35,20.16,121.0,71.33,1.3,45.0,105.0,430.0,2.63,usda,0
167678,"Restaurant, Chinese, chicken and vegetables",8.18,4.56,5.38,95.0,80.24,0.9,73.0,185.0,413.0,2.93,usda,1
167679,"Restaurant, Chinese, orange chicken",14.46,12.68,22.46,262.0,48.43,0.8,130.0,209.0,553.0,13.6,usda,3
167680,"Restaurant, Italian, spaghetti with meat sauce",5.79,3.59,16.4,121.0,73.16,1.6,59.0,172.0,230.0,1.82,usda,0
167681,"Beverages, fruit-flavored drink, dry powdered mix, low calorie, with aspartame",0.45,0.04,87.38,218.0,1.84,0.1,1239.0,498.0,404.0,0.0,usda,3
167682,"Pectin, liquid",0.0,0.0,2.1,11.0,96.9,2.1,0.0,0.0,0.0,0.0,usda,0
167683,"Frozen novelties, ice cream type, vanilla ice cream, light, no sugar added, chocolate coated",6.4,10.1,26.11,221.0,56.2,0.8,173.0,305.0,104.0,8.52,usda,3
167684,"Creamy dressing, made with sour cream and/or buttermilk and oil, reduced calorie",1.5,14.0,7.0,160.0,74.0,0.0,7.0,36.0,833.0,5.65,usda,0
167685,"Bologna, beef and pork, low fat",11.5,19.3,2.6,230.0,63.4,0.0,181.0,156.0,1108.0,0.0,usda,1
167686,"Milk dessert, frozen, milk-fat free, chocolate",4.3,1.0,37.7,167.0,56.0,0.0,123.0,333.0,97.0,37.7,usda,0
167687,"Whipped topping, frozen, low fat",3.0,13.1,23.6,224.0,59.7,0.0,74.0,101.0,72.0,23.6,usda,3
167688,"Cream substitute, powdered, light",1.9,15.7,73.4,431.0,6.2,0.0,136.0,902.0,229.0,73.4,usda,3
167689,"Candies, MARS SNACKFOOD US, M&M's Peanut Butter Chocolate Candies",10.16,29.32,56.89,529.0,2.0,4.0,191.0,330.0,213.0,47.15,usda,3
167690,"Babyfood, apple yogurt dessert, strained",0.8,1.6,19.5,93.0,77.9,0.5,31.0,70.0,20.0,12.02,usda,0
167691,"Vegetable oil-butter spread, reduced calorie",0.0,53.0,0.0,465.0,44.7,0.0,10.0,6.0,581.0,0.0,usda,2
167692,"Salad dressing, blue or roquefort cheese dressing, light",2.1,2.7,13.2,86.0,77.8,0.0,47.0,51.0,939.0,3.6,usda,0
167693,"Salad dressing, french dressing, reduced calorie",0.4,13.0,27.0,227.0,59.0,0.0,14.0,79.0,804.0,25.92,usda,0
167694,"Sausage, turkey and pork, fresh, bulk, patty or link, cooked",22.7,23.0,0.7,307.0,50.9,0.0,191.0,337.0,878.0,0.0,usda,1
167695,"Mayonnaise, made with tofu",5.95,31.79,3.06,322.0,56.33,1.1,49.0,66.0,773.0,0.85,usda,1
167696,"Frankfurter, beef, low fat",12.0,9.5,1.6,140.0,63.8,0.0,191.0,129.0,744.0,0.85,usda,1
167697,"Milk, buttermilk, fluid, cultured, reduced fat",4.1,2.0,5.3,56.0,87.7,0.0,82.0,180.0,105.0,5.3,usda,0
167698,"Pork sausage rice links, brown and serve, cooked",13.7,37.63,2.36,407.0,44.1,0.0,116.0,212.0,689.0,0.0,usda,1
167699,"Salad dressing, blue or roquefort cheese dressing, fat-free",1.52,1.01,25.6,115.0,68.0,1.8,107.0,194.0,814.0,7.44,usda,0
167700,"Salad Dressing, mayonnaise-like, fat-free",0.2,2.7,15.5,84.0,78.7,1.9,5.0,49.0,788.0,10.3,usda,0
167701,"Candies, MARS SNACKFOOD US, MILKY WAY Midnight Bar",3.2,17.5,71.22,443.0,7.2,2.9,75.0,196.0,168.0,57.81,usda,3
167702,"Oil, flaxseed, cold pressed",0.11,99.98,0.0,884.0,0.12,0.0,1.0,0.0,0.0,0.0,usda,2
167703,"Cheese, cottage, lowfat, 1% milkfat, lactose reduced",12.4,1.0,3.2,74.0,82.5,0.6,134.0,86.0,220.0,2.6,usda,1
167704,"Salad dressing, bacon and tomato",1.8,35.0,2.0,326.0,58.7,0.2,25.0,108.0,905.0,2.0,usda,1
167705,"Cheese, parmesan, low sodium",41.6,29.99,3.7,451.0,22.2,0.0,807.0,107.0,63.0,0.85,usda,1
167706,"Jams, preserves, marmalade, reduced sugar",0.0,0.1,37.6,151.0,62.0,1.5,7.0,59.0,0.0,29.41,usda,0
167707,"Beverages, fruit-flavored drink, powder, with high vitamin C with other added vitamins, low calorie",0.25,0.16,91.0,227.0,1.32,2.2,493.0,2518.0,14.0,0.0,usda,3
167708,"Tomato and vegetable juice, low sodium",0.6,0.1,4.59,22.0,93.5,0.8,17.0,193.0,58.0,3.28,usda,0
167709,"Turkey, wing, smoked, cooked, with skin, bone removed",27.4,12.41,0.0,221.0,59.5,0.0,197.0,266.0,996.0,0.0,usda,1
167710,"Turkey, drumstick, smoked, cooked, with skin, bone removed",27.9,9.8,0.0,200.0,61.2,0.0,199.0,280.0,996.0,0.0,usda,1
167711,"Beverages, Chocolate-flavored drink, whey and milk based",0.64,0.4,10.68,49.0,87.63,0.6,24.0,79.0,91.0,8.68,usda,0
167712,"Pork, cured, bacon, cooked, broiled, pan-fried or roasted, reduced sodium",37.04,41.78,1.43,541.0,12.32,0.0,533.0,565.0,1030.0,0.0,usda,1
167713,"Turkey, light or dark meat, smoked, cooked, skin and bone removed",29.3,5.0,0.0,162.0,64.9,0.0,213.0,298.0,996.0,0.0,usda,1
167714,"Hearts of palm, raw",2.7,0.2,25.61,115.0,69.5,1.5,140.0,1806.0,14.0,17.16,usda,0
167715,"Cereals ready-to-eat, POST, Shredded Wheat n' Bran, spoon-size",10.93,2.06,80.65,339.0,3.14,14.7,418.0,391.0,0.0,0.75,usda,3
167716,"Cheese, cottage, lowfat, 1% milkfat, with vegetables",10.9,1.0,3.0,67.0,83.5,0.0,128.0,86.0,403.0,3.0,usda,1
167717,Yeast extract spread,23.88,0.9,20.42,185.0,40.9,6.5,104.0,2100.0,3380.0,1.6,usda,3
167718,"Babyfood, juice, pear",0.0,0.0,11.86,43.0,87.9,0.1,12.0,130.0,8.0,7.28,usda,0
167719,"Chicken, meatless, breaded, fried",21.28,12.77,8.51,234.0,56.44,4.3,245.0,300.0,400.0,0.0,usda,1
167720,"Babyfood, meat, beef with vegetables, toddler",3.5,2.1,8.72,69.0,85.23,1.8,37.0,168.0,26.0,1.18,usda,0
167721,"Frozen novelties, juice type, juice with cream",1.41,1.41,24.11,115.0,72.57,0.1,41.0,120.0,42.0,20.61,usda,0
167722,Tofu yogurt,3.5,1.8,15.96,94.0,77.5,0.2,38.0,47.0,35.0,1.24,usda,0
167723,"Alcoholic beverage, rice (sake)",0.5,0.0,5.0,134.0,78.4,0.0,6.0,25.0,2.0,0.0,usda,0
167724,"Millet, puffed",13.0,3.4,80.0,354.0,2.5,2.7,266.0,40.0,5.0,0.55,usda,3
167725,"Cereals ready-to-eat, OAT BRAN FLAKES, HEALTH VALLEY",10.0,3.0,78.0,380.0,3.4,8.0,343.0,340.0,380.0,22.0,usda,3
167726,"Babyfood, mixed fruit yogurt, strained",0.8,0.8,16.23,75.0,81.8,0.4,22.0,62.0,16.0,11.74,usda,0
167727,"Beverages, ABBOTT, ENSURE PLUS, ready-to-drink",5.16,4.52,19.88,141.0,69.84,0.0,79.0,175.0,95.0,8.33,usda,0
167728,"Babyfood, rice and apples, dry",6.7,2.4,86.89,396.0,3.2,3.0,423.0,410.0,16.0,3.22,usda,3
167729,"Babyfood, juice, apple - cherry",0.2,0.1,11.2,47.0,88.2,0.3,12.0,110.0,4.0,10.5,usda,0
167730,"Milk, imitation, non-soy",1.6,2.0,5.3,46.0,90.0,0.0,100.0,150.0,55.0,5.3,usda,0
167731,"Babyfood, cereal, rice with pears and apple, dry, instant fortified",6.6,0.9,88.5,389.0,2.0,2.6,253.0,414.0,2.0,1.35,usda,3
167732,"Babyfood, banana no tapioca, strained",1.0,0.2,21.34,91.0,76.7,1.6,20.0,290.0,2.0,11.36,usda,0
167733,"Babyfood, banana apple dessert, strained",0.3,0.2,16.3,68.0,83.1,1.0,9.0,71.0,7.0,14.66,usda,0
167734,"Breakfast bar, corn flake crust with fruit",4.4,7.5,72.8,376.0,14.5,2.1,103.0,197.0,337.0,35.1,usda,3
167735,"Cheese, mozzarella, low sodium",27.5,17.1,3.1,280.0,49.9,0.0,524.0,95.0,16.0,1.23,usda,1
167736,"Mayonnaise dressing, no cholesterol",0.0,77.8,0.3,688.0,21.7,0.0,25.0,14.0,486.0,0.3,usda,2
167737,"Oil, corn, peanut, and olive",0.0,100.0,0.0,884.0,0.0,0.0,0.0,0.0,0.0,0.0,usda,2
167738,"Pie fillings, blueberry, canned",0.41,0.2,44.38,181.0,54.66,2.6,12.0,115.0,12.0,37.75,usda,0
167739,"Beverages, Cocktail mix, non-alcoholic, concentrated, frozen",0.08,0.01,71.6,287.0,28.24,0.0,2.0,23.0,0.0,24.53,usda,0
167740,"Puddings, chocolate flavor, low calorie, regular, dry mix",10.08,3.0,74.42,365.0,6.8,10.1,174.0,570.0,3326.0,0.7,usda,3
167741,"Puddings, all flavors except chocolate, low calorie, regular, dry mix",1.6,0.1,86.04,351.0,10.4,0.9,12.0,18.0,1765.0,2.9,usda,3
167742,"Mollusks, scallop, (bay and sea), cooked, steamed",20.54,0.84,5.41,111.0,70.25,0.0,426.0,314.0,667.0,0.0,usda,1
167743,"Syrup, Cane",0.0,0.0,73.14,269.0,26.0,0.0,8.0,63.0,58.0,73.2,usda,0
167744,"Mollusks, snail, raw",16.1,1.4,2.0,90.0,79.2,0.0,272.0,382.0,70.0,0.0,usda,1
167745,"Turtle, green, raw",19.8,0.5,0.0,89.0,78.5,0.0,180.0,230.0,68.0,0.0,usda,1
167746,"Lemons, raw, without peel",1.1,0.3,9.32,29.0,88.98,2.8,16.0,138.0,2.0,2.5,usda,0
167747,"Lemon juice, raw",0.35,0.24,6.9,22.0,92.31,0.3,8.0,103.0,1.0,2.52,usda,0
167748,"Lemon juice from concentrate, canned or bottled",0.45,0.07,5.62,17.0,93.64,0.7,9.0,109.0,24.0,1.53,usda,0
167749,"Lemon peel, raw",1.5,0.3,16.0,47.0,81.6,10.6,12.0,160.0,6.0,4.17,usda,0
167750,"Prickly pears, raw",0.73,0.51,9.57,41.0,87.55,3.6,24.0,220.0,5.0,1.25,usda,0
167751,"Plums, dried (prunes), stewed, without added sugar",0.96,0.16,28.08,107.0,69.73,3.1,30.0,321.0,1.0,24.98,usda,0
167752,"Plums, dried (prunes), stewed, with added sugar",1.09,0.22,32.88,124.0,65.08,3.8,33.0,312.0,2.0,1.25,usda,0
167753,"Prune juice, canned",0.61,0.03,17.45,71.0,81.24,1.0,25.0,276.0,4.0,16.45,usda,0
167754,"Pummelo, raw",0.76,0.04,9.62,38.0,89.1,1.0,17.0,216.0,1.0,1.25,usda,0
167755,"Raspberries, raw",1.2,0.65,11.94,52.0,85.75,6.5,29.0,151.0,1.0,4.42,usda,0
167756,"Raspberries, canned, red, heavy syrup pack, solids and liquids",0.83,0.12,23.36,91.0,75.33,3.3,9.0,94.0,3.0,20.06,usda,0
167757,"Raspberries, frozen, red, sweetened",0.7,0.16,26.16,103.0,72.75,4.4,17.0,114.0,1.0,21.76,usda,0
167758,"Rhubarb, raw",0.9,0.2,4.54,21.0,93.61,1.8,14.0,288.0,4.0,1.1,usda,0
167759,"Sapodilla, raw",0.44,1.1,19.96,83.0,78.0,5.3,12.0,193.0,12.0,1.25,usda,0
167760,"Sapote, mamey, raw",1.45,0.46,32.1,124.0,64.87,5.4,26.0,454.0,7.0,20.14,usda,0
167761,"Soursop, raw",1.0,0.3,16.84,66.0,81.16,3.3,27.0,278.0,14.0,13.54,usda,0
167762,"Strawberries, raw",0.67,0.3,7.68,32.0,90.95,2.0,24.0,153.0,1.0,4.89,usda,0
167763,"Tamarinds, raw",2.8,0.6,62.5,239.0,31.4,5.1,113.0,628.0,28.0,38.8,usda,3
167764,"Fruit salad, (pineapple and papaya and banana and guava), tropical, canned, heavy syrup, solids and liquids",0.41,0.1,22.36,86.0,76.78,1.3,7.0,131.0,2.0,1.25,usda,0
167765,"Watermelon, raw",0.61,0.15,7.55,30.0,91.45,0.4,11.0,112.0,1.0,6.2,usda,0
167766,"Maraschino cherries, canned, drained",0.22,0.21,41.97,165.0,57.27,3.2,3.0,21.0,4.0,38.77,usda,0
167767,"Pineapple, canned, juice pack, drained",0.51,0.11,15.56,60.0,83.51,1.3,7.0,124.0,1.0,14.26,usda,0
167768,"Apricots, canned, heavy syrup, drained",0.64,0.11,21.31,83.0,77.56,2.7,13.0,143.0,4.0,18.65,usda,0
167769,"Cherries, sour, canned, water pack, drained",0.69,0.21,10.45,42.0,88.31,1.2,16.0,115.0,4.0,6.99,usda,0
167770,"Cherries, sweet, canned, pitted, heavy syrup, drained",0.73,0.21,21.07,83.0,77.61,2.3,20.0,148.0,3.0,16.18,usda,0
167771,"Apple juice, canned or bottled, unsweetened, with added ascorbic acid",0.1,0.13,11.3,46.0,88.24,0.2,7.0,101.0,4.0,9.62,usda,0
167772,"Applesauce, canned, unsweetened, with added ascorbic acid",0.17,0.1,11.27,42.0,88.22,1.1,5.0,74.0,2.0,9.39,usda,0
167773,"Applesauce, canned, sweetened, with salt",0.18,0.18,19.91,76.0,79.58,1.2,7.0,61.0,28.0,1.25,usda,0
167774,"Grapefruit juice, pink, raw",0.5,0.1,9.2,39.0,90.0,0.2,15.0,162.0,1.0,1.25,usda,0
167775,"Apple juice, frozen concentrate, unsweetened, diluted with 3 volume water, with added ascorbic acid",0.14,0.1,11.54,47.0,87.9,0.1,7.0,126.0,7.0,1.25,usda,0
167776,"Pears, raw, bartlett (Includes foods for USDA's Food Distribution Program)",0.39,0.16,15.01,63.0,84.14,3.1,11.0,101.0,1.0,9.69,usda,0
167777,"Pears, raw, red anjou",0.33,0.14,14.94,62.0,84.24,3.0,13.0,123.0,1.0,9.54,usda,0
167778,"Pears, raw, bosc (Includes foods for USDA's Food Distribution Program)",0.36,0.09,16.1,67.0,83.18,3.1,14.0,122.0,1.0,10.23,usda,0
167779,"Pears, raw, green anjou (Includes foods for USDA's Food Distribution Program)",0.44,0.1,15.79,66.0,83.31,3.1,13.0,127.0,1.0,9.73,usda,0
167780,Prune puree,2.1,0.2,65.1,257.0,30.0,3.3,72.0,852.0,23.0,39.0,usda,3
167781,Candied fruit,0.34,0.07,82.74,322.0,16.7,1.6,5.0,56.0,98.0,80.68,usda,0
167782,"Abiyuch, raw",1.5,0.1,17.6,69.0,79.9,5.3,47.0,304.0,20.0,8.55,usda,0
167783,"Rowal, raw",2.3,2.0,23.9,111.0,71.4,6.2,52.0,131.0,4.0,14.1,usda,0
167784,"Guava nectar, canned, with added ascorbic acid",0.09,0.06,16.25,63.0,83.51,1.0,2.0,39.0,6.0,12.95,usda,0
167785,"Mango nectar, canned",0.11,0.06,13.12,51.0,86.63,0.3,2.0,24.0,5.0,12.45,usda,0
167786,"Tamarind nectar, canned",0.09,0.12,14.73,57.0,84.97,0.5,2.0,27.0,7.0,12.7,usda,0
167787,"Pomegranate juice, bottled",0.15,0.29,13.13,54.0,85.95,0.1,11.0,214.0,9.0,12.65,usda,0
167788,"Nance, canned, syrup, drained",0.56,1.28,22.79,95.0,74.85,7.0,7.0,194.0,8.0,15.66,usda,0
167789,"Nance, frozen, unsweetened",0.66,1.16,16.97,73.0,80.64,7.5,10.0,244.0,3.0,8.31,usda,0
167790,"Naranjilla (lulo) pulp, frozen, unsweetened",0.44,0.22,5.9,25.0,93.05,1.1,12.0,200.0,4.0,3.74,usda,0
167791,Horned melon (Kiwano),1.78,1.26,7.56,44.0,88.97,0.2,37.0,123.0,2.0,1.25,usda,0
167792,Orange Pineapple Juice Blend,0.41,0.08,12.2,51.0,87.24,0.2,11.0,150.0,4.0,10.57,usda,0
167793,"Apples, raw, fuji, with skin (Includes foods for USDA's Food Distribution Program)",0.2,0.18,15.22,63.0,84.16,2.1,13.0,109.0,1.0,11.68,usda,0
167794,"Orange juice, chilled, includes from concentrate, with added calcium and vitamins A, D, E",0.68,0.12,11.54,49.0,87.22,0.3,17.0,178.0,2.0,8.31,usda,0
167796,"Fruit juice smoothie, NAKED JUICE, GREEN MACHINE",0.6,0.26,12.53,53.0,86.25,0.7,15.0,165.0,6.0,11.15,usda,0
167798,"Fruit juice smoothie, BOLTHOUSE FARMS, GREEN GOODNESS",0.63,0.33,13.04,56.0,85.61,0.6,16.0,177.0,11.0,11.46,usda,0
167799,"Fruit juice smoothie, BOLTHOUSE FARMS, strawberry banana",0.44,0.3,12.37,52.0,86.6,0.6,16.0,184.0,5.0,10.33,usda,0
167800,"Apple juice, canned or bottled, unsweetened, with added ascorbic acid, calcium, and potassium",0.12,0.17,11.49,48.0,87.92,0.3,9.0,184.0,5.0,9.47,usda,0
167801,"Lemon juice from concentrate, bottled, CONCORD",0.4,0.07,5.37,24.0,93.96,0.2,9.0,112.0,29.0,1.42,usda,0
167802,"Lemon juice from concentrate, bottled, REAL LEMON",0.47,0.07,5.66,17.0,93.57,0.7,9.0,109.0,26.0,1.59,usda,0
167803,"Cranberry sauce, whole, canned, OCEAN SPRAY",0.75,0.05,40.4,158.0,58.7,1.2,4.0,21.0,5.0,31.3,usda,0
167804,"Cranberry sauce, jellied, canned, OCEAN SPRAY",1.05,0.04,40.61,160.0,58.2,1.0,4.0,34.0,5.0,32.2,usda,0
167806,Baobab powder,3.69,0.47,79.65,250.0,10.92,44.5,47.0,2189.0,10.0,1.25,usda,3
167807,"Cherry juice, tart",0.31,0.54,13.7,59.0,85.18,0.2,17.0,161.0,4.0,12.21,usda,0
167808,"Raspberries, puree, seedless",1.02,0.87,7.99,41.0,89.7,0.9,20.0,169.0,4.0,6.04,usda,0
167809,"Raspberries, puree, with seeds",1.1,0.97,11.51,55.0,85.88,4.3,30.0,195.0,4.0,6.56,usda,0
167810,"Pork, fresh, composite of trimmed leg, loin, shoulder, and spareribs, (includes cuts to be cured), separable lean and fat, raw",18.22,14.79,0.0,211.0,65.99,0.0,195.0,319.0,57.0,0.0,usda,1
167811,"Pork, fresh, backfat, raw",2.92,88.69,0.0,812.0,7.69,0.0,38.0,65.0,11.0,0.0,usda,1
167812,"Pork, fresh, belly, raw",9.34,53.01,0.0,518.0,36.74,0.0,108.0,185.0,32.0,0.0,usda,1
167813,"Pork, fresh, separable fat, raw",9.25,65.7,0.0,632.0,24.76,0.0,84.0,333.0,47.0,0.0,usda,1
167814,"Pork, fresh, leg (ham), rump half, separable lean and fat, raw",20.27,10.63,0.0,182.0,68.64,0.0,216.0,356.0,73.0,0.0,usda,1
167815,"Pork, fresh, leg (ham), rump half, separable lean and fat, cooked, roasted",27.03,10.32,0.0,209.0,61.92,0.0,255.0,416.0,77.0,0.0,usda,1
167816,"Pork, fresh, leg (ham), rump half, separable lean only, raw (Includes foods for USDA's Food Distribution Program)",21.81,2.93,0.0,120.0,74.78,0.0,235.0,359.0,76.0,0.0,usda,1
167817,"Pork, fresh, leg (ham), rump half, separable lean only, cooked, roasted",28.86,4.62,0.0,165.0,65.75,0.0,273.0,425.0,80.0,0.0,usda,1
167818,"Pork, fresh, loin, whole, separable lean and fat, raw",19.74,12.58,0.0,198.0,66.92,0.0,197.0,356.0,50.0,0.0,usda,1
167819,"Pork, fresh, loin, whole, separable lean and fat, cooked, braised",27.23,13.62,0.0,239.0,58.27,0.0,181.0,374.0,48.0,0.0,usda,1
167820,"Pork, fresh, loin, whole, separable lean and fat, cooked, broiled",27.32,13.92,0.0,242.0,57.87,0.0,246.0,423.0,62.0,0.0,usda,1
167821,"Pork, fresh, loin, whole, separable lean and fat, cooked, roasted",27.09,14.65,0.0,248.0,57.51,0.0,242.0,408.0,59.0,0.0,usda,1
167822,"Pork, fresh, loin, blade (chops or roasts), bone-in, separable lean and fat, raw",19.56,12.27,0.0,194.0,67.64,0.0,207.0,288.0,69.0,0.0,usda,1
167823,"Pork, fresh, loin, blade (chops), bone-in, separable lean and fat, cooked, braised",26.54,15.71,0.0,255.0,57.32,0.0,213.0,259.0,69.0,0.0,usda,1
167824,"Pork, fresh, loin, blade (chops), bone-in, separable lean and fat, cooked, broiled",23.72,14.35,0.0,231.0,61.45,0.0,241.0,315.0,74.0,0.0,usda,1
167825,"Pork, fresh, loin, blade (roasts), bone-in, separable lean and fat, cooked, roasted",24.29,16.71,0.0,254.0,58.74,0.0,194.0,318.0,76.0,0.0,usda,1
167826,"Pork, fresh, loin, center loin (chops), bone-in, separable lean and fat, cooked, braised",28.21,13.51,0.0,242.0,58.04,0.0,225.0,273.0,73.0,0.0,usda,1
167827,"Pork, fresh, loin, center loin (chops), bone-in, separable lean and fat, cooked, broiled",25.61,11.06,0.0,209.0,62.27,0.0,220.0,344.0,55.0,0.0,usda,1
167828,"Pork, fresh, loin, center loin (roasts), bone-in, separable lean and fat, cooked, roasted",27.01,12.8,0.0,231.0,60.26,0.0,213.0,350.0,83.0,0.0,usda,1
167829,"Pork, fresh, loin, center loin (chops), bone-in, separable lean only, raw",21.99,3.71,0.0,127.0,73.62,0.0,220.0,362.0,58.0,0.0,usda,1
167830,"Pork, fresh, loin, center rib (chops), bone-in, separable lean and fat, cooked, braised",26.66,16.28,0.0,261.0,56.85,0.0,213.0,259.0,70.0,0.0,usda,1
167831,"Pork, fresh, loin, center rib (chops), bone-in, separable lean and fat, cooked, broiled",24.42,13.04,0.0,222.0,61.66,0.0,209.0,329.0,55.0,0.0,usda,1
167832,"Pork, fresh, loin, center rib (roasts), bone-in, separable lean and fat, cooked, roasted",26.99,14.68,0.0,248.0,57.76,0.0,230.0,272.0,91.0,0.0,usda,1
167833,"Pork, fresh, loin, center rib (chops or roasts), bone-in, separable lean only, raw",21.79,4.8,0.0,136.0,72.4,0.0,216.0,359.0,60.0,0.0,usda,1
167834,"Pork, fresh, loin, sirloin (chops), bone-in, separable lean and fat, cooked, braised",28.81,12.31,0.0,234.0,58.88,0.0,285.0,400.0,58.0,0.0,usda,1
167835,"Pork, fresh, loin, sirloin (chops), bone-in, separable lean and fat, cooked, broiled",26.96,11.82,0.0,222.0,60.58,0.0,280.0,363.0,86.0,0.0,usda,1
167836,"Pork, fresh, loin, sirloin (roasts), bone-in, separable lean and fat, cooked, roasted",26.64,12.87,0.0,230.0,59.34,0.0,228.0,340.0,57.0,0.0,usda,1
167837,"Pork, fresh, loin, sirloin (chops or roasts), bone-in, separable lean only, raw",21.65,4.02,0.0,129.0,73.98,0.0,219.0,353.0,59.0,0.0,usda,1
167838,"Pork, fresh, loin, sirloin (chops), bone-in, separable lean only, cooked, braised",31.0,6.9,0.0,195.0,62.16,0.0,303.0,428.0,58.0,0.0,usda,1
167839,"Pork, fresh, loin, top loin (chops), boneless, separable lean and fat, raw",21.55,6.94,0.0,155.0,70.38,0.0,226.0,373.0,48.0,0.0,usda,1
167840,"Pork, fresh, loin, top loin (chops), boneless, separable lean and fat, cooked, braised",29.2,8.31,0.0,200.0,62.44,0.0,221.0,261.0,66.0,0.0,usda,1
167841,"Pork, fresh, loin, top loin (chops), boneless, separable lean and fat, cooked, broiled",26.62,9.14,0.0,196.0,62.92,0.0,230.0,357.0,44.0,0.0,usda,1
167842,"Pork, fresh, loin, top loin (roasts), boneless, separable lean and fat, cooked, roasted",26.45,8.82,0.0,192.0,63.76,0.0,223.0,349.0,46.0,0.0,usda,1
167843,"Pork, fresh, shoulder, whole, separable lean and fat, raw",17.18,17.99,0.0,236.0,64.02,0.0,182.0,302.0,65.0,0.0,usda,1
167844,"Pork, fresh, shoulder, whole, separable lean and fat, cooked, roasted",23.28,21.39,0.0,292.0,54.8,0.0,212.0,329.0,68.0,0.0,usda,1
167845,"Pork, fresh, shoulder, whole, separable lean only, raw",19.55,7.14,0.0,148.0,72.63,0.0,202.0,341.0,76.0,1.25,usda,1
167846,"Pork, fresh, shoulder, whole, separable lean only, cooked, roasted",25.33,13.54,0.0,230.0,60.64,0.0,221.0,346.0,75.0,0.0,usda,1
167847,"Pork, fresh, shoulder, arm picnic, separable lean only, cooked, braised",26.76,8.87,0.0,194.0,63.59,0.0,254.0,382.0,100.0,0.0,usda,1
167848,"Pork, fresh, shoulder, arm picnic, separable lean only, cooked, roasted",26.68,12.62,0.0,228.0,60.27,0.0,247.0,351.0,80.0,1.25,usda,1
167849,"Pork, fresh, shoulder, (Boston butt), blade (steaks), separable lean and fat, raw",17.42,12.36,0.0,186.0,69.18,0.0,190.0,318.0,61.0,0.0,usda,1
167850,"Pork, fresh, shoulder, (Boston butt), blade (steaks), separable lean and fat, cooked, braised",25.07,17.69,0.0,267.0,54.95,0.0,208.0,305.0,58.0,0.0,usda,1
167851,"Pork, fresh, shoulder, blade, boston (steaks), separable lean and fat, cooked, broiled",25.58,16.61,0.0,259.0,57.25,0.0,210.0,326.0,69.0,0.0,usda,1
167852,"Pork, fresh, shoulder, blade, boston (roasts), separable lean only, cooked, roasted",24.21,14.3,0.0,232.0,60.94,0.0,235.0,427.0,88.0,0.0,usda,1
167853,"Pork, fresh, spareribs, separable lean and fat, raw",15.47,23.4,0.0,277.0,59.75,0.0,141.0,242.0,81.0,0.0,usda,1
167854,"Pork, fresh, spareribs, separable lean and fat, cooked, braised",29.06,30.3,0.0,397.0,40.42,0.0,261.0,320.0,93.0,0.0,usda,1
167855,"Pork, fresh, composite of trimmed retail cuts (leg, loin, and shoulder), separable lean only, cooked",27.51,9.21,0.0,201.0,62.53,0.0,231.0,357.0,55.0,0.0,usda,1
167856,"Pork, fresh, variety meats and by-products, chitterlings, cooked, simmered",12.49,20.32,0.0,233.0,67.87,0.0,66.0,14.0,18.0,0.0,usda,1
167857,"Pork, fresh, variety meats and by-products, ears, frozen, raw",22.45,15.1,0.6,234.0,61.25,0.0,41.0,55.0,191.0,1.25,usda,1
167858,"Pork, fresh, variety meats and by-products, ears, frozen, cooked, simmered",15.95,10.8,0.2,166.0,72.65,0.0,24.0,40.0,167.0,1.25,usda,1
167859,"Pork, fresh, variety meats and by-products, feet, raw",23.16,12.59,0.0,212.0,64.99,0.0,75.0,63.0,132.0,0.0,usda,1
167860,"Pork, fresh, variety meats and by-products, kidneys, cooked, braised",25.4,4.7,0.0,151.0,68.7,0.0,240.0,143.0,80.0,1.25,usda,1
167861,"Pork, fresh, variety meats and by-products, leaf fat, raw",1.76,94.16,0.0,857.0,4.09,0.0,19.0,31.0,5.0,1.25,usda,2
167862,"Pork, fresh, variety meats and by-products, liver, raw",21.39,3.65,2.47,134.0,71.06,0.0,288.0,273.0,87.0,1.25,usda,1
167863,"Pork, fresh, variety meats and by-products, liver, cooked, braised",26.02,4.4,3.76,165.0,64.32,0.0,241.0,150.0,49.0,1.25,usda,1
167864,"Pork, fresh, variety meats and by-products, lungs, raw",14.08,2.72,0.0,85.0,79.52,0.0,196.0,303.0,153.0,1.25,usda,1
167865,"Pork, fresh, variety meats and by-products, spleen, raw",17.86,2.59,0.0,100.0,78.43,0.0,260.0,396.0,98.0,1.25,usda,1
167866,"Pork, fresh, variety meats and by-products, spleen, cooked, braised",28.2,3.2,0.0,149.0,66.7,0.0,283.0,227.0,107.0,1.25,usda,1
167867,"Pork, fresh, variety meats and by-products, stomach, raw",16.85,10.14,0.0,159.0,73.5,0.0,130.0,140.0,75.0,0.0,usda,1
167868,"Pork, fresh, loin, blade (chops), bone-in, separable lean only, cooked, pan-fried",26.38,12.14,0.0,222.0,61.13,0.0,237.0,335.0,88.0,0.0,usda,1
167869,"Canadian bacon, unprepared",20.31,2.62,1.34,110.0,72.34,0.0,240.0,683.0,751.0,0.9,usda,1
167870,"Pork, cured, feet, pickled",11.63,10.02,0.01,140.0,75.0,0.0,87.0,13.0,946.0,0.0,usda,1
167871,"Pork, cured, ham, boneless, extra lean (approximately 5% fat), roasted",20.93,5.53,1.5,145.0,67.67,0.0,196.0,287.0,1203.0,0.0,usda,1
167872,"Pork, cured, ham, boneless, regular (approximately 11% fat), roasted",22.62,9.02,0.0,178.0,64.54,0.0,281.0,409.0,1500.0,0.0,usda,1
167873,"Pork, cured, ham, patties, unheated",12.78,28.19,1.69,315.0,54.4,0.0,149.0,239.0,1088.0,1.25,usda,1
167874,"Pork, cured, ham, steak, boneless, extra lean, unheated",19.56,4.25,0.0,122.0,72.24,0.0,260.0,325.0,1269.0,1.25,usda,1
167875,"Pork, cured, ham, whole, separable lean and fat, unheated",18.49,18.52,0.06,246.0,59.71,0.0,201.0,310.0,1284.0,0.0,usda,1
167876,"Pork, cured, ham, whole, separable lean only, unheated",22.32,5.71,0.05,147.0,68.26,0.0,232.0,371.0,1516.0,0.0,usda,1
167877,"Pork, cured, separable fat (from ham and arm picnic), unheated",5.68,61.41,0.09,579.0,31.06,0.0,98.0,105.0,505.0,0.0,usda,1
167878,"Pork, cured, separable fat (from ham and arm picnic), roasted",7.64,61.86,0.0,591.0,28.89,0.0,160.0,164.0,624.0,1.25,usda,1
167879,"Pork, cured, shoulder, arm picnic, separable lean and fat, roasted",20.43,21.35,0.0,280.0,54.73,0.0,221.0,258.0,1072.0,0.0,usda,1
167880,"Pork, cured, shoulder, arm picnic, separable lean only, roasted",24.94,7.04,0.0,170.0,63.86,0.0,243.0,292.0,1231.0,0.0,usda,1
167881,"Pork, fresh, variety meats and by-products, tail, cooked, simmered",17.0,35.8,0.0,396.0,46.7,0.0,47.0,157.0,25.0,1.25,usda,1
167882,"Pork, fresh, loin, center loin (chops), bone-in, separable lean only, cooked, pan-fried",29.56,7.66,0.0,195.0,62.17,0.0,268.0,378.0,99.0,0.0,usda,1
167883,"Pork, fresh, loin, center rib (chops), bone-in, separable lean only, cooked, pan-fried",28.84,9.73,0.0,211.0,61.14,0.0,237.0,335.0,88.0,0.0,usda,1
167884,"Pork, fresh, loin, blade (chops), bone-in, separable lean and fat, cooked, pan-fried",25.02,16.56,0.0,256.0,58.01,0.0,226.0,318.0,85.0,0.0,usda,1
167885,"Pork, cured, ham, extra lean and regular, canned, unheated",17.97,7.46,0.0,144.0,71.12,0.0,207.0,334.0,1276.0,0.0,usda,1
167886,"Pork, cured, ham, extra lean and regular, canned, roasted",20.94,8.43,0.49,167.0,66.52,0.0,221.0,351.0,1068.0,0.0,usda,1
167887,"Pork, fresh, loin, top loin (chops), boneless, separable lean and fat, cooked, pan-fried",29.36,7.86,0.0,196.0,62.62,0.0,283.0,376.0,86.0,0.0,usda,1
167888,"Pork, fresh, composite of trimmed retail cuts (leg, loin, shoulder, and spareribs), separable lean and fat, raw",18.95,14.95,0.0,216.0,65.11,0.0,200.0,335.0,55.0,1.25,usda,1
167889,"Pork, fresh, loin, center rib (chops or roasts), boneless, separable lean and fat, raw",19.9,14.01,0.0,211.0,66.15,0.0,193.0,384.0,42.0,0.0,usda,1
167890,"Pork, fresh, loin, center rib (chops), boneless, separable lean and fat, cooked, braised",26.29,15.79,0.0,255.0,58.15,0.0,172.0,387.0,40.0,1.25,usda,1
167891,"Pork, fresh, loin, center rib (chops), boneless, separable lean and fat, cooked, broiled",27.63,15.76,0.0,260.0,53.37,0.0,237.0,401.0,62.0,1.25,usda,1
167892,"Pork, fresh, loin, center rib (chops), boneless, separable lean and fat, cooked, pan-fried",25.82,18.05,0.0,273.0,56.34,0.0,228.0,428.0,50.0,0.0,usda,1
167893,"Pork, fresh, loin, center rib (chops), boneless, separable lean only, cooked, pan-fried",27.68,11.8,0.0,224.0,60.86,0.0,237.0,454.0,52.0,0.0,usda,1
167894,"Pork, fresh, loin, center rib (roasts), boneless, separable lean only, cooked, roasted",28.81,10.13,0.0,214.0,60.61,0.0,222.0,363.0,50.0,1.25,usda,1
167895,"Pork, fresh, loin, country-style ribs, separable lean and fat, raw",19.34,11.82,0.0,189.0,68.22,0.0,193.0,318.0,63.0,0.0,usda,1
167896,"Pork, fresh, loin, country-style ribs, separable lean and fat, cooked, braised",26.49,17.71,0.0,273.0,53.9,0.0,202.0,288.0,58.0,0.0,usda,1
167897,"Pork, fresh, loin, country-style ribs, separable lean and fat, bone-in, cooked, roasted",21.75,29.46,0.0,359.0,48.38,0.0,214.0,322.0,52.0,0.0,usda,1
167898,"Pork, fresh, loin, sirloin (chops), boneless, separable lean and fat, cooked, braised",28.41,5.47,0.0,171.0,65.78,0.0,291.0,411.0,56.0,0.0,usda,1
167899,"Pork, fresh, loin, sirloin (chops), boneless, separable lean and fat, cooked, broiled",28.19,5.53,0.0,170.0,65.98,0.0,292.0,420.0,65.0,0.0,usda,1
167900,"Pork, fresh, loin, sirloin (roasts), boneless, separable lean and fat, cooked, roasted",29.62,7.32,0.0,192.0,62.82,0.0,304.0,398.0,66.0,0.0,usda,1
167901,"Pork, fresh, loin, sirloin (chops or roasts), boneless, separable lean only, raw",22.81,2.59,0.0,121.0,74.3,0.0,251.0,354.0,63.0,0.0,usda,1
167902,"Pork, fresh, ground, raw",16.88,21.19,0.0,263.0,61.06,0.0,175.0,287.0,56.0,1.25,usda,1
167903,"Pork, fresh, ground, cooked",25.69,20.77,0.0,297.0,52.75,0.0,226.0,362.0,73.0,0.0,usda,1
167904,"Pork, fresh, loin, tenderloin, separable lean and fat, cooked, broiled",29.86,8.11,0.0,201.0,61.09,0.0,290.0,444.0,64.0,1.25,usda,1
167905,"Pork, fresh, loin, tenderloin, separable lean and fat, cooked, roasted",26.04,3.96,0.0,147.0,69.11,0.0,265.0,419.0,57.0,0.0,usda,1
167906,"Pork, fresh, composite of trimmed retail cuts (loin and shoulder blade), separable lean and fat, cooked",26.07,13.66,0.0,235.0,59.43,0.0,222.0,345.0,55.0,0.0,usda,1
167907,"Pork, fresh, composite of trimmed retail cuts (loin and shoulder blade), separable lean only, raw",21.23,5.88,0.0,144.0,72.23,0.0,209.0,384.0,54.0,1.25,usda,1
167908,"Pork, fresh, composite of trimmed retail cuts (loin and shoulder blade), separable lean only, cooked",29.47,9.44,0.0,211.0,60.3,0.0,234.0,377.0,57.0,1.25,usda,1
167912,"Pork, fresh, loin, top loin (chops), boneless, separable lean only, with added solution, cooked, pan-broiled",28.95,5.0,0.0,169.0,64.49,0.0,320.0,517.0,209.0,0.0,usda,1
167913,"Pork, fresh, loin, top loin (chops), boneless, separable lean and fat, with added solution, cooked, pan-broiled",28.35,7.66,0.0,190.0,62.52,0.0,317.0,512.0,205.0,0.0,usda,1
167914,"Pork, cured, bacon, cooked, baked",35.73,43.27,1.35,548.0,12.52,0.0,506.0,539.0,2193.0,0.0,usda,1
167915,"Pork, cured, ham -- water added, rump, bone-in, separable lean only, heated, roasted",21.41,3.56,0.87,121.0,70.92,0.0,246.0,250.0,1150.0,0.84,usda,1
167916,"Pork, cured, ham -- water added, rump, bone-in, separable lean only, unheated",15.43,3.48,0.67,95.0,77.03,0.0,235.0,205.0,1170.0,0.67,usda,1
167917,"Pork, cured, ham -- water added, shank, bone-in, separable lean only, heated, roasted",20.92,4.43,1.2,128.0,69.97,0.0,216.0,241.0,1060.0,0.91,usda,1
167918,"Pork, cured, ham -- water added, slice, bone-in, separable lean only, heated, pan-broil",22.04,4.3,1.48,131.0,68.58,0.0,260.0,289.0,1374.0,1.48,usda,1
167919,"Pork, cured, ham with natural juices, rump, bone-in, separable lean only, heated, roasted",24.14,4.25,0.48,137.0,67.9,0.0,271.0,511.0,861.0,0.48,usda,1
167920,"Pork, cured, ham with natural juices, shank, bone-in, separable lean only, heated, roasted",24.95,4.97,0.34,145.0,66.98,0.0,255.0,458.0,820.0,0.34,usda,1
167924,"Nabisco, Nabisco Snackwell's Fat Free Devil's Food Cookie Cakes",5.0,1.09,74.25,305.0,17.65,1.6,71.0,111.0,174.0,43.38,usda,3
167925,"Crackers, cheese, sandwich-type with cheese filling",8.92,24.41,58.76,490.0,4.81,1.9,288.0,295.0,878.0,12.33,usda,3
167926,"Pancakes, plain, frozen, ready-to-heat, microwave (includes buttermilk)",5.88,4.73,43.33,239.0,43.8,2.5,350.0,122.0,566.0,7.06,usda,3
167927,"Toaster Pastries, fruit, frosted (include apples, blueberry, cherry, strawberry)",4.01,9.02,71.83,385.0,14.04,1.8,71.0,86.0,311.0,31.0,usda,3
167928,"Toaster pastries, fruit, toasted (include apple, blueberry, cherry, strawberry)",4.7,11.03,72.7,409.0,10.46,1.0,76.0,81.0,354.0,28.99,usda,3
167929,"Muffin, blueberry, commercially prepared, low-fat",4.23,4.22,50.05,255.0,39.94,4.2,125.0,96.0,413.0,27.05,usda,3
167930,"Pie crust, refrigerated, regular, baked",3.41,28.69,58.52,506.0,7.96,1.4,52.0,83.0,472.0,1.25,usda,3
167931,"Pie crust, deep dish, frozen, baked, made with enriched flour",6.1,31.84,52.47,521.0,8.26,2.3,77.0,103.0,393.0,1.25,usda,3
167932,"Pie crust, refrigerated, regular, unbaked",2.97,25.46,51.11,445.0,19.25,1.8,45.0,73.0,409.0,1.25,usda,3
167933,"Crackers, whole-wheat, reduced fat",11.34,7.59,75.52,416.0,2.59,10.9,364.0,373.0,745.0,1.22,usda,3
167934,"Crackers, wheat, reduced fat",9.34,13.37,71.52,444.0,2.73,3.4,258.0,210.0,776.0,15.01,usda,3
167935,"Bread, pan dulce, sweet yeast bread",9.42,11.58,56.38,367.0,21.54,2.3,94.0,103.0,228.0,12.5,usda,3
167936,"Keikitos (muffins), Latino bakery item",6.81,25.24,53.16,467.0,12.99,1.2,255.0,90.0,515.0,25.81,usda,3
167937,"Cake, pound, Bimbo Bakeries USA, Panque Casero, home baked style",6.62,21.7,48.94,418.0,21.29,1.0,119.0,101.0,357.0,28.77,usda,3
167938,"Pan Dulce, La Ricura, Salpora de Arroz con Azucar, cookie-like, contains wheat flour and rice flour",8.81,16.11,66.28,445.0,7.12,1.2,297.0,94.0,445.0,21.86,usda,3
167939,"Garlic bread, frozen",8.36,16.61,41.72,350.0,31.78,2.5,87.0,103.0,544.0,3.69,usda,3
167940,"Cinnamon buns, frosted (includes honey buns)",4.45,26.61,48.6,452.0,18.98,1.2,131.0,102.0,305.0,25.7,usda,3
167941,"Crackers, cheese, reduced fat",10.0,11.67,68.19,418.0,7.3,3.3,162.0,141.0,1167.0,0.0,usda,3
167942,"Crackers, saltines, whole wheat (includes multi-grain)",7.14,10.71,68.25,398.0,9.85,6.7,196.0,221.0,1214.0,0.0,usda,3
167943,"Bread, potato",12.5,3.13,47.07,266.0,33.55,6.3,369.0,718.0,375.0,9.38,usda,3
167944,"Bread, cheese",10.42,20.83,44.83,408.0,21.13,2.1,120.0,84.0,750.0,2.08,usda,3
167945,"Focaccia, Italian flatbread, plain",8.77,7.89,35.82,249.0,45.91,1.8,128.0,114.0,561.0,1.75,usda,3
167946,"SCHIFF,TIGER'S MILK BAR",16.8,14.29,56.46,387.0,10.28,2.3,560.0,294.0,168.0,36.4,usda,3
167947,"Candies, TOBLERONE, milk chocolate with honey and almond nougat",5.71,28.57,61.21,489.0,3.28,2.5,145.0,260.0,54.0,55.74,usda,3
167948,"Snacks, corn-based, extruded, onion-flavor",7.7,22.6,65.1,499.0,2.0,3.9,72.0,143.0,950.0,4.83,usda,3
167949,"Snacks, corn-based, extruded, puffs or twists, cheese-flavor",5.46,36.54,54.54,567.0,0.56,0.8,126.0,180.0,928.0,3.57,usda,3
167950,"Snacks, KRAFT, CORNNUTS, plain",8.5,15.64,71.86,446.0,1.3,6.9,275.0,278.0,564.0,0.61,usda,3
167951,"Snacks, crisped rice bar, chocolate chip",5.1,13.5,73.0,404.0,7.0,2.2,134.0,168.0,278.0,1.25,usda,3
167952,"Snacks, granola bars, hard, chocolate chip",7.3,16.3,72.1,438.0,2.4,4.4,204.0,251.0,344.0,1.25,usda,3
167953,Fruit syrup,0.0,0.0,85.13,341.0,14.74,0.1,0.0,7.0,0.0,53.0,usda,2
167954,"Snacks, granola bars, soft, uncoated, plain",7.4,17.2,67.3,443.0,6.4,4.6,230.0,325.0,278.0,1.25,usda,3
167955,"Snacks, granola bars, soft, uncoated, peanut butter",10.5,15.8,64.4,426.0,7.3,4.3,250.0,291.0,409.0,1.25,usda,3
167956,"Topping, SMUCKER'S MAGIC SHELL",2.94,44.1,50.07,609.0,0.25,2.9,54.0,73.0,29.0,47.06,usda,3
167957,"Syrup, fruit flavored",0.0,0.02,65.1,261.0,34.82,0.0,0.0,1.0,0.0,65.0,usda,2
167958,"Snacks, oriental mix, rice-based",17.31,25.58,51.62,506.0,2.55,13.2,262.0,328.0,413.0,3.0,usda,3
167959,"Snacks, popcorn, air-popped",12.94,4.54,77.78,387.0,3.32,14.5,358.0,329.0,8.0,0.87,usda,3
167960,"Snacks, popcorn, cheese-flavor",9.3,33.2,51.6,526.0,2.5,9.9,361.0,261.0,889.0,0.79,usda,3
167961,"Snacks, pork skins, plain",61.3,31.3,0.0,544.0,1.8,0.0,85.0,127.0,1818.0,0.0,usda,1
167962,"Snacks, potato chips, barbecue-flavor",6.51,31.06,55.92,487.0,2.48,3.8,145.0,1186.0,545.0,5.47,usda,3
167963,"Snacks, potato chips, sour-cream-and-onion-flavor",8.1,33.9,51.5,531.0,1.8,5.2,176.0,1331.0,549.0,1.25,usda,3
167964,"Snacks, M&M MARS, COMBOS Snacks Cheddar Cheese Pretzel",9.85,16.92,66.5,463.0,1.67,3.6,143.0,130.0,1117.0,17.6,usda,3
167965,"Snacks, pretzels, hard, whole-wheat including both salted and unsalted",11.1,2.6,81.3,362.0,3.9,7.7,125.0,430.0,203.0,1.25,usda,3
167966,"Snacks, rice cracker brown rice, plain",8.2,2.8,81.5,387.0,5.8,4.2,360.0,290.0,166.0,0.89,usda,3
167967,"Snacks, rice cakes, brown rice, buckwheat",9.0,3.5,80.1,380.0,5.9,3.8,380.0,299.0,116.0,1.25,usda,3
167968,"Snacks, trail mix, tropical",6.3,17.1,65.6,442.0,9.0,0.2,186.0,709.0,95.0,1.25,usda,3
167969,"Snacks, trail mix, regular, with chocolate chips, salted nuts and seeds",14.2,31.9,44.9,484.0,6.6,5.0,387.0,648.0,121.0,23.88,usda,3
167970,"Snacks, tortilla chips, taco-flavor",7.9,24.2,63.1,480.0,1.6,5.3,239.0,217.0,787.0,1.25,usda,3
167971,"Candies, TOOTSIE ROLL, chocolate-flavor roll",1.59,3.31,87.73,387.0,6.69,0.1,57.0,116.0,44.0,56.32,usda,3
167972,"Candies, butterscotch",0.03,3.3,90.4,391.0,5.25,0.0,1.0,3.0,391.0,80.46,usda,2
167973,"Candies, carob, unsweetened",8.15,31.36,56.29,540.0,1.54,3.8,126.0,633.0,107.0,34.11,usda,3
167974,"Candies, caramels",4.6,8.1,77.0,382.0,8.5,0.0,114.0,214.0,245.0,65.5,usda,3
167975,"Candies, CARAMELLO Candy Bar",6.19,21.19,63.81,462.0,6.79,1.2,150.0,341.0,122.0,56.92,usda,3
167976,"Candies, semisweet chocolate",4.2,30.0,63.9,480.0,0.7,5.9,132.0,365.0,11.0,54.5,usda,3
167977,"Candies, sweet chocolate",3.9,34.2,60.4,507.0,0.5,5.5,147.0,290.0,16.0,51.48,usda,3
167978,"Candies, sweet chocolate coated fondant",2.2,9.3,80.4,366.0,7.7,2.1,95.0,168.0,26.0,71.42,usda,3
167980,"Candies, confectioner's coating, butterscotch",2.2,29.05,67.1,539.0,0.75,0.0,31.0,64.0,89.0,67.1,usda,3
167981,"Ice creams, french vanilla, soft-serve",4.1,13.0,22.2,222.0,59.8,0.7,116.0,177.0,61.0,21.16,usda,3
167982,"Candies, YORK Peppermint Pattie",2.19,7.17,80.99,384.0,9.03,2.0,0.0,111.0,28.0,63.78,usda,3
167983,"Candies, TWIZZLERS NIBS CHERRY BITS",2.3,2.64,79.37,347.0,15.0,0.6,24.0,37.0,195.0,51.35,usda,3
167984,"Candies, SYMPHONY Milk Chocolate Bar",8.51,30.57,58.01,531.0,0.94,1.7,206.0,438.0,101.0,53.96,usda,3
167985,"Candies, 5TH AVENUE Candy Bar",8.78,23.98,62.68,482.0,2.3,3.1,141.0,347.0,225.0,47.19,usda,3
167986,"Candies, fondant, prepared-from-recipe",0.0,0.02,93.18,373.0,6.74,0.0,0.0,4.0,11.0,88.9,usda,2
167987,"Candies, fudge, chocolate, prepared-from-recipe",2.39,10.41,76.7,410.0,9.81,1.7,71.0,134.0,45.0,73.12,usda,3
167988,"Candies, fudge, chocolate, with nuts, prepared-from-recipe",4.38,18.93,68.15,460.0,7.66,2.5,114.0,183.0,39.0,63.37,usda,3
167989,"Candies, gumdrops, starch jelly pieces",0.0,0.0,98.9,396.0,1.0,0.1,1.0,5.0,44.0,58.97,usda,2
167990,"Candies, hard",0.0,0.2,98.0,394.0,1.3,0.0,3.0,5.0,38.0,62.9,usda,2
167991,"Candies, jellybeans",0.0,0.05,93.55,375.0,6.3,0.2,4.0,37.0,50.0,70.0,usda,0
167992,"Candies, KIT KAT Wafer Bar",6.51,25.99,64.59,518.0,1.63,1.0,135.0,231.0,54.0,48.68,usda,3
167993,"Candies, KRACKEL Chocolate Bar",6.62,26.58,64.34,523.0,1.17,2.2,123.0,325.0,196.0,52.53,usda,3
167994,"Candies, MARS SNACKFOOD US, MARS Almond Bar",8.1,23.0,62.7,467.0,4.5,2.0,234.0,325.0,170.0,52.1,usda,3
167995,"Candies, marshmallows",1.8,0.2,81.3,318.0,16.4,0.1,8.0,5.0,80.0,57.56,usda,0
167996,"Candies, halavah, plain",12.49,21.52,60.49,469.0,3.67,4.5,607.0,187.0,195.0,1.25,usda,3
167997,"Candies, NESTLE, OH HENRY! Bar",7.7,23.0,65.5,462.0,2.3,1.9,140.0,259.0,193.0,46.2,usda,3
167998,"Puddings, chocolate, dry mix, instant, prepared with 2% milk",3.15,1.92,18.89,105.0,74.59,0.4,238.0,168.0,284.0,1.25,usda,0
167999,"Baking chocolate, mexican, squares",3.64,15.59,77.41,426.0,1.59,4.0,142.0,397.0,3.0,69.4,usda,3
168000,Chocolate-flavored hazelnut spread,5.41,29.73,62.36,539.0,1.07,5.4,152.0,407.0,41.0,54.05,usda,3
168001,"Candies, milk chocolate coated peanuts",13.1,33.5,49.7,519.0,1.9,4.7,212.0,502.0,41.0,37.59,usda,3
168002,"Glutino, Gluten Free Wafers, Lemon Flavored",0.0,24.18,74.39,515.0,1.12,0.0,39.0,36.0,111.0,42.31,usda,3
168003,"Glutino, Gluten Free Wafers, Milk Chocolate",4.06,30.42,62.82,541.0,1.37,1.6,144.0,340.0,122.0,40.99,usda,3
168004,"Mary's Gone Crackers, Original Crackers, Organic Gluten Free",12.06,15.63,64.29,446.0,4.29,16.2,422.0,477.0,587.0,1.0,usda,3
168005,"Pepperidge Farm, Goldfish, Baked Snack Crackers, Cheddar",11.71,16.11,66.2,457.0,3.17,0.2,177.0,199.0,874.0,0.69,usda,3
168006,"Pepperidge Farm, Goldfish, Baked Snack Crackers, Explosive Pizza",9.56,16.82,67.2,458.0,3.5,0.2,118.0,296.0,868.0,2.4,usda,3
168007,"Sage Valley, Gluten Free Vanilla Sandwich Cookies",3.13,22.15,71.88,499.0,2.06,1.0,47.0,144.0,212.0,43.94,usda,3
168008,"Schar, Gluten-Free, Classic White Rolls",3.34,2.65,50.47,239.0,42.0,5.1,50.0,76.0,593.0,6.87,usda,3
168009,"Schar, Gluten-Free, Wheat-Free, Classic White Bread",3.81,4.47,46.13,240.0,43.87,5.1,55.0,66.0,441.0,3.34,usda,3
168010,"Udi's, Gluten Free, Classic French Dinner Rolls",7.99,6.4,55.1,310.0,28.3,3.6,126.0,161.0,707.0,9.53,usda,3
168011,"Van's, Gluten Free, Totally Original Waffles",2.99,8.22,40.54,248.0,46.22,0.2,345.0,121.0,508.0,1.73,usda,3
168012,"Van's, The Perfect 10, Crispy Six Whole Grain + Four Seed Baked Crackers, Gluten Free",7.63,18.93,67.57,471.0,3.09,0.2,269.0,255.0,730.0,1.25,usda,3
168013,"Bread, multi-grain (includes whole-grain)",13.36,4.23,43.34,265.0,36.94,7.4,228.0,230.0,381.0,6.39,usda,3
168014,"Cookies, animal crackers (includes arrowroot, tea biscuits)",6.9,13.8,74.1,446.0,3.9,1.1,114.0,100.0,335.0,23.3,usda,3
168027,"Soup, fish, homemade (Alaska Native)",7.4,2.2,5.6,72.0,84.0,0.2,112.0,128.0,30.0,1.25,usda,0
168033,"Fish, whitefish, mixed species, raw (Alaska Native)",18.9,6.1,0.0,131.0,72.8,0.2,280.0,317.0,51.0,1.25,usda,1
168037,"Corn, white, steamed (Navajo)",9.72,5.18,75.2,386.0,8.09,16.6,312.0,532.0,4.0,6.47,usda,3
168038,"Cornmeal, white (Navajo)",10.99,5.04,77.14,398.0,5.42,10.4,280.0,443.0,4.0,1.46,usda,3
168039,"Cornmeal, yellow (Navajo)",9.85,5.88,72.9,384.0,10.15,9.4,225.0,322.0,4.0,1.56,usda,3
168040,"Squash, Indian, raw (Navajo)",0.52,0.2,5.64,26.0,93.35,0.2,12.0,205.0,20.0,3.54,usda,0
168041,"Tortilla, includes plain and from mutton sandwich (Navajo)",7.28,0.95,49.94,237.0,39.96,2.4,146.0,105.0,482.0,2.75,usda,3
168042,"Stew, dumpling with mutton (Navajo)",8.71,3.78,8.03,101.0,79.21,0.2,63.0,82.0,46.0,0.21,usda,1
168043,"Stew, hominy with mutton (Navajo)",6.71,2.06,9.38,83.0,81.58,2.0,82.0,118.0,45.0,0.11,usda,0
168044,"Stew, mutton, corn, squash (Navajo)",8.62,4.34,7.27,103.0,76.13,1.7,111.0,199.0,49.0,0.61,usda,1
168045,"Fish, salmon, sockeye (red), raw (Alaska Native)",21.94,7.28,0.0,153.0,69.64,0.0,240.0,360.0,60.0,0.0,usda,1
168046,"Fish, Salmon, Chum, raw (Alaska Native)",20.69,3.67,0.0,116.0,72.34,0.0,230.0,370.0,59.0,0.0,usda,1
168047,"Fish, salmon, king (chinook), raw (Alaska Native)",20.25,11.73,0.0,187.0,65.96,0.0,208.0,370.0,48.0,0.0,usda,1
168048,"Salmonberries, raw (Alaska Native)",0.85,0.33,10.05,47.0,88.21,1.9,27.0,110.0,14.0,3.66,usda,0
168049,"Caribou, shoulder meat, dried (Alaska Native)",59.38,3.67,0.0,271.0,33.81,0.0,550.0,810.0,950.0,0.0,usda,1
168050,"Caribou, hind quarter meat, raw (Alaska Native)",22.63,3.37,0.0,122.0,72.6,0.0,230.0,320.0,52.0,0.0,usda,1
168051,"Seal, bearded (Oogruk), meat, dried, in oil (Alaska Native)",35.31,25.08,0.0,367.0,35.48,0.0,240.0,400.0,120.0,0.0,usda,1
168052,"Fish, whitefish, dried (Alaska Native)",62.44,13.44,0.0,371.0,20.59,0.0,1040.0,1080.0,200.0,0.0,usda,1
168053,"Seal, bearded (Oogruk), meat, low quadrant, raw (Alaska Native)",23.63,10.17,0.0,186.0,63.35,0.0,140.0,210.0,57.0,0.0,usda,1
168054,"Fish, salmon, chum, dried (Alaska Native)",62.09,14.38,0.0,378.0,22.79,0.0,650.0,910.0,190.0,0.0,usda,1
168055,"Elk, free range, ground, cooked patties (Shoshone Bannock)",29.45,2.8,0.0,143.0,67.78,0.2,236.0,379.0,56.0,0.0,usda,1
168056,"Elk, free range, ground, raw (Shoshone Bannock)",20.14,1.8,0.0,97.0,75.68,0.0,196.0,328.0,49.0,0.0,usda,1
168057,"Elk, free range, roast, eye of round, cooked (Shoshone Bannock)",30.56,2.85,0.0,148.0,64.58,0.0,236.0,369.0,50.0,0.0,usda,1
168058,"Chokecherries, raw, pitted (Shoshone Bannock)",2.89,0.98,33.88,156.0,61.5,17.0,45.0,309.0,2.0,14.22,usda,0
168059,"Steelhead trout, dried, flesh (Shoshone Bannock)",77.27,8.06,0.0,382.0,6.49,0.0,976.0,1720.0,2850.0,0.0,usda,1
168060,"Steelhead trout, boiled, canned (Alaska Native)",21.11,8.26,0.0,159.0,70.59,0.0,249.0,365.0,118.0,0.0,usda,1
168061,Acorn stew (Apache),6.81,3.47,9.22,95.0,79.78,0.7,62.0,110.0,130.0,0.34,usda,0
168062,"Restaurant, Italian, chicken parmesan without pasta",16.17,10.64,10.92,204.0,59.88,0.9,227.0,293.0,536.0,2.79,usda,1
168063,"Restaurant, Latino, arroz con leche (rice pudding)",3.2,3.69,24.92,146.0,67.39,0.5,83.0,142.0,106.0,15.26,usda,0
168064,"Restaurant, Latino, Arroz con frijoles negros (rice and black beans)",4.64,3.85,24.4,151.0,65.47,3.4,87.0,224.0,420.0,0.86,usda,3
168065,"Restaurant, Latino, Arroz con habichuelas colorados (Rice And Red Beans)",3.96,3.46,23.74,142.0,67.27,2.6,75.0,194.0,370.0,0.15,usda,0
168066,"Restaurant, Latino, Arroz con grandules (rice and pigeonpeas)",3.5,4.98,30.75,182.0,58.87,1.4,54.0,84.0,583.0,1.25,usda,3
168067,"Restaurant, Latino, tamale, pork",7.35,9.04,15.75,174.0,66.03,2.4,120.0,152.0,473.0,0.46,usda,3
168068,"Restaurant, Latino, black bean soup",5.1,2.57,14.79,103.0,75.91,4.9,109.0,340.0,311.0,0.89,usda,3
168069,"Restaurant, Latino, tripe soup",8.61,2.58,4.07,74.0,83.41,0.2,42.0,81.0,411.0,1.25,usda,0
168070,"Restaurant, Latino, arepa (unleavened cornmeal bread)",5.48,5.38,37.14,219.0,50.8,2.6,117.0,88.0,270.0,0.87,usda,3
168071,"Restaurant, Latino, bunuelos (fried yeast bread)",8.02,26.24,48.57,462.0,15.3,1.5,157.0,104.0,418.0,12.24,usda,3
168072,"Restaurant, Chinese, beef and vegetables",7.08,5.3,7.29,105.0,78.82,1.5,76.0,204.0,409.0,2.41,usda,1
168073,"CRACKER BARREL, chicken tenderloin platter, fried, from kid's menu",18.67,15.41,20.24,294.0,42.61,1.0,275.0,330.0,871.0,0.19,usda,1
168074,"CRACKER BARREL, country fried shrimp platter",12.62,16.77,21.4,287.0,46.08,0.3,210.0,86.0,1050.0,1.25,usda,1
168075,"CRACKER BARREL, farm raised catfish platter",22.94,17.05,5.31,266.0,52.32,1.6,470.0,434.0,414.0,1.25,usda,1
168076,"DENNY'S, mozzarella cheese sticks",13.56,17.87,27.22,324.0,37.63,1.6,358.0,121.0,1008.0,2.83,usda,3
168077,"DENNY'S, golden fried shrimp",13.88,20.01,20.93,319.0,41.05,1.5,498.0,128.0,1400.0,0.75,usda,3
168078,"DENNY'S, macaroni & cheese, from kid's menu",5.19,4.92,21.16,150.0,67.38,1.2,113.0,165.0,300.0,4.2,usda,3
168079,"DENNY'S, chicken nuggets, star shaped, from kid's menu",16.27,28.57,13.59,377.0,39.25,0.8,254.0,244.0,644.0,0.0,usda,1
168080,"Restaurant, Chinese, shrimp and vegetables",5.9,4.05,4.52,78.0,84.06,1.4,74.0,192.0,375.0,2.16,usda,0
168081,"Restaurant, Chinese, sweet and sour chicken",10.1,12.65,23.86,250.0,52.17,1.0,135.0,158.0,246.0,11.47,usda,3
168082,"Restaurant, Chinese, sweet and sour pork",8.91,15.66,23.34,270.0,50.84,1.0,133.0,152.0,304.0,10.34,usda,3
168083,"Restaurant, Chinese, chicken chow mein",6.76,2.8,8.29,85.0,81.01,1.0,54.0,124.0,311.0,1.74,usda,0
168084,"Restaurant, Chinese, vegetable chow mein, without meat or noodles",1.34,1.68,5.74,43.0,90.08,1.2,30.0,136.0,344.0,2.63,usda,0
168085,"OLIVE GARDEN, spaghetti with meat sauce",5.8,3.28,17.19,121.0,72.75,1.7,60.0,164.0,209.0,1.67,usda,0
168086,"CARRABBA'S ITALIAN GRILL, spaghetti with meat sauce",5.87,3.92,15.71,122.0,73.32,1.5,58.0,187.0,270.0,1.96,usda,0
168087,"Restaurant, Chinese, sesame chicken",14.33,14.25,26.88,293.0,42.8,0.7,130.0,204.0,482.0,15.98,usda,3
168088,"Syrups, grenadine",0.0,0.0,66.91,268.0,32.4,0.0,4.0,28.0,27.0,46.55,usda,0
168089,"Imitation cheese, american or cheddar, low cholesterol",25.0,32.0,1.0,390.0,38.0,0.0,530.0,55.0,670.0,1.0,usda,1
168090,"Babyfood, banana juice with low fat yogurt",2.5,0.8,17.54,86.0,78.5,0.4,65.0,160.0,37.0,13.28,usda,0
168091,"Babyfood, mixed fruit juice with low fat yogurt",2.4,0.8,14.68,74.0,81.5,0.4,60.0,137.0,36.0,10.8,usda,0
168092,"Ham, turkey, sliced, extra lean, prepackaged or deli",19.6,5.8,0.93,134.0,72.0,0.0,304.0,299.0,1038.0,0.5,usda,1
168093,"Salad dressing, peppercorn dressing, commercial, regular",1.2,61.4,3.5,564.0,31.9,0.0,26.0,176.0,1103.0,2.45,usda,1
168094,"Mayonnaise, reduced-calorie or diet, cholesterol-free",0.9,33.3,6.7,333.0,56.0,0.0,0.0,67.0,733.0,4.2,usda,0
168095,"Granola bar, soft, milk chocolate coated, peanut butter",9.6,31.2,54.1,536.0,3.2,3.8,227.0,339.0,193.0,23.63,usda,3
168096,"Salad dressing, italian dressing, reduced calorie",0.3,20.0,6.7,200.0,70.0,0.2,7.0,33.0,1074.0,1.94,usda,0
168097,"Cream substitute, liquid, light",0.8,3.5,9.1,71.0,86.2,0.0,75.0,177.0,60.0,9.1,usda,0
168098,"Cheese, monterey, low fat",28.2,21.6,0.7,313.0,46.0,0.0,444.0,81.0,781.0,0.56,usda,1
168099,"Creamy dressing, made with sour cream and/or buttermilk and oil, reduced calorie, fat-free",1.4,2.7,20.0,107.0,74.7,0.0,77.0,133.0,897.0,5.35,usda,0
168100,"Creamy dressing, made with sour cream and/or buttermilk and oil, reduced calorie, cholesterol-free",1.0,8.0,16.0,140.0,73.0,0.0,100.0,49.0,932.0,3.28,usda,0
168101,"Bologna, beef, low fat",11.8,14.8,5.2,204.0,65.0,0.0,178.0,147.0,821.0,0.0,usda,1
168102,"Candies, MARS SNACKFOOD US, TWIX chocolate fudge cookie bars",7.3,33.3,56.0,553.0,2.2,3.0,147.0,309.0,266.0,53.0,usda,3
168103,"Frozen yogurts, chocolate, nonfat milk, sweetened without sugar",4.4,0.8,19.7,107.0,73.5,2.0,129.0,339.0,81.0,12.61,usda,0
168104,"Frozen yogurts, chocolate",3.0,3.6,21.6,131.0,71.2,2.3,89.0,234.0,63.0,19.24,usda,0
168105,"Frozen yogurts, flavors other than chocolate",3.0,3.6,21.6,127.0,71.2,0.0,89.0,156.0,63.0,19.92,usda,0
168106,Papad,25.56,3.25,59.87,371.0,3.49,18.6,385.0,1000.0,1745.0,0.0,usda,3
168107,"Rice cake, cracker (include hain mini rice cakes)",7.1,4.3,81.1,392.0,5.8,4.2,360.0,428.0,71.0,0.88,usda,3
168108,"Candies, MARS SNACKFOOD US, M&M's Almond Chocolate Candies",7.53,27.76,60.5,522.0,2.52,5.6,203.0,381.0,45.0,49.22,usda,3
168109,"Salad Dressing, coleslaw, reduced fat",0.0,20.0,40.0,329.0,37.0,0.4,30.0,50.0,1600.0,38.73,usda,3
168110,"Pork, cured, ham, low sodium, lean and fat, cooked",22.3,8.3,0.3,172.0,65.1,0.0,265.0,386.0,969.0,0.0,usda,1
168111,"Pork, cured, ham, boneless, low sodium, extra lean (approximately 5% fat), roasted",20.9,5.5,1.5,145.0,67.7,0.0,196.0,287.0,969.0,0.0,usda,1
168112,"Salad dressing, mayonnaise and mayonnaise-type, low calorie",0.9,19.0,23.9,263.0,54.3,0.0,30.0,24.0,837.0,4.34,usda,0
168113,"Frozen novelties, juice type, orange",0.5,0.0,23.17,95.0,76.1,0.1,13.0,100.0,8.0,19.99,usda,0
168114,"Cheese, cottage, lowfat, 1% milkfat, no sodium added",12.4,1.0,2.7,72.0,83.5,0.0,134.0,86.0,13.0,2.7,usda,0
168115,"Mayonnaise, low sodium, low calorie or diet",0.3,19.2,16.0,231.0,62.7,0.0,0.0,10.0,110.0,4.2,usda,2
168116,"Snacks, tortilla chips, unsalted, white corn",7.79,23.36,65.32,503.0,2.09,5.3,200.0,215.0,15.0,1.0,usda,3
168117,"Cranberry juice, unsweetened",0.39,0.13,12.2,46.0,87.13,0.1,13.0,77.0,2.0,12.1,usda,0
168118,"Beef, bologna, reduced sodium",11.7,28.4,2.0,310.0,54.8,0.0,82.0,155.0,682.0,0.0,usda,1
168119,"Turnip greens, canned, no salt added",1.36,0.3,2.81,19.0,94.69,1.3,21.0,141.0,29.0,0.42,usda,0
168120,"Turkey, light or dark meat, smoked, cooked, with skin, bone removed",28.1,9.7,0.0,208.0,61.7,0.0,203.0,280.0,996.0,0.0,usda,1
168121,"Cheese, pasteurized process, cheddar or American, low sodium",22.2,31.19,1.6,376.0,42.8,0.0,745.0,162.0,7.0,0.45,usda,1
168122,"Beverages, coffee, instant, with whitener, reduced calorie",1.96,29.1,59.94,509.0,6.16,0.5,135.0,909.0,0.0,59.0,usda,3
168123,"Beverages, cranberry-apple juice drink, low calorie, with vitamin C added",0.1,0.0,4.7,19.0,95.2,0.1,1.0,45.0,5.0,4.6,usda,0
168124,"Cheese, swiss, low sodium",28.4,27.4,3.4,374.0,37.8,0.0,605.0,111.0,14.0,1.31,usda,1
168125,"Babyfood, dinner, macaroni, beef and tomato sauce, toddler",4.34,1.9,11.53,82.0,81.81,1.1,49.0,148.0,35.0,0.37,usda,0
168126,"Rolls, pumpernickel",10.8,2.8,51.87,276.0,32.0,5.4,171.0,208.0,492.0,0.4,usda,3
168127,"Snacks, corn-based, extruded, chips, unsalted",6.6,33.4,57.4,557.0,1.0,4.4,184.0,185.0,15.0,1.41,usda,3
168128,"Beans, baked, canned, no salt added",4.8,0.4,20.49,105.0,72.6,5.5,104.0,296.0,1.0,7.78,usda,0
168129,"Jellyfish, dried, salted",5.5,1.4,0.0,36.0,68.0,0.0,20.0,3.0,9690.0,0.0,usda,0
168130,"Frozen novelties, ice cream type, chocolate or caramel covered, with nuts",4.4,20.2,30.9,323.0,43.1,0.6,114.0,238.0,92.0,30.0,usda,3
168131,"Frankfurter, low sodium",12.0,28.51,1.8,312.0,56.7,0.0,87.0,166.0,311.0,0.0,usda,1
168132,"Frozen novelties, ice type, pop, with low calorie sweetener",0.0,0.0,5.92,24.0,94.03,0.0,0.0,11.0,10.0,1.52,usda,0
168133,"Babyfood, dessert, peach yogurt",0.9,0.18,17.6,77.0,80.87,0.4,27.0,102.0,14.0,11.11,usda,0
168134,"Babyfood, dessert, blueberry yogurt, strained",0.5,0.7,17.05,77.0,81.4,0.4,109.0,62.0,14.0,13.62,usda,0
168135,"Babyfood, dessert, banana yogurt, strained",1.1,0.52,17.35,78.0,80.7,0.5,28.0,100.0,14.0,12.2,usda,0
168136,"Ice creams, chocolate, rich",4.72,16.98,19.78,251.0,57.52,0.9,115.0,238.0,57.0,17.35,usda,3
168137,"Snacks, tortilla chips, light (baked with less oil)",8.7,15.2,73.4,465.0,1.3,5.7,318.0,272.0,400.0,0.53,usda,3
168138,"Cereals ready-to-eat, POST, HONEY BUNCHES OF OATS, honey roasted",7.12,5.46,81.19,401.0,5.0,4.2,156.0,209.0,454.0,19.79,usda,3
168139,"Popcorn, microwave, low fat and sodium",12.6,9.5,73.39,429.0,2.8,14.2,264.0,241.0,490.0,0.54,usda,3
168140,"Babyfood, fruit supreme dessert",0.5,0.2,17.18,73.0,81.6,2.0,9.0,129.0,1.0,14.87,usda,0
168141,"Cheese, swiss, low fat",28.4,5.1,3.4,179.0,59.6,0.0,605.0,111.0,199.0,1.33,usda,1
168142,"Sweeteners, tabletop, fructose, liquid",0.0,0.0,76.1,279.0,23.9,0.1,0.0,0.0,2.0,76.0,usda,2
168143,"Puddings, chocolate flavor, low calorie, instant, dry mix",5.3,2.4,78.2,356.0,4.2,6.1,1660.0,1279.0,2838.0,0.7,usda,3
168144,"Babyfood, grape juice, no sugar, canned",0.0,0.0,15.38,62.0,84.4,0.0,11.0,90.0,10.0,15.3,usda,0
168145,"Jellies, reduced sugar, home preserved",0.3,0.03,46.1,179.0,53.0,0.8,6.0,71.0,2.0,45.3,usda,0
168146,"Puddings, all flavors except chocolate, low calorie, instant, dry mix",0.81,0.9,84.66,350.0,6.84,0.8,2368.0,30.0,3750.0,0.9,usda,3
168147,Vital wheat gluten,75.16,1.85,13.79,370.0,8.2,0.6,260.0,100.0,29.0,0.0,usda,1
168148,"Frog legs, raw",16.4,0.3,0.0,73.0,81.9,0.0,147.0,285.0,58.0,0.0,usda,1
168149,"Fish, mackerel, salted",18.5,25.1,0.0,305.0,43.0,0.0,254.0,520.0,4450.0,0.0,usda,1
168150,"Java-plum, (jambolan), raw",0.72,0.23,15.56,60.0,83.13,0.2,17.0,79.0,14.0,1.25,usda,0
168151,"Jujube, raw",1.2,0.2,20.23,79.0,77.86,0.2,23.0,250.0,3.0,1.25,usda,0
168152,"Jujube, Chinese, fresh, dried",4.72,0.5,72.52,281.0,20.19,6.0,68.0,217.0,5.0,1.25,usda,3
168153,"Kiwifruit, green, raw",1.14,0.52,14.66,61.0,83.07,3.0,34.0,312.0,3.0,8.99,usda,0
168154,"Kumquats, raw",1.88,0.86,15.9,71.0,80.85,6.5,19.0,186.0,10.0,9.36,usda,0
168155,"Limes, raw",0.7,0.2,10.54,30.0,88.26,2.8,18.0,102.0,2.0,1.69,usda,0
168156,"Lime juice, raw",0.42,0.07,8.42,25.0,90.79,0.4,14.0,117.0,2.0,1.69,usda,0
168157,"Lime juice, canned or bottled, unsweetened",0.25,0.23,6.69,21.0,92.52,0.4,10.0,75.0,16.0,1.37,usda,0
168158,"Blueberries, dried, sweetened",2.5,2.5,80.0,317.0,14.8,7.5,36.0,214.0,3.0,67.5,usda,3
168159,"Prunes, canned, heavy syrup pack, solids and liquids",0.87,0.2,27.8,105.0,70.67,3.8,26.0,226.0,3.0,1.25,usda,0
168160,"Prunes, dehydrated (low-moisture), uncooked",3.7,0.73,89.07,339.0,4.0,0.2,112.0,1058.0,5.0,1.25,usda,3
168161,"Prunes, dehydrated (low-moisture), stewed",1.23,0.24,29.7,113.0,67.99,0.2,37.0,353.0,2.0,1.25,usda,0
168162,"Plums, dried (prunes), uncooked",2.18,0.38,63.88,240.0,30.92,7.1,69.0,732.0,2.0,38.13,usda,3
168163,"Quinces, raw",0.4,0.1,15.3,57.0,83.8,1.9,17.0,197.0,4.0,1.25,usda,0
168164,"Raisins, golden, seedless",3.28,0.2,80.02,301.0,14.9,3.3,101.0,746.0,24.0,65.7,usda,3
168165,"Raisins, dark, seedless (Includes foods for USDA's Food Distribution Program)",3.3,0.25,79.32,299.0,15.46,4.5,98.0,744.0,26.0,65.18,usda,3
168166,"Raisins, seeded",2.52,0.54,78.47,296.0,16.57,6.8,75.0,825.0,28.0,1.25,usda,3
168167,"Rambutan, canned, syrup pack",0.65,0.21,20.87,82.0,78.04,0.9,9.0,42.0,11.0,1.25,usda,0
168168,"Rhubarb, frozen, uncooked",0.55,0.11,5.1,21.0,93.51,1.8,12.0,108.0,2.0,1.1,usda,0
168169,"Rhubarb, frozen, cooked, with sugar",0.39,0.05,31.2,116.0,67.79,2.0,8.0,96.0,1.0,28.7,usda,0
168170,"Roselle, raw",0.96,0.64,11.31,49.0,86.58,0.2,37.0,208.0,6.0,1.25,usda,0
168171,"Rose-apples, raw",0.6,0.3,5.7,25.0,93.0,0.2,8.0,123.0,0.0,1.25,usda,0
168172,"Strawberries, canned, heavy syrup pack, solids and liquids",0.56,0.26,23.53,92.0,75.35,1.7,12.0,86.0,4.0,21.83,usda,0
168173,"Strawberries, frozen, unsweetened (Includes foods for USDA's Food Distribution Program)",0.43,0.11,9.13,35.0,89.97,2.1,13.0,148.0,2.0,4.56,usda,0
168174,"Strawberries, frozen, sweetened, sliced",0.53,0.13,25.92,96.0,73.18,1.9,13.0,98.0,3.0,24.01,usda,0
168175,"Sugar-apples, (sweetsop), raw",2.06,0.29,23.64,94.0,73.23,4.4,32.0,247.0,9.0,1.25,usda,0
168176,"Feijoa, raw",0.71,0.42,15.21,61.0,83.28,6.4,19.0,172.0,3.0,8.2,usda,0
168177,"Pears, asian, raw",0.5,0.23,10.65,42.0,88.25,3.6,11.0,121.0,0.0,7.05,usda,0
168178,"Fruit cocktail, canned, heavy syrup, drained",0.47,0.1,18.8,70.0,80.4,1.7,12.0,90.0,6.0,17.14,usda,0
168179,"Blueberries, canned, light syrup, drained",1.04,0.4,22.66,88.0,75.72,2.6,12.0,54.0,3.0,17.45,usda,0
168180,"Blueberries, wild, canned, heavy syrup, drained",0.56,0.34,28.32,107.0,70.63,4.9,14.0,46.0,1.0,19.28,usda,0
168181,"Peaches, canned, heavy syrup, drained",0.52,0.18,18.43,72.0,80.62,1.2,12.0,94.0,6.0,14.66,usda,0
168182,"Pears, canned, heavy syrup, drained",0.24,0.18,19.08,74.0,80.35,2.7,8.0,66.0,5.0,16.42,usda,0
168183,"Plums, canned, heavy syrup, drained",0.44,0.14,23.12,89.0,76.06,1.5,15.0,93.0,19.0,21.58,usda,0
168184,"Tangerines, (mandarin oranges), canned, juice pack, drained",0.75,0.04,9.41,38.0,89.51,1.2,11.0,136.0,5.0,8.25,usda,0
168185,"Peach nectar, canned, with added ascorbic acid",0.21,0.51,11.93,50.0,87.28,0.1,5.0,50.0,8.0,11.16,usda,0
168186,"Pear nectar, canned, with added ascorbic acid",0.11,0.01,15.76,60.0,84.01,0.6,3.0,13.0,4.0,15.16,usda,0
168187,"Pineapple juice, canned or bottled, unsweetened, with added ascorbic acid",0.36,0.12,12.87,53.0,86.37,0.2,8.0,130.0,2.0,9.98,usda,0
168188,"Apple juice, frozen concentrate, unsweetened, undiluted, with added ascorbic acid",0.51,0.37,41.0,166.0,57.0,0.2,25.0,448.0,25.0,38.83,usda,0
168189,"Grapefruit juice, white, bottled, unsweetened, OCEAN SPRAY",0.54,0.64,7.51,37.0,91.0,0.6,17.0,142.0,2.0,7.69,usda,0
168190,"Jackfruit, canned, syrup pack",0.36,0.14,23.94,92.0,75.28,0.9,6.0,96.0,11.0,1.25,usda,0
168191,"Dates, medjool",1.81,0.15,74.97,277.0,21.32,6.7,62.0,696.0,1.0,66.47,usda,3
168192,"Durian, raw or frozen",1.47,5.33,27.09,147.0,64.99,3.8,39.0,436.0,2.0,1.25,usda,0
168193,"Pineapple, raw, traditional varieties",0.55,0.13,11.82,45.0,87.24,0.2,9.0,125.0,1.0,8.29,usda,0
168194,"Pineapple, raw, extra sweet variety",0.53,0.11,13.5,51.0,85.66,1.4,8.0,108.0,1.0,10.32,usda,0
168195,"Clementines, raw",0.85,0.15,12.02,47.0,86.58,1.7,21.0,177.0,1.0,9.18,usda,0
168196,"Guanabana nectar, canned",0.11,0.17,14.93,59.0,84.72,0.1,2.0,25.0,8.0,13.07,usda,0
168197,"Juice, apple and grape blend, with added ascorbic acid",0.16,0.12,12.46,50.0,87.05,0.2,9.0,96.0,7.0,10.92,usda,0
168198,"Juice, apple, grape and pear blend, with added ascorbic acid and calcium",0.17,0.12,12.96,52.0,86.44,0.2,11.0,89.0,5.0,9.95,usda,0
168199,"Plantains, green, fried",1.5,11.81,49.17,309.0,36.08,3.5,44.0,482.0,2.0,3.63,usda,3
168200,"Plantains, yellow, fried, Latino restaurant",1.42,7.51,40.77,236.0,49.04,3.2,43.0,507.0,6.0,21.76,usda,3
168201,"Apples, raw, red delicious, with skin (Includes foods for USDA's Food Distribution Program)",0.27,0.2,14.06,59.0,85.33,2.3,12.0,104.0,1.0,10.48,usda,0
168202,"Apples, raw, golden delicious, with skin",0.28,0.15,13.6,57.0,85.81,2.4,10.0,100.0,2.0,10.04,usda,0
168203,"Apples, raw, granny smith, with skin (Includes foods for USDA's Food Distribution Program)",0.44,0.19,13.61,58.0,85.46,2.8,12.0,120.0,1.0,9.59,usda,0
168204,"Apples, raw, gala, with skin (Includes foods for USDA's Food Distribution Program)",0.25,0.12,13.68,57.0,85.76,2.3,11.0,108.0,1.0,10.37,usda,0
168205,"Pineapple juice, canned, not from concentrate, unsweetened, with added vitamins A, C and E",0.36,0.14,12.18,50.0,87.06,0.2,9.0,132.0,3.0,9.98,usda,0
168207,"Grape juice, canned or bottled, unsweetened, with added ascorbic acid and calcium",0.37,0.13,14.77,62.0,84.51,0.2,14.0,104.0,5.0,14.2,usda,0
168208,"Fruit juice smoothie, ODWALLA, ORIGINAL SUPERFOOD",0.63,0.36,11.51,50.0,87.22,0.6,24.0,145.0,3.0,10.16,usda,0
168209,"Raspberries, frozen, red, unsweetened",1.15,0.81,12.55,56.0,85.01,4.3,30.0,184.0,4.0,6.54,usda,0
168210,"Guava nectar, with sucralose, canned",0.3,0.07,13.3,48.0,86.23,1.2,3.0,33.0,6.0,10.15,usda,0
168211,"Kiwifruit, ZESPRI SunGold, raw",1.02,0.28,15.79,63.0,82.44,1.4,25.0,315.0,3.0,12.3,usda,0
168212,"Cranberry juice blend, 100% juice, bottled, with added vitamin C and calcium",0.27,0.12,10.91,45.0,88.6,0.1,8.0,76.0,6.0,9.8,usda,0
168213,"Fruit juice smoothie, ODWALLA, strawberry banana",0.5,0.32,11.05,48.0,87.74,0.6,18.0,201.0,2.0,9.9,usda,0
168214,"Fruit juice smoothie, NAKED JUICE, strawberry banana",0.48,0.27,11.66,50.0,87.28,0.6,18.0,201.0,2.0,10.05,usda,0
168215,"Plantains, green, raw",1.25,0.07,36.66,152.0,61.1,2.2,31.0,431.0,2.0,2.29,usda,0
168216,"Plantains, green, boiled",1.09,0.08,29.15,121.0,69.08,2.6,24.0,289.0,2.0,2.25,usda,0
168217,Raspberry juice concentrate,3.04,1.34,53.19,221.0,41.15,1.1,100.0,1178.0,10.0,38.21,usda,3
168218,"Pork, fresh, composite of separable fat, with added solution, cooked",10.06,60.42,0.32,585.0,28.28,0.0,160.0,214.0,125.0,0.0,usda,1
168219,"Pork, fresh, carcass, separable lean and fat, raw",13.91,35.07,0.0,376.0,49.83,0.0,155.0,253.0,42.0,0.0,usda,1
168220,"Pork, fresh, composite of trimmed retail cuts (leg, loin, shoulder), separable lean only, raw",21.2,4.86,0.0,134.0,73.17,0.0,216.0,363.0,59.0,0.0,usda,1
168221,"Pork, fresh, separable fat, cooked",7.06,66.1,0.0,626.0,26.26,0.0,109.0,125.0,56.0,0.0,usda,1
168222,"Pork, fresh, leg (ham), whole, separable lean and fat, raw",17.43,18.87,0.0,245.0,62.47,0.0,199.0,315.0,47.0,1.25,usda,1
168223,"Pork, fresh, leg (ham), whole, separable lean and fat, cooked, roasted",26.83,17.61,0.0,273.0,55.04,0.0,263.0,352.0,60.0,0.0,usda,1
168224,"Pork, fresh, leg (ham), whole, separable lean only, raw",20.48,5.41,0.0,136.0,72.9,0.0,229.0,369.0,55.0,0.0,usda,1
168225,"Pork, fresh, leg (ham), whole, separable lean only, cooked, roasted",29.41,9.44,0.0,211.0,60.66,0.0,281.0,373.0,64.0,0.0,usda,1
168226,"Pork, fresh, leg (ham), shank half, separable lean and fat, raw",19.87,11.96,0.0,193.0,67.69,0.0,204.0,329.0,84.0,0.0,usda,1
168227,"Pork, fresh, leg (ham), shank half, separable lean and fat, cooked, roasted",25.96,13.42,0.0,232.0,60.37,0.0,242.0,345.0,81.0,0.0,usda,1
168228,"Pork, fresh, leg (ham), shank half, separable lean only, raw",21.66,2.95,0.0,119.0,74.88,0.0,224.0,329.0,90.0,0.0,usda,1
168229,"Pork, fresh, leg (ham), shank half, separable lean only, cooked, roasted",28.69,5.83,0.0,175.0,65.28,0.0,261.0,376.0,84.0,0.0,usda,1
168230,"Pork, fresh, loin, whole, separable lean only, raw",21.43,5.66,0.0,143.0,72.23,0.0,211.0,389.0,52.0,0.0,usda,1
168231,"Pork, fresh, loin, whole, separable lean only, cooked, braised",28.57,9.12,0.0,204.0,61.4,0.0,183.0,387.0,50.0,0.0,usda,1
168232,"Pork, fresh, loin, whole, separable lean only, cooked, broiled",28.57,9.8,0.0,210.0,60.72,0.0,253.0,438.0,64.0,0.0,usda,1
168233,"Pork, fresh, loin, whole, separable lean only, cooked, roasted",28.62,9.63,0.0,209.0,61.02,0.0,249.0,425.0,58.0,0.0,usda,1
168234,"Pork, fresh, loin, blade (chops or roasts), bone-in, separable lean only, raw",21.22,5.84,0.0,143.0,72.84,0.0,226.0,313.0,73.0,0.0,usda,1
168235,"Pork, fresh, loin, blade (chops), bone-in, separable lean only, cooked, braised",28.02,11.29,0.0,222.0,60.32,0.0,224.0,270.0,70.0,0.0,usda,1
168236,"Pork, fresh, loin, blade (chops), bone-in, separable lean only, cooked, broiled",24.99,9.56,0.0,193.0,65.03,0.0,255.0,332.0,76.0,0.0,usda,1
168237,"Pork, fresh, loin, blade (roasts), bone-in, separable lean only, cooked, roasted",25.7,11.89,0.0,217.0,62.24,0.0,203.0,337.0,78.0,0.0,usda,1
168238,"Pork, fresh, loin, center loin (chops), bone-in, separable lean and fat, raw",20.71,9.03,0.0,170.0,69.7,0.0,209.0,343.0,55.0,0.0,usda,1
168239,"Pork, fresh, loin, center loin (chops), bone-in, separable lean only, cooked, braised",30.2,7.86,0.0,200.0,61.79,0.0,239.0,288.0,75.0,0.0,usda,1
168240,"Pork, fresh, loin, center loin (chops), bone-in, separable lean only, cooked, broiled",26.76,7.29,0.0,180.0,65.01,0.0,228.0,356.0,56.0,0.0,usda,1
168241,"Pork, fresh, loin, center loin (roasts), bone-in, separable lean only, cooked, roasted",28.58,7.95,0.0,194.0,63.65,0.0,223.0,370.0,86.0,0.0,usda,1
168242,"Pork, fresh, loin, center rib (chops or roasts), bone-in, separable lean and fat, raw",20.28,11.04,0.0,186.0,67.83,0.0,203.0,337.0,56.0,0.0,usda,1
168243,"Pork, fresh, loin, center rib (chops), bone-in, separable lean only, cooked, braised",29.03,9.32,0.0,208.0,61.56,0.0,229.0,277.0,72.0,0.0,usda,1
168244,"Pork, fresh, loin, center rib (chops), bone-in, separable lean only, cooked, broiled",25.79,8.36,0.0,186.0,65.14,0.0,218.0,343.0,57.0,0.0,usda,1
168245,"Pork, fresh, loin, center rib (roasts), bone-in, separable lean only, cooked, roasted",28.82,9.21,0.0,206.0,61.44,0.0,244.0,287.0,95.0,0.0,usda,1
168246,"Pork, fresh, loin, sirloin (chops or roasts), bone-in, separable lean and fat, raw",20.48,8.96,0.0,168.0,70.29,0.0,209.0,336.0,57.0,0.0,usda,1
168247,"Pork, fresh, loin, sirloin (chops), bone-in, separable lean only, cooked, broiled",29.29,5.45,0.0,174.0,64.61,0.0,300.0,391.0,89.0,0.0,usda,1
168248,"Pork, fresh, loin, sirloin (roasts), bone-in, separable lean only, cooked, roasted",27.78,9.44,0.0,204.0,61.74,0.0,235.0,352.0,59.0,0.0,usda,1
168249,"Pork, fresh, loin, tenderloin, separable lean only, raw",20.95,2.17,0.0,109.0,76.0,0.0,247.0,399.0,53.0,0.0,usda,1
168250,"Pork, fresh, loin, tenderloin, separable lean only, cooked, roasted",26.17,3.51,0.0,143.0,69.45,0.0,267.0,421.0,57.0,0.0,usda,1
168251,"Pork, fresh, loin, top loin (chops), boneless, separable lean only, raw",22.41,3.42,0.0,127.0,72.93,0.0,234.0,387.0,49.0,0.0,usda,1
168252,"Pork, fresh, loin, top loin (chops), boneless, separable lean only, cooked, braised",30.54,4.34,0.0,170.0,65.14,0.0,230.0,269.0,67.0,0.0,usda,1
168253,"Pork, fresh, loin, top loin (chops), boneless, separable lean only, cooked, broiled",27.58,6.08,0.0,173.0,65.11,0.0,237.0,367.0,45.0,0.0,usda,1
168254,"Pork, fresh, loin, top loin (roasts), boneless, separable lean only, cooked, roasted",27.23,6.28,0.0,173.0,65.6,0.0,227.0,357.0,47.0,0.0,usda,1
168255,"Pork, fresh, shoulder, arm picnic, separable lean and fat, raw",18.71,12.51,0.0,193.0,68.34,0.0,200.0,413.0,84.0,0.0,usda,1
168256,"Pork, fresh, shoulder, arm picnic, separable lean and fat, cooked, braised",24.88,14.33,0.0,235.0,60.03,0.0,240.0,357.0,96.0,0.0,usda,1
168257,"Pork, fresh, shoulder, arm picnic, separable lean and fat, cooked, roasted",23.47,24.01,0.0,317.0,52.04,0.0,228.0,325.0,70.0,1.25,usda,1
168258,"Pork, fresh, shoulder, arm picnic, separable lean only, raw",20.26,3.77,0.0,120.0,75.51,0.0,219.0,427.0,90.0,0.0,usda,1
168259,"Pork, fresh, shoulder, blade, boston (roasts), separable lean and fat, cooked, roasted",23.11,18.86,0.0,269.0,57.47,0.0,197.0,332.0,67.0,0.0,usda,1
168260,"Pork, fresh, shoulder, (Boston butt), blade (steaks), separable lean only, raw",18.73,5.71,0.0,132.0,74.31,0.0,202.0,339.0,65.0,0.0,usda,1
168261,"Pork, fresh, shoulder, (Boston butt), blade (steaks), separable lean only, cooked, braised",26.57,13.2,0.0,233.0,58.0,0.0,217.0,318.0,60.0,0.0,usda,1
168262,"Pork, fresh, shoulder, blade, boston (steaks), separable lean only, cooked, broiled",26.74,12.54,0.0,227.0,60.07,0.0,220.0,343.0,74.0,0.0,usda,1
168263,"Pork, fresh, loin, center loin (chops), boneless, separable lean only, raw",23.75,3.09,0.0,123.0,72.38,0.0,221.0,386.0,87.0,0.0,usda,1
168264,"Pork, fresh, variety meats and by-products, brain, raw",10.28,9.21,0.0,127.0,78.36,0.0,282.0,258.0,120.0,1.25,usda,1
168265,"Pork, fresh, variety meats and by-products, brain, cooked, braised",12.14,9.51,0.0,138.0,75.88,0.0,220.0,195.0,91.0,1.25,usda,1
168266,"Pork, fresh, variety meats and by-products, chitterlings, raw",7.64,16.61,0.0,182.0,76.11,0.0,48.0,18.0,24.0,0.0,usda,1
168267,"Pork, fresh, variety meats and by-products, heart, raw",17.27,4.36,1.33,118.0,76.21,0.0,169.0,294.0,56.0,0.0,usda,1
168268,"Pork, fresh, variety meats and by-products, heart, cooked, braised",23.6,5.05,0.4,148.0,68.08,0.0,178.0,206.0,35.0,1.25,usda,1
168269,"Pork, fresh, variety meats and by-products, jowl, raw",6.38,69.61,0.0,655.0,22.19,0.0,86.0,148.0,25.0,0.0,usda,1
168270,"Pork, fresh, variety meats and by-products, kidneys, raw",16.46,3.25,0.0,100.0,80.06,0.0,204.0,229.0,121.0,1.25,usda,1
168271,"Pork, fresh, variety meats and by-products, lungs, cooked, braised",16.6,3.1,0.0,99.0,80.0,0.0,186.0,151.0,81.0,1.25,usda,1
168272,"Pork, fresh, variety meats and by-products, mechanically separated, raw",15.03,26.54,0.0,304.0,56.87,0.0,200.0,298.0,50.0,1.25,usda,1
168273,"Pork, fresh, variety meats and by-products, pancreas, raw",18.56,13.24,0.0,199.0,67.18,0.0,234.0,197.0,44.0,1.25,usda,1
168274,"Pork, fresh, variety meats and by-products, pancreas, cooked, braised",28.5,10.8,0.0,219.0,60.3,0.0,291.0,168.0,42.0,1.25,usda,1
168275,"Pork, fresh, variety meats and by-products, tongue, raw",16.3,17.2,0.0,225.0,65.9,0.0,193.0,243.0,110.0,0.0,usda,1
168276,"Pork, fresh, variety meats and by-products, tongue, cooked, braised",24.1,18.6,0.0,271.0,56.9,0.0,174.0,237.0,109.0,1.25,usda,1
168277,"Pork, cured, bacon, unprepared",13.66,37.13,0.0,393.0,46.74,0.0,166.0,201.0,751.0,0.35,usda,1
168278,"Pork, cured, breakfast strips, raw or unheated",11.74,37.16,0.7,388.0,47.41,0.0,137.0,204.0,987.0,1.25,usda,1
168279,"Pork, cured, ham, extra lean (approximately 4% fat), canned, unheated",18.49,4.56,0.0,120.0,73.52,0.0,224.0,364.0,1255.0,0.0,usda,1
168280,"Pork, cured, ham, extra lean (approximately 4% fat), canned, roasted",21.16,4.88,0.52,136.0,69.45,0.0,209.0,348.0,1135.0,1.25,usda,1
168281,"Pork, cured, ham, regular (approximately 13% fat), canned, roasted",20.53,15.2,0.42,226.0,60.93,0.0,243.0,357.0,941.0,1.25,usda,1
168282,"Pork, cured, ham, center slice, country-style, separable lean only, raw",27.8,8.32,0.3,195.0,55.93,0.0,318.0,510.0,2695.0,0.0,usda,1
168283,"Pork, cured, ham, center slice, separable lean and fat, unheated",20.17,12.9,0.05,203.0,63.46,0.0,215.0,337.0,1386.0,1.25,usda,1
168284,"Pork, cured, ham, whole, separable lean only, roasted",25.05,5.5,0.0,157.0,65.78,0.0,227.0,316.0,1327.0,0.0,usda,1
168285,"Pork, fresh, loin, center loin (chops), boneless, separable lean only, cooked, pan-broiled",30.02,4.65,0.0,162.0,65.07,0.0,242.0,407.0,91.0,0.0,usda,1
168286,"Pork, fresh, loin, center loin (chops), boneless, separable lean and fat, raw",21.14,12.96,0.0,201.0,65.15,0.0,203.0,345.0,82.0,0.0,usda,1
168287,"Pork, cured, salt pork, raw",5.05,80.5,0.0,748.0,11.0,0.0,52.0,66.0,2684.0,0.0,usda,1
168288,"Pork, cured, shoulder, blade roll, separable lean and fat, unheated",16.47,21.98,0.0,269.0,59.13,0.0,199.0,295.0,1250.0,1.25,usda,1
168289,"Pork, cured, shoulder, blade roll, separable lean and fat, roasted",17.28,23.48,0.37,287.0,56.18,0.0,156.0,194.0,973.0,1.25,usda,1
168290,"Pork, fresh, variety meats and by-products, feet, cooked, simmered",21.94,16.05,0.0,238.0,62.85,0.0,82.0,33.0,73.0,0.0,usda,1
168291,"Pork, fresh, variety meats and by-products, tail, raw",17.75,33.5,0.0,378.0,46.05,0.0,50.0,349.0,63.0,1.25,usda,1
168292,"Pork, fresh, loin, center loin (chops), bone-in, separable lean and fat, cooked, pan-fried",27.63,13.32,0.0,238.0,58.39,0.0,251.0,353.0,94.0,0.0,usda,1
168293,"Pork, fresh, loin, center rib (chops), bone-in, separable lean and fat, cooked, pan-fried",26.81,15.71,0.0,256.0,57.11,0.0,222.0,313.0,84.0,0.0,usda,1
168294,"Pork, fresh, loin, top loin (chops), boneless, separable lean only, cooked, pan-fried",30.46,4.62,0.0,172.0,64.81,0.0,293.0,390.0,87.0,0.0,usda,1
168295,"Pork, cured, ham, boneless, extra lean and regular, unheated",18.26,8.39,2.28,162.0,66.92,0.0,236.0,297.0,1278.0,0.0,usda,1
168296,"Pork, cured, ham, boneless, extra lean and regular, roasted",21.97,7.66,0.5,165.0,65.75,0.0,248.0,362.0,1385.0,0.0,usda,1
168297,"Pork, fresh, composite of trimmed retail cuts (leg, loin, shoulder, and spareribs), separable lean and fat, cooked",26.36,13.89,0.0,238.0,58.53,0.0,221.0,341.0,57.0,0.0,usda,1
168298,"Pork, fresh, loin, center loin (chops), boneless, separable lean and fat, cooked, pan-broiled",26.68,13.6,0.0,229.0,59.42,0.0,222.0,366.0,86.0,0.0,usda,1
168299,"Pork, fresh, backribs, separable lean and fat, raw",19.07,16.33,0.0,224.0,63.47,0.0,154.0,247.0,87.0,0.0,usda,1
168300,"Pork, fresh, backribs, separable lean and fat, cooked, roasted",23.01,21.51,0.0,292.0,54.82,0.0,165.0,240.0,94.0,0.0,usda,1
168301,"Pork, fresh, loin, center rib (roasts), boneless, separable lean and fat, cooked, roasted",26.99,15.15,0.0,252.0,57.33,0.0,214.0,346.0,48.0,1.25,usda,1
168302,"Pork, fresh, loin, center rib (chops or roasts), boneless, separable lean only, raw",21.8,6.48,0.0,152.0,71.98,0.0,207.0,421.0,45.0,0.0,usda,1
168303,"Pork, fresh, loin, center rib (chops), boneless, separable lean only, cooked, braised",27.95,10.14,0.0,211.0,62.25,0.0,173.0,405.0,41.0,0.0,usda,1
168304,"Pork, fresh, loin, center rib (chops), boneless, separable lean only, cooked, broiled",29.46,10.05,0.0,216.0,56.95,0.0,245.0,420.0,65.0,1.25,usda,1
168305,"Pork, fresh, loin, country-style ribs, separable lean only, raw",20.76,5.64,0.0,140.0,72.84,0.0,204.0,338.0,67.0,0.0,usda,1
168306,"Pork, fresh, loin, country-style ribs, separable lean only, cooked, braised",27.74,14.26,0.0,247.0,56.16,0.0,208.0,297.0,60.0,0.0,usda,1
168307,"Pork, fresh, loin, country-style ribs, separable lean only, bone-in, cooked, roasted",29.2,11.38,0.0,227.0,58.72,0.0,235.0,390.0,91.0,0.0,usda,1
168308,"Pork, fresh, loin, sirloin (chops or roasts), boneless, separable lean and fat, raw",22.49,4.05,0.0,133.0,73.16,0.0,247.0,354.0,63.0,0.0,usda,1
168309,"Pork, fresh, loin, sirloin (chops), boneless, separable lean only, cooked, braised",28.75,4.5,0.0,163.0,66.41,0.0,294.0,416.0,56.0,0.0,usda,1
168310,"Pork, fresh, loin, sirloin (chops), boneless, separable lean only, cooked, broiled",28.6,4.36,0.0,161.0,66.75,0.0,296.0,425.0,66.0,0.0,usda,1
168311,"Pork, fresh, loin, sirloin (roasts), boneless, separable lean only, cooked, roasted",30.39,5.31,0.0,178.0,64.07,0.0,311.0,408.0,66.0,0.0,usda,1
168312,"Pork, fresh, loin, tenderloin, separable lean and fat, raw",20.65,3.53,0.0,120.0,74.97,0.0,243.0,393.0,52.0,0.0,usda,1
168313,"Pork, fresh, loin, tenderloin, separable lean only, cooked, broiled",30.42,6.33,0.0,187.0,62.3,0.0,295.0,451.0,65.0,1.25,usda,1
168314,"Pork, fresh, loin, top loin (roasts), boneless, separable lean and fat, raw",21.34,8.33,0.0,166.0,70.14,0.0,216.0,358.0,47.0,0.0,usda,1
168315,"Pork, fresh, loin, top loin (roasts), boneless, separable lean only, raw",22.39,4.06,0.0,132.0,73.28,0.0,225.0,374.0,49.0,0.0,usda,1
168316,"Pork, fresh, composite of trimmed retail cuts (loin and shoulder blade), separable lean and fat, raw",20.08,10.14,0.0,177.0,69.13,0.0,205.0,345.0,54.0,0.0,usda,1
168321,"Pork, cured, bacon, cooked, microwaved",39.01,34.12,0.48,476.0,20.38,0.0,389.0,525.0,1783.0,0.0,usda,1
168322,"Pork, cured, bacon, pre-sliced, cooked, pan-fried",33.92,35.09,1.7,468.0,23.65,0.0,388.0,499.0,1684.0,0.0,usda,1
168323,"Pork, fresh, variety meats and by-products, stomach, cooked, simmered",21.4,7.26,0.09,157.0,70.72,0.0,129.0,85.0,40.0,0.0,usda,1
168324,"Pork, bacon, rendered fat, cooked",0.07,99.5,0.0,898.0,0.25,0.0,9.0,15.0,27.0,0.0,usda,2
168325,"Pork, cured, ham and water product, slice, bone-in, separable lean only, heated, pan-broil",20.9,3.63,1.35,122.0,70.21,0.0,258.0,289.0,1237.0,1.1,usda,1
168326,"Pork, cured, ham and water product, slice, boneless, separable lean only, heated, pan-broil",15.09,5.06,4.69,123.0,71.2,0.0,240.0,272.0,1390.0,4.69,usda,1
168327,"Pork, cured, ham and water product, whole, boneless, separable lean only, heated, roasted",13.88,5.46,4.61,123.0,72.11,0.0,224.0,245.0,1335.0,4.61,usda,1
168328,"Pork, cured, ham and water product, whole, boneless, separable lean only, unheated",14.07,4.86,4.22,116.0,73.05,0.0,229.0,268.0,1310.0,4.22,usda,1
168329,"Pork, cured, ham -- water added, slice, boneless, separable lean only, heated, pan-broil",18.82,4.09,1.75,119.0,72.06,0.0,284.0,337.0,1223.0,1.75,usda,1
168330,"Pork, cured, ham with natural juices, slice, bone-in, separable lean only, heated, pan-broil",27.75,4.38,0.0,150.0,65.87,0.0,291.0,358.0,835.0,0.0,usda,1
168331,"Pork, cured, ham with natural juices, spiral slice, meat only, boneless, separable lean only, heated, roasted",22.56,3.78,1.08,126.0,69.47,0.0,312.0,349.0,986.0,1.08,usda,1
168332,"Pork, cured, ham and water product, rump, bone-in, separable lean only, heated, roasted",21.28,4.7,1.15,131.0,69.53,0.0,221.0,264.0,1267.0,1.15,usda,1
168333,"Pork, cured, ham with natural juices, slice, boneless, separable lean only, heated, pan-broil",20.95,3.16,1.05,116.0,71.1,0.0,322.0,364.0,1163.0,1.05,usda,1
168334,"Pork, cured, ham with natural juices, whole, boneless, separable lean only, heated, roasted",20.57,3.01,0.84,113.0,71.71,0.0,318.0,367.0,1180.0,0.81,usda,1
168335,"Pork, cured, ham with natural juices, whole, boneless, separable lean only, unheated",19.44,3.21,1.03,111.0,72.85,0.0,303.0,347.0,1098.0,1.03,usda,1
168336,"Pork, cured, ham -- water added, shank, bone-in, separable lean only, unheated",18.65,1.87,0.71,91.0,76.53,0.0,229.0,229.0,1040.0,0.71,usda,1
168337,"Pork, cured, ham with natural juices, rump, bone-in, separable lean only, unheated",22.71,3.47,0.43,122.0,70.8,0.0,253.0,303.0,893.0,0.43,usda,1
168338,"Pork, cured, ham with natural juices, shank, bone-in, separable lean only, unheated",25.11,3.33,0.3,130.0,70.5,0.0,250.0,299.0,809.0,0.3,usda,1
168339,"Pork, cured, ham with natural juices, slice, bone-in, separable lean only, unheated",24.34,2.87,0.0,123.0,70.29,0.0,258.0,300.0,861.0,0.0,usda,1
168340,"Pork, cured, ham with natural juices, spiral slice, boneless, separable lean only, unheated",19.25,3.26,1.22,109.0,72.46,0.0,283.0,317.0,895.0,1.22,usda,1
168341,"Pork, cured, ham with natural juices, spiral slice, boneless, separable lean and fat, unheated",18.66,5.75,1.18,129.0,70.62,0.0,276.0,310.0,881.0,1.18,usda,1
168342,"Pork, cured, ham with natural juices, slice, bone-in, separable lean and fat, unheated",22.82,7.4,0.17,159.0,67.16,0.0,248.0,289.0,839.0,0.04,usda,1
168343,"Pork, cured, ham with natural juices, shank, bone-in, separable lean and fat, unheated",22.35,11.11,0.32,191.0,65.04,0.0,233.0,279.0,779.0,0.32,usda,1
168344,"Pork, cured, ham with natural juices, rump, bone-in, separable lean and fat, unheated",19.7,13.26,0.43,200.0,63.86,0.0,231.0,278.0,838.0,0.43,usda,1
168345,"Pork, cured, ham -- water added, whole, boneless, separable lean and fat, unheated",17.06,5.38,1.42,121.0,72.85,0.0,262.0,312.0,1126.0,1.42,usda,1
168346,"Pork, cured, ham -- water added, slice, bone-in, separable lean and fat, unheated",15.73,10.77,1.1,164.0,69.88,0.0,220.0,213.0,1011.0,1.1,usda,1
168347,"Pork, cured, ham -- water added, shank, bone-in, separable lean and fat, unheated",16.65,11.02,0.66,167.0,69.21,0.0,214.0,219.0,964.0,0.66,usda,1
168348,"Pork, cured, ham -- water added, rump, bone-in, separable lean and fat, unheated",13.99,12.5,0.8,172.0,69.49,0.0,218.0,199.0,1069.0,0.62,usda,1
168349,"Pork, cured, ham -- water added, whole, boneless, separable lean and fat, heated, roasted",17.77,5.48,1.54,126.0,71.72,0.0,268.0,313.0,1181.0,1.54,usda,1
168350,"Pork, cured, ham and water product, rump, bone-in, separable lean and fat, heated, roasted",19.46,11.48,1.15,186.0,64.6,0.0,213.0,254.0,1181.0,1.03,usda,1
168351,"Pork, cured, ham and water product, shank, bone-in, separable lean and fat, heated, roasted",18.17,17.29,1.42,234.0,60.03,0.0,193.0,216.0,945.0,0.99,usda,1
168352,"Pork, cured, ham and water product, slice, bone-in, separable lean and fat, heated, pan-broil",19.85,7.78,1.41,155.0,67.21,0.0,250.0,281.0,1188.0,1.03,usda,1
168353,"Pork, cured, ham with natural juices, slice, boneless, separable lean and fat, heated, pan-broil",20.89,3.4,1.04,118.0,70.93,0.0,321.0,363.0,1160.0,1.04,usda,1
168354,"Pork, cured, ham with natural juices, spiral slice, boneless, separable lean and fat, heated, roasted",22.18,5.1,1.06,139.0,68.53,0.0,308.0,345.0,977.0,1.06,usda,1
168355,"Pork, cured, ham with natural juices, whole, boneless, separable lean and fat, heated, roasted",20.54,3.13,0.84,114.0,71.62,0.0,318.0,367.0,1179.0,0.81,usda,1
168356,"Pork, cured, ham, rump, bone-in, separable lean and fat, heated, roasted",23.95,8.88,0.64,177.0,63.82,0.0,263.0,370.0,826.0,0.64,usda,1
168357,"Pork, cured, ham, shank, bone-in, separable lean and fat, heated, roasted",24.39,9.35,0.64,191.0,63.67,0.0,257.0,356.0,810.0,0.64,usda,1
168358,"Pork, cured, ham, shank, bone-in, separable lean and fat, unheated",21.61,9.85,0.41,177.0,65.23,0.0,243.0,339.0,816.0,0.06,usda,1
168359,"Pork, cured, ham, slice, bone-in, separable lean and fat, heated, pan-broil",25.48,8.48,0.7,181.0,62.57,0.0,285.0,405.0,852.0,0.7,usda,1
168360,"Pork, cured, ham, slice, bone-in, separable lean only, unheated",24.36,3.59,0.0,130.0,69.97,0.0,263.0,370.0,760.0,0.0,usda,1
168361,"Pork, fresh, enhanced, loin, tenderloin, separable lean only, raw",20.39,2.09,0.0,106.0,76.91,0.0,290.0,527.0,243.0,0.0,usda,1
168362,"Pork, fresh, shoulder, (Boston butt), blade (steaks), separable lean only, with added solution cooked, braised",27.58,12.14,0.0,227.0,59.2,0.0,234.0,388.0,154.0,0.0,usda,1
168363,"Pork, fresh, shoulder, (Boston butt), blade (steaks), separable lean only, with added solution, raw",18.29,5.36,0.18,122.0,74.85,0.0,223.0,419.0,165.0,0.0,usda,1
168364,"Pork, fresh, loin, top loin (chops), boneless, separable lean only, with added solution, cooked, broiled",29.65,5.73,0.0,170.0,63.06,0.0,317.0,608.0,315.0,0.0,usda,1
168365,"Pork, fresh, shoulder, (Boston butt), blade (steaks), separable lean and fat,with added solution, raw",17.19,11.12,0.16,169.0,70.36,0.0,211.0,391.0,155.0,0.0,usda,1
168366,"Pork, fresh, shoulder, (Boston butt), blade (steaks), separable lean and fat, with added solution, cooked, braised",25.84,16.94,0.03,263.0,56.13,0.0,227.0,370.0,151.0,0.0,usda,1
168367,"Pork, cured, ham, rump, bone-in, separable lean and fat, unheated",22.27,9.38,0.52,176.0,65.19,0.0,251.0,358.0,722.0,0.06,usda,1
168368,"Pork, loin, leg cap steak, boneless, separable lean and fat, cooked, broiled",27.57,4.41,0.0,158.0,68.72,0.0,221.0,366.0,76.0,0.0,usda,1
168369,"Pork, Shoulder petite tender, boneless, separable lean and fat, raw",21.65,3.91,0.0,128.0,74.57,0.0,229.0,391.0,50.0,0.0,usda,1
168370,"Pork, Leg sirloin tip roast, boneless, separable lean and fat, cooked, braised",31.11,2.56,0.0,156.0,66.99,0.0,237.0,363.0,43.0,0.0,usda,1
168371,"Pork, Leg sirloin tip roast, boneless, separable lean and fat, raw",22.88,1.71,0.0,113.0,75.88,0.0,232.0,399.0,50.0,0.0,usda,1
168372,"Pork, ground, 84% lean / 16% fat, raw",17.99,16.0,0.44,218.0,64.67,0.0,161.0,244.0,68.0,0.0,usda,1
168373,"Pork, ground, 72% lean / 28% fat, cooked, pan-broiled",22.59,31.42,1.08,377.0,43.85,0.0,181.0,275.0,91.0,0.0,usda,1
168374,"Pork, ground, 84% lean / 16% fat, cooked, pan-broiled",27.14,21.39,0.0,301.0,51.97,0.0,221.0,345.0,89.0,0.0,usda,1
168375,"Pork, ground, 96% lean / 4% fat, cooked, pan-broiled",31.69,6.2,0.57,185.0,60.08,0.0,261.0,415.0,88.0,0.0,usda,1
168376,"Pork loin, fresh, backribs, bone-in, raw, lean only",20.85,9.84,0.0,172.0,68.57,0.0,165.0,268.0,95.0,0.0,usda,1
168377,"Pork loin, fresh, backribs, bone-in, cooked-roasted, lean only",24.15,17.65,0.0,255.0,57.58,0.0,171.0,249.0,98.0,0.0,usda,1
168378,"Pork, fresh, loin, country-style ribs, separable lean only, bone-in, cooked, broiled",27.83,11.65,0.0,216.0,59.98,0.0,284.0,370.0,84.0,0.0,usda,1
168379,"Pork, fresh, loin, country-style ribs, separable lean only, boneless, cooked, roasted",29.2,11.38,0.0,219.0,58.72,0.0,294.0,486.0,72.0,0.0,usda,1
168380,"Pork, fresh, blade, (chops), boneless, separable lean and fat, cooked, broiled",24.73,11.13,0.83,202.0,62.14,0.0,271.0,407.0,58.0,0.0,usda,1
168381,"Pork, fresh, loin, blade (chops or roasts), boneless, separable lean and fat only, raw",20.54,7.94,0.76,157.0,69.7,0.0,233.0,372.0,64.0,0.0,usda,1
168382,"Bacon, pre-sliced, reduced/low sodium, unprepared",12.53,39.27,0.83,407.0,45.01,0.0,180.0,506.0,470.0,0.83,usda,1
168383,"Canadian bacon, cooked, pan-fried",28.31,2.78,1.8,146.0,62.5,0.0,309.0,999.0,993.0,1.2,usda,1
168384,"Alfalfa seeds, sprouted, raw",3.99,0.69,2.1,23.0,92.82,1.9,70.0,79.0,6.0,0.2,usda,0
168385,"Amaranth leaves, raw",2.46,0.33,4.02,23.0,91.69,0.2,50.0,611.0,20.0,1.25,usda,0
168386,"Artichokes, (globe or french), cooked, boiled, drained, without salt",2.89,0.34,11.95,53.0,84.08,5.7,73.0,286.0,60.0,0.99,usda,0
168387,"Artichokes, (globe or french), frozen, unprepared",2.63,0.43,7.75,38.0,88.59,3.9,58.0,248.0,47.0,1.25,usda,0
168388,"Artichokes, (globe or french), frozen, cooked, boiled, drained, without salt",3.11,0.5,9.18,45.0,86.5,4.6,61.0,264.0,53.0,0.84,usda,0
168389,"Asparagus, raw",2.2,0.12,3.88,20.0,93.22,2.1,52.0,202.0,2.0,1.88,usda,0
168390,"Asparagus, cooked, boiled, drained",2.4,0.22,4.11,22.0,92.63,2.0,54.0,224.0,14.0,1.3,usda,0
168391,"Balsam-pear (bitter gourd), leafy tips, raw",5.3,0.69,3.29,30.0,89.25,0.2,99.0,608.0,11.0,1.25,usda,0
168392,"Balsam-pear (bitter gourd), leafy tips, cooked, boiled, drained, without salt",3.6,0.2,6.68,34.0,88.69,1.9,77.0,602.0,13.0,1.04,usda,0
168393,"Balsam-pear (bitter gourd), pods, raw",1.0,0.17,3.7,17.0,94.03,2.8,31.0,296.0,5.0,1.25,usda,0
168394,"Balsam-pear (bitter gourd), pods, cooked, boiled, drained, without salt",0.84,0.18,4.32,19.0,93.95,2.0,36.0,319.0,6.0,1.95,usda,0
168395,"Beans, kidney, mature seeds, sprouted, cooked, boiled, drained, without salt",4.83,0.58,4.72,33.0,89.3,0.2,38.0,194.0,7.0,1.25,usda,0
168396,"Lima beans, immature seeds, raw",6.84,0.86,20.17,113.0,70.24,4.9,136.0,467.0,8.0,1.48,usda,0
168397,"Corn, sweet, yellow, canned, drained solids, rinsed with tap water",2.18,1.43,13.02,64.0,82.8,1.7,41.0,116.0,163.0,4.11,usda,0
168398,"Corn, sweet, yellow, frozen, kernels cut off cob, unprepared (Includes foods for USDA's Food Distribution Program)",3.02,0.78,20.71,88.0,75.0,2.1,70.0,213.0,3.0,2.5,usda,0
168399,"Corn, sweet, yellow, frozen, kernels cut off cob, boiled, drained, without salt",2.55,0.67,19.3,81.0,77.03,2.4,79.0,233.0,1.0,3.07,usda,0
168400,"Corn, sweet, yellow, frozen, kernels on cob, unprepared",3.28,0.78,23.5,98.0,71.79,2.8,87.0,294.0,5.0,3.78,usda,0
168401,"Corn, sweet, yellow, frozen, kernels on cob, cooked, boiled, drained, without salt",3.11,0.74,22.33,94.0,73.2,2.8,75.0,251.0,4.0,3.59,usda,0
168402,"Cowpeas (blackeyes), immature seeds, cooked, boiled, drained, without salt",3.17,0.38,20.32,97.0,75.48,5.0,51.0,418.0,4.0,3.23,usda,0
168403,"Cowpeas (blackeyes), immature seeds, frozen, unprepared",8.98,0.7,25.13,139.0,64.15,5.0,122.0,441.0,6.0,1.25,usda,0
168404,"Cowpeas (blackeyes), immature seeds, frozen, cooked, boiled, drained, without salt",8.49,0.66,23.76,132.0,66.1,6.4,122.0,375.0,5.0,4.46,usda,0
168405,"Cowpeas, young pods with seeds, raw",3.3,0.3,9.5,44.0,86.0,3.3,65.0,215.0,4.0,5.04,usda,0
168406,"Cowpeas, leafy tips, cooked, boiled, drained, without salt",4.67,0.1,2.8,22.0,91.3,0.2,42.0,351.0,6.0,1.25,usda,0
168407,"Cress, garden, raw",2.6,0.7,5.5,32.0,89.4,1.1,76.0,606.0,14.0,4.4,usda,0
168408,"Cress, garden, cooked, boiled, drained, without salt",1.9,0.6,3.8,23.0,92.5,0.7,48.0,353.0,8.0,3.11,usda,0
168409,"Cucumber, with peel, raw",0.65,0.11,3.63,15.0,95.23,0.5,24.0,147.0,2.0,1.67,usda,0
168410,"Edamame, frozen, unprepared",11.22,4.73,7.61,109.0,75.17,4.8,161.0,482.0,6.0,2.48,usda,3
168411,"Edamame, frozen, prepared",11.91,5.2,8.91,121.0,72.77,5.2,169.0,436.0,6.0,2.18,usda,3
168412,"Endive, raw",1.25,0.2,3.35,17.0,93.79,3.1,28.0,314.0,22.0,0.25,usda,0
168413,"Escarole, cooked, boiled, drained, no salt added",1.15,0.18,3.07,15.0,94.29,2.8,22.0,245.0,19.0,0.23,usda,0
168414,"Gourd, dishcloth (towelgourd), raw",1.2,0.2,4.35,20.0,93.85,1.1,32.0,139.0,3.0,2.02,usda,0
168415,"Gourd, dishcloth (towelgourd), cooked, boiled, drained, without salt",0.66,0.34,14.34,56.0,84.29,2.9,31.0,453.0,21.0,5.17,usda,0
168416,"Drumstick leaves, raw",9.4,1.4,8.28,64.0,78.66,2.0,112.0,337.0,9.0,1.25,usda,0
168417,"Drumstick leaves, cooked, boiled, drained, without salt",5.27,0.93,11.15,60.0,81.65,2.0,67.0,344.0,9.0,1.0,usda,0
168418,"Pepeao, dried",4.82,0.44,81.03,298.0,11.14,0.2,116.0,708.0,70.0,1.25,usda,3
168419,"Jute, potherb, raw",4.65,0.25,5.8,34.0,87.72,0.2,83.0,559.0,8.0,1.25,usda,0
168420,"Jute, potherb, cooked, boiled, drained, without salt",3.68,0.2,7.29,37.0,87.15,2.0,72.0,550.0,11.0,1.0,usda,0
168421,"Kale, raw",2.92,1.49,4.42,35.0,89.63,4.1,55.0,348.0,53.0,0.99,usda,0
168422,"Mushrooms, Chanterelle, raw",1.49,0.53,6.86,32.0,89.85,3.8,57.0,506.0,9.0,1.16,usda,0
168423,"Mushrooms, morel, raw",3.12,0.57,5.1,31.0,89.61,2.8,194.0,411.0,21.0,0.6,usda,0
168424,"Kohlrabi, raw",1.7,0.1,6.2,27.0,91.0,3.6,46.0,350.0,20.0,2.6,usda,0
168425,"Kohlrabi, cooked, boiled, drained, without salt",1.8,0.11,6.69,29.0,90.3,1.1,45.0,340.0,21.0,2.8,usda,0
168426,"Leeks, (bulb and lower leaf-portion), cooked, boiled, drained, without salt",0.81,0.2,7.62,31.0,90.8,1.0,17.0,87.0,10.0,2.11,usda,0
168427,"Lentils, sprouted, raw",8.96,0.55,22.14,106.0,67.34,0.2,173.0,322.0,11.0,1.25,usda,0
168428,"Lentils, sprouted, cooked, stir-fried, without salt",8.8,0.45,21.25,101.0,68.7,0.2,153.0,284.0,10.0,1.25,usda,0
168429,"Lettuce, butterhead (includes boston and bibb types), raw",1.35,0.22,2.23,13.0,95.63,1.1,33.0,238.0,5.0,0.94,usda,0
168430,"Lotus root, cooked, boiled, drained, without salt",1.58,0.07,16.02,66.0,81.42,3.1,78.0,363.0,45.0,0.5,usda,0
168431,"Lettuce, red leaf, raw",1.33,0.22,2.26,13.0,95.64,0.9,28.0,187.0,25.0,0.48,usda,0
168432,"Mountain yam, hawaii, raw",1.34,0.1,16.3,67.0,81.44,2.5,34.0,418.0,13.0,0.31,usda,0
168433,"Mountain yam, hawaii, cooked, steamed, without salt",1.73,0.08,20.0,82.0,77.14,0.2,40.0,495.0,12.0,1.25,usda,0
168434,"Mushrooms, brown, italian, or crimini, raw",2.5,0.1,4.3,22.0,92.12,0.6,120.0,448.0,6.0,1.72,usda,0
168435,"Mushrooms, shiitake, stir-fried",3.45,0.35,7.68,39.0,87.74,3.6,111.0,326.0,5.0,0.3,usda,0
168436,"Mushrooms, shiitake, dried",9.58,0.99,75.37,296.0,9.5,11.5,294.0,1534.0,13.0,2.21,usda,3
168437,"Mushrooms, shiitake, cooked, without salt",1.56,0.22,14.39,56.0,83.48,2.1,29.0,117.0,4.0,3.84,usda,0
168438,"Mustard spinach, (tendergreen), raw",2.2,0.3,3.9,22.0,92.2,2.8,28.0,449.0,21.0,1.25,usda,0
168439,"Mustard spinach, (tendergreen), cooked, boiled, drained, without salt",1.7,0.2,2.8,16.0,94.5,2.0,18.0,285.0,14.0,1.25,usda,0
168440,"New Zealand spinach, raw",1.5,0.2,2.5,14.0,94.0,1.5,28.0,130.0,130.0,0.29,usda,0
168441,"New Zealand spinach, cooked, boiled, drained, without salt",1.3,0.17,2.13,12.0,94.8,1.4,22.0,102.0,107.0,0.25,usda,0
168442,"Potatoes, french fried, all types, salt added in processing, frozen, unprepared",2.24,4.66,24.81,147.0,66.61,1.9,83.0,408.0,332.0,0.2,usda,3
168443,"Potato wedges, frozen (Includes foods for USDA's Food Distribution Program)",2.7,2.2,25.46,129.0,68.3,2.0,87.0,394.0,49.0,0.3,usda,0
168444,"Potatoes, french fried, steak fries, salt added in processing, frozen, as purchased",2.19,3.39,23.51,130.0,69.29,1.9,78.0,400.0,317.0,0.2,usda,0
168445,"Potatoes, french fried, steak fries, salt added in processing, frozen, oven-heated",2.57,3.76,26.98,148.0,64.85,2.6,90.0,459.0,373.0,0.25,usda,3
168446,Potato flour,6.9,0.34,83.1,357.0,6.52,5.9,168.0,1001.0,55.0,3.52,usda,3
168447,"Pumpkin leaves, cooked, boiled, drained, without salt",2.72,0.22,3.39,21.0,92.51,2.7,79.0,438.0,8.0,0.69,usda,0
168448,"Pumpkin, raw",1.0,0.1,6.5,26.0,91.6,0.5,44.0,340.0,1.0,2.76,usda,0
168449,"Pumpkin, cooked, boiled, drained, without salt",0.72,0.07,4.9,20.0,93.69,1.1,30.0,230.0,1.0,2.08,usda,0
168450,"Pumpkin, canned, without salt",1.1,0.28,8.09,34.0,89.97,2.9,35.0,206.0,5.0,3.3,usda,0
168451,"Radishes, oriental, raw",0.6,0.1,4.1,18.0,94.62,1.6,23.0,227.0,21.0,2.5,usda,0
168452,"Radishes, oriental, cooked, boiled, drained, without salt",0.67,0.24,3.43,17.0,95.04,1.6,24.0,285.0,13.0,1.83,usda,0
168453,"Radishes, oriental, dried",7.9,0.72,63.37,271.0,19.68,23.9,204.0,3494.0,278.0,37.32,usda,3
168454,"Rutabagas, raw",1.08,0.16,8.62,37.0,89.43,2.3,53.0,305.0,12.0,4.46,usda,0
168455,"Rutabagas, cooked, boiled, drained, without salt",0.93,0.18,6.84,30.0,91.54,1.8,41.0,216.0,5.0,3.95,usda,0
168456,"Seaweed, irishmoss, raw",1.51,0.16,12.29,49.0,81.34,1.3,157.0,63.0,67.0,0.61,usda,0
168457,"Seaweed, kelp, raw",1.68,0.56,9.57,43.0,81.58,1.3,42.0,89.0,233.0,0.6,usda,0
168458,"Seaweed, laver, raw",5.81,0.28,5.11,35.0,85.03,0.3,58.0,356.0,48.0,0.49,usda,0
168459,"Sesbania flower, raw",1.28,0.04,6.73,27.0,91.58,0.2,30.0,184.0,15.0,1.25,usda,0
168460,"Soybeans, mature seeds, sprouted, cooked, steamed",8.47,4.45,6.53,81.0,79.45,0.8,135.0,355.0,10.0,0.52,usda,1
168461,"Soybeans, mature seeds, sprouted, cooked, stir-fried",13.1,7.1,9.4,125.0,67.2,0.8,216.0,567.0,14.0,1.25,usda,1
168462,"Spinach, raw",2.86,0.39,3.63,23.0,91.4,2.2,49.0,558.0,79.0,0.42,usda,0
168463,"Spinach, cooked, boiled, drained, without salt",2.97,0.26,3.75,23.0,91.21,2.4,56.0,466.0,70.0,0.43,usda,0
168464,"Squash, summer, crookneck and straightneck, raw",1.01,0.27,3.88,19.0,94.28,1.0,32.0,222.0,2.0,2.88,usda,0
168465,"Squash, summer, crookneck and straightneck, cooked, boiled, drained, without salt",1.04,0.39,3.79,19.0,94.25,1.1,29.0,177.0,1.0,2.48,usda,0
168466,"Squash, summer, crookneck and straightneck, canned, drained, solid, without salt",0.61,0.07,2.96,13.0,96.04,1.4,21.0,96.0,5.0,1.19,usda,0
168467,"Squash, summer, crookneck and straightneck, frozen, unprepared",0.83,0.14,4.8,20.0,93.66,1.2,35.0,209.0,5.0,1.25,usda,0
168468,"Squash, summer, crookneck and straightneck, frozen, cooked, boiled, drained, without salt",1.28,0.2,5.54,25.0,92.24,1.4,41.0,253.0,6.0,2.33,usda,0
168469,"Squash, summer, zucchini, includes skin, frozen, unprepared",1.16,0.13,3.58,17.0,94.7,1.3,28.0,218.0,2.0,1.71,usda,0
168470,"Squash, summer, zucchini, includes skin, frozen, cooked, boiled, drained, without salt",1.15,0.13,3.56,17.0,94.74,1.3,25.0,194.0,2.0,1.69,usda,0
168471,"Squash, summer, zucchini, italian style, canned",1.03,0.11,6.85,29.0,90.61,0.2,29.0,274.0,374.0,1.25,usda,0
168472,"Squash, winter, acorn, raw",0.8,0.1,10.42,40.0,87.78,1.5,36.0,347.0,3.0,1.25,usda,0
168473,"Squash, winter, butternut, frozen, unprepared",1.76,0.1,14.41,57.0,82.5,1.3,22.0,212.0,2.0,2.83,usda,0
168474,"Squash, winter, butternut, frozen, cooked, boiled, without salt",1.23,0.07,10.05,39.0,87.8,0.2,14.0,133.0,2.0,1.25,usda,0
168475,"Squash, winter, hubbard, raw",2.0,0.5,8.7,40.0,88.0,3.9,21.0,320.0,7.0,3.95,usda,0
168476,"Squash, winter, hubbard, baked, without salt",2.48,0.62,10.81,50.0,85.1,4.9,23.0,358.0,8.0,4.9,usda,0
168477,"Succotash, (corn and limas), cooked, boiled, drained, without salt",5.07,0.8,24.38,115.0,68.37,4.5,117.0,410.0,17.0,1.25,usda,0
168478,"Succotash, (corn and limas), canned, with cream style corn",2.64,0.54,17.61,77.0,78.17,3.0,59.0,183.0,245.0,1.25,usda,0
168479,"Succotash, (corn and limas), canned, with whole kernel corn, solids and liquids",2.6,0.49,13.98,63.0,81.96,2.6,55.0,163.0,221.0,1.25,usda,0
168480,"Succotash, (corn and limas), frozen, unprepared",4.31,0.89,19.94,93.0,74.11,4.0,78.0,295.0,45.0,1.25,usda,0
168481,"Succotash, (corn and limas), frozen, cooked, boiled, drained, without salt",4.31,0.89,19.95,93.0,74.1,4.1,70.0,265.0,45.0,2.21,usda,0
168482,"Sweet potato, raw, unprepared (Includes foods for USDA's Food Distribution Program)",1.57,0.05,20.12,86.0,77.28,3.0,47.0,337.0,55.0,4.18,usda,0
168483,"Sweet potato, cooked, baked in skin, flesh, without salt",2.01,0.15,20.71,90.0,75.78,3.3,54.0,475.0,36.0,6.48,usda,0
168484,"Sweet potato, cooked, boiled, without skin",1.37,0.14,17.72,76.0,80.13,2.5,32.0,230.0,27.0,5.74,usda,0
168485,"Sweet potato, canned, vacuum pack",1.65,0.2,21.12,91.0,76.03,1.8,49.0,312.0,53.0,5.0,usda,0
168486,"Taro, cooked, without salt",0.52,0.11,34.6,142.0,63.8,5.1,76.0,484.0,15.0,0.49,usda,0
168487,"Taro leaves, raw",4.98,0.74,6.7,42.0,85.66,3.7,60.0,648.0,3.0,3.01,usda,0
168488,"Taro leaves, cooked, steamed, without salt",2.72,0.41,4.02,24.0,92.15,2.0,27.0,460.0,2.0,1.25,usda,0
168489,"Taro shoots, raw",0.92,0.09,2.32,11.0,95.82,0.2,28.0,332.0,1.0,1.25,usda,0
168490,"Arrowroot, raw",4.24,0.2,13.39,65.0,80.75,1.3,98.0,454.0,26.0,1.25,usda,0
168491,"Chrysanthemum leaves, raw",3.36,0.56,3.01,24.0,91.4,3.0,54.0,567.0,118.0,1.25,usda,0
168492,"Amaranth leaves, cooked, boiled, drained, with salt",2.11,0.18,4.11,21.0,91.49,0.2,72.0,641.0,257.0,1.25,usda,0
168493,"Arrowhead, cooked, boiled, drained, with salt",4.49,0.1,16.14,78.0,77.08,0.2,197.0,881.0,254.0,1.25,usda,0
168494,"Asparagus, frozen, cooked, boiled, drained, with salt",2.95,0.42,1.92,18.0,94.1,1.6,49.0,172.0,240.0,0.32,usda,0
168495,"Balsam-pear (bitter gourd), leafy tips, cooked, boiled, drained, with salt",3.6,0.2,6.16,32.0,88.69,1.9,77.0,602.0,249.0,1.04,usda,0
168496,"Balsam-pear (bitter gourd), pods, cooked, boiled, drained, with salt",0.84,0.18,4.32,19.0,93.95,2.0,36.0,319.0,242.0,1.95,usda,0
168497,"Bamboo shoots, cooked, boiled, drained, with salt",1.53,0.22,1.52,11.0,95.92,1.0,20.0,533.0,240.0,1.25,usda,0
168498,"Lima beans, immature seeds, frozen, fordhook, cooked, boiled, drained, with salt",6.07,0.34,19.32,103.0,72.98,5.3,97.0,304.0,289.0,1.34,usda,0
168499,"Mung beans, mature seeds, sprouted, cooked, boiled, drained, with salt",2.03,0.09,3.6,19.0,93.39,0.8,28.0,101.0,246.0,2.84,usda,0
168500,"Beans, navy, mature seeds, sprouted, cooked, boiled, drained, with salt",7.07,0.81,15.01,78.0,76.02,0.2,103.0,317.0,250.0,1.25,usda,0
168501,"Beans, pinto, immature seeds, frozen, cooked, boiled, drained, with salt",9.31,0.48,30.87,162.0,58.01,5.4,100.0,646.0,319.0,1.25,usda,3
168502,"Beans, snap, green, canned, no salt added, solids and liquids",0.8,0.1,3.5,15.0,94.68,1.5,19.0,92.0,14.0,1.25,usda,0
168503,"Beans, snap, yellow, canned, regular pack, solids and liquids",0.8,0.1,3.5,15.0,94.68,1.5,19.0,98.0,259.0,0.62,usda,0
168504,"Beans, snap, yellow, canned, no salt added, solids and liquids",0.8,0.1,3.5,15.0,94.68,1.5,19.0,98.0,14.0,0.62,usda,0
168505,"Beans, snap, green, canned, no salt added, drained solids",1.12,0.46,4.32,22.0,93.38,1.9,20.0,96.0,2.0,0.78,usda,0
168506,"Beets, cooked, boiled. drained, with salt",1.68,0.18,9.96,44.0,87.06,2.0,38.0,305.0,285.0,7.96,usda,0
168507,"Beets, canned, no salt added, solids and liquids",0.8,0.07,6.57,28.0,91.62,1.2,16.0,142.0,21.0,5.38,usda,0
168508,"Beet greens, cooked, boiled, drained, with salt",2.57,0.2,5.46,27.0,89.13,2.9,41.0,909.0,477.0,0.6,usda,0
168509,"Borage, cooked, boiled, drained, with salt",2.09,0.81,3.55,25.0,91.88,0.2,55.0,491.0,324.0,1.25,usda,0
168510,"Broccoli, cooked, boiled, drained, with salt",2.38,0.41,7.18,35.0,89.25,3.3,67.0,293.0,262.0,1.39,usda,0
168511,"Broccoli, frozen, chopped, cooked, boiled, drained, with salt",3.1,0.12,5.35,28.0,90.72,3.0,49.0,142.0,260.0,1.47,usda,0
168512,"Broccoli, frozen, spears, cooked, boiled, drained, with salt",3.1,0.11,5.35,28.0,90.72,3.0,55.0,180.0,260.0,1.44,usda,0
168513,"Brussels sprouts, cooked, boiled, drained, with salt",2.55,0.5,7.1,36.0,88.9,2.6,56.0,317.0,257.0,1.74,usda,0
168514,"Cabbage, common, cooked, boiled, drained, with salt",1.27,0.06,5.51,23.0,92.57,1.9,33.0,196.0,255.0,2.79,usda,0
168515,"Cabbage, red, cooked, boiled, drained, with salt",1.51,0.09,6.94,29.0,90.84,2.6,33.0,262.0,244.0,3.32,usda,0
168516,"Cabbage, savoy, cooked, boiled, drained, with salt",1.8,0.09,5.41,24.0,92.0,2.8,33.0,184.0,260.0,1.25,usda,0
168517,"Cabbage, chinese (pak-choi), cooked, boiled, drained, with salt",1.56,0.16,1.78,12.0,95.55,1.0,29.0,371.0,270.0,0.83,usda,0
168518,"Carrots, canned, no salt added, drained solids",0.64,0.19,5.54,25.0,92.95,1.5,24.0,179.0,42.0,2.48,usda,0
168519,"Carrots, frozen, cooked, boiled, drained, with salt",0.58,0.68,7.73,37.0,90.32,3.3,31.0,192.0,295.0,4.08,usda,0
168520,"Cauliflower, cooked, boiled, drained, with salt",1.84,0.45,4.11,23.0,93.0,2.3,32.0,142.0,242.0,1.86,usda,0
168521,"Cauliflower, frozen, cooked, boiled, drained, with salt",1.61,0.22,3.16,17.0,94.0,2.7,24.0,139.0,254.0,0.46,usda,0
168522,"Chrysanthemum, garland, cooked, boiled, drained, with salt",1.64,0.09,4.31,20.0,92.49,2.3,43.0,569.0,289.0,2.01,usda,0
168523,"Collards, cooked, boiled, drained, with salt",2.71,0.72,5.65,33.0,90.18,4.0,32.0,117.0,252.0,1.25,usda,0
168524,"Collards, frozen, chopped, cooked, boiled, drained, with salt",2.97,0.41,7.1,36.0,88.47,2.8,27.0,251.0,286.0,0.57,usda,0
168525,"Corn, sweet, yellow, cooked, boiled, drained, with salt",3.41,1.5,20.98,96.0,73.41,2.4,77.0,218.0,253.0,4.54,usda,0
168526,"Cowpeas (blackeyes), immature seeds, cooked, boiled, drained, with salt",3.17,0.38,19.73,94.0,75.48,5.0,51.0,418.0,240.0,3.23,usda,0
168527,"Cowpeas (blackeyes), immature seeds, frozen, cooked, boiled, drained, with salt",8.49,0.66,23.5,131.0,66.1,6.4,122.0,375.0,241.0,4.46,usda,3
168528,"Cowpeas, young pods with seeds, cooked, boiled, drained, with salt",2.6,0.3,7.0,34.0,89.5,0.2,49.0,196.0,239.0,1.25,usda,0
168529,"Cowpeas, leafy tips, cooked, boiled, drained, with salt",4.67,0.1,2.8,22.0,91.3,0.2,42.0,351.0,242.0,1.25,usda,0
168530,"Gourd, dishcloth (towelgourd), cooked, boiled, drained, with salt",0.66,0.34,13.75,54.0,84.29,2.9,31.0,453.0,257.0,5.17,usda,0
168531,"Drumstick leaves, cooked, boiled, drained, with salt",5.27,0.93,11.15,60.0,81.65,2.0,67.0,344.0,245.0,1.0,usda,0
168532,"Drumstick pods, cooked, boiled, drained, with salt",2.09,0.19,8.18,36.0,88.42,4.2,49.0,457.0,279.0,1.25,usda,0
168533,"Hyacinth-beans, immature seeds, cooked, boiled, drained, with salt",2.95,0.27,9.2,50.0,86.9,0.2,49.0,262.0,238.0,1.25,usda,0
168534,"Lambsquarters, cooked, boiled, drained, with salt",3.2,0.7,5.0,32.0,88.9,2.1,45.0,288.0,265.0,0.62,usda,0
168535,"Leeks, (bulb and lower leaf-portion), cooked, boiled, drained, with salt",0.81,0.2,7.62,31.0,90.8,1.0,17.0,87.0,246.0,2.11,usda,0
168536,"Lotus root, cooked, boiled, drained, with salt",1.58,0.07,16.02,66.0,81.42,3.1,78.0,363.0,281.0,1.25,usda,0
168537,"Mushrooms, white, cooked, boiled, drained, with salt",2.17,0.47,5.29,28.0,91.08,2.2,87.0,356.0,238.0,2.34,usda,0
168538,"Corn, sweet, white, raw",3.22,1.18,19.02,86.0,75.96,2.7,89.0,270.0,15.0,3.22,usda,0
168539,"Corn, sweet, white, cooked, boiled, drained, without salt",3.34,1.41,21.71,97.0,72.84,2.7,92.0,252.0,3.0,7.73,usda,0
168540,"Corn, sweet, white, cooked, boiled, drained, with salt",3.34,1.41,21.71,97.0,72.84,2.7,92.0,252.0,253.0,7.73,usda,0
168541,"Corn, sweet, white, canned, whole kernel, regular pack, solids and liquids",1.95,0.5,15.41,64.0,81.34,1.7,51.0,164.0,213.0,1.25,usda,0
168542,"Corn, sweet, white, canned, vacuum pack, regular pack",2.41,0.5,19.44,79.0,76.58,2.0,64.0,186.0,272.0,1.25,usda,0
168543,"Corn, sweet, white, canned, vacuum pack, no salt added",2.41,0.5,19.44,79.0,76.58,2.0,64.0,186.0,3.0,1.25,usda,0
168544,"Corn, sweet, white, frozen, kernels cut off cob, unprepared",3.02,0.77,20.73,88.0,75.0,2.9,70.0,213.0,3.0,9.09,usda,0
168545,"Corn, sweet, white, frozen, kernels cut off cob, boiled, drained, without salt",2.75,0.43,19.56,80.0,76.73,2.4,57.0,147.0,5.0,3.12,usda,0
168546,"Peppers, sweet, red, canned, solids and liquids",0.8,0.3,3.9,18.0,91.25,1.2,20.0,146.0,1369.0,1.25,usda,0
168547,"Peppers, sweet, red, frozen, chopped, unprepared",1.08,0.21,4.45,20.0,93.96,1.6,17.0,91.0,5.0,3.26,usda,0
168548,"Peppers, sweet, red, frozen, chopped, boiled, drained, without salt",0.95,0.18,3.31,16.0,94.7,0.8,13.0,72.0,4.0,2.86,usda,0
168549,"Peppers, sweet, red, frozen, chopped, boiled, drained, with salt",0.95,0.18,3.31,16.0,94.7,0.8,13.0,72.0,240.0,2.86,usda,0
168550,"Peppers, sweet, red, sauteed",1.04,12.75,6.57,133.0,78.95,1.8,23.0,193.0,21.0,4.28,usda,0
168551,"Lentils, sprouted, cooked, stir-fried, with salt",8.8,0.45,21.25,101.0,68.7,0.2,153.0,284.0,246.0,1.25,usda,0
168552,"Mountain yam, hawaii, cooked, steamed, with salt",1.73,0.08,19.99,82.0,77.14,0.2,40.0,495.0,248.0,1.25,usda,0
168553,"Tree fern, cooked, with salt",0.29,0.07,10.78,40.0,88.6,3.7,4.0,5.0,241.0,1.25,usda,0
168554,"Potatoes, mashed, prepared from granules, without milk, whole milk and margarine",2.05,4.93,14.4,108.0,77.48,2.2,60.0,145.0,263.0,1.25,usda,0
168555,"Potatoes, mashed, home-prepared, whole milk and butter added",1.86,4.22,16.81,113.0,75.61,1.5,45.0,284.0,317.0,1.43,usda,0
168556,Catsup,1.04,0.1,27.4,101.0,68.51,0.3,26.0,281.0,907.0,21.27,usda,0
168557,"Mushrooms, brown, italian, or crimini, exposed to ultraviolet light, raw",2.5,0.1,4.3,22.0,92.12,0.6,120.0,448.0,6.0,1.72,usda,0
168558,"Pickles, cucumber, dill or kosher dill",0.5,0.3,2.41,12.0,94.34,1.0,16.0,117.0,809.0,1.07,usda,0
168559,"Pimento, canned",1.1,0.3,5.1,23.0,93.1,1.9,17.0,158.0,14.0,2.71,usda,0
168560,"Pickle relish, hot dog",1.5,0.46,23.35,91.0,71.65,1.5,40.0,78.0,1091.0,1.25,usda,0
168561,"Pickle relish, sweet",0.37,0.47,35.06,130.0,62.07,1.1,14.0,25.0,811.0,29.13,usda,0
168562,"Pickles, cucumber, sour, low sodium",0.33,0.2,2.26,11.0,94.08,1.2,14.0,23.0,18.0,1.06,usda,0
168563,"Pickles, cucumber, dill, reduced sodium",0.5,0.3,2.41,12.0,94.34,1.0,16.0,117.0,18.0,1.07,usda,0
168564,"Radicchio, raw",1.43,0.25,4.48,23.0,93.14,0.9,40.0,302.0,22.0,0.6,usda,0
168565,"Squash, zucchini, baby, raw",2.71,0.4,3.11,21.0,92.73,1.1,93.0,459.0,3.0,1.25,usda,0
168566,"Tomatillos, raw",0.96,1.02,5.84,32.0,91.63,1.9,39.0,268.0,1.0,3.93,usda,0
168567,"Tomatoes, sun-dried",14.11,2.97,55.76,258.0,14.56,12.3,356.0,3427.0,107.0,37.59,usda,3
168568,"Carrots, baby, raw",0.64,0.13,8.24,35.0,90.35,2.9,28.0,237.0,78.0,4.76,usda,0
168569,"Hearts of palm, canned",2.52,0.62,4.62,28.0,90.2,2.4,65.0,177.0,426.0,1.25,usda,0
168570,"Peppers, hot chile, sun-dried",10.58,5.81,69.86,324.0,7.15,28.7,159.0,1870.0,91.0,41.06,usda,3
168571,"Nopales, raw",1.32,0.09,3.33,16.0,94.12,2.2,16.0,257.0,21.0,1.15,usda,0
168572,"Cabbage, napa, cooked",1.1,0.17,2.23,12.0,96.33,0.2,19.0,87.0,11.0,1.25,usda,0
168573,"Lemon grass (citronella), raw",1.82,0.49,25.31,99.0,70.58,0.2,101.0,723.0,6.0,1.25,usda,0
168574,"Beans, fava, in pod, raw",7.92,0.73,17.63,88.0,72.6,7.5,129.0,332.0,25.0,9.21,usda,0
168575,"Grape leaves, raw",5.6,2.12,17.31,93.0,73.32,11.0,91.0,272.0,9.0,6.3,usda,0
168576,"Peppers, jalapeno, raw",0.91,0.37,6.5,29.0,91.69,2.8,26.0,248.0,3.0,4.12,usda,0
168577,"Peppers, chili, green, canned",0.72,0.27,4.6,21.0,93.25,1.7,11.0,113.0,397.0,1.25,usda,0
168578,"Peppers, hungarian, raw",0.8,0.41,6.7,29.0,91.51,1.0,29.0,202.0,1.0,3.53,usda,0
168579,"Peppers, pasilla, dried",12.35,15.85,51.13,345.0,14.84,26.8,267.0,2222.0,89.0,1.25,usda,3
168580,"Mushrooms, oyster, raw",3.31,0.41,6.09,33.0,89.18,2.3,120.0,420.0,18.0,1.11,usda,0
168581,"Fungi, Cloud ears, dried",9.25,0.73,73.01,284.0,14.8,70.1,184.0,754.0,35.0,1.25,usda,3
168582,"Mushrooms, straw, canned, drained solids",3.83,0.68,4.64,32.0,89.88,2.5,61.0,78.0,384.0,1.25,usda,0
168583,"Wasabi, root, raw",4.8,0.63,23.54,109.0,69.11,7.8,80.0,568.0,17.0,1.25,usda,0
168584,"Fiddlehead ferns, frozen, unprepared",4.31,0.35,5.74,34.0,88.91,0.2,58.0,129.0,0.0,1.25,usda,0
168585,"Nuts, coconut meat, dried (desiccated), creamed",5.3,69.08,21.52,684.0,1.67,0.2,209.0,551.0,37.0,1.25,usda,3
168586,"Nuts, coconut meat, dried (desiccated), sweetened, shredded",2.88,35.49,47.67,501.0,12.55,4.5,107.0,337.0,262.0,43.17,usda,3
168587,"Seeds, sisymbrium sp. seeds, whole, dried",12.14,4.6,58.26,318.0,6.1,0.2,6.0,2130.0,92.0,1.25,usda,3
168588,"Nuts, almond butter, plain, without salt added",20.96,55.5,18.82,614.0,1.64,10.3,508.0,748.0,7.0,4.43,usda,3
168589,"Nuts, chestnuts, japanese, boiled and steamed",0.82,0.19,12.64,56.0,86.03,0.2,26.0,119.0,5.0,1.25,usda,0
168590,"Nuts, chestnuts, japanese, roasted",2.97,0.8,45.13,201.0,49.9,0.2,93.0,427.0,19.0,1.25,usda,0
168591,"Seeds, lotus seeds, raw",4.13,0.53,17.28,89.0,77.0,0.2,168.0,367.0,1.0,1.25,usda,0
168592,"Nuts, almonds, honey roasted, unblanched",18.17,49.9,27.9,594.0,1.7,13.7,400.0,560.0,130.0,1.25,usda,3
168593,"Seeds, sunflower seed kernels, oil roasted, with salt added",20.06,51.3,22.89,592.0,1.54,10.6,1139.0,483.0,303.0,3.11,usda,3
168594,"Seeds, sunflower seed kernels, toasted, with salt added",17.21,56.8,20.59,619.0,1.0,11.5,1158.0,491.0,613.0,1.25,usda,3
168595,"Seeds, sunflower seed butter, with salt added (Includes foods for USDA's Food Distribution Program)",17.28,55.2,23.32,617.0,0.62,5.7,666.0,576.0,331.0,10.54,usda,3
168596,"Nuts, almonds, dry roasted, with salt added",20.96,52.54,21.01,598.0,2.41,10.9,471.0,713.0,234.0,4.86,usda,3
168597,"Nuts, cashew butter, plain, with salt added",12.12,53.03,30.3,609.0,2.34,3.0,388.0,447.0,295.0,9.09,usda,3
168598,"Nuts, macadamia nuts, dry roasted, with salt added",7.79,76.08,12.83,716.0,1.61,8.0,198.0,363.0,353.0,4.14,usda,3
168599,"Nuts, mixed nuts, dry roasted, with peanuts, with salt added",17.3,51.45,25.35,594.0,1.75,9.0,435.0,693.0,345.0,4.8,usda,3
168600,"Nuts, mixed nuts, oil roasted, with peanuts, with salt added",20.04,53.95,21.05,607.0,2.08,7.0,456.0,632.0,273.0,4.15,usda,3
168601,"Seeds, pumpkin and squash seeds, whole, roasted, with salt added",18.55,19.4,53.75,446.0,4.5,18.4,92.0,919.0,2541.0,1.25,usda,3
168602,"Nuts, almonds, oil roasted, lightly salted",21.23,55.17,17.68,607.0,2.8,10.5,466.0,699.0,143.0,4.55,usda,3
168603,"Nuts, almond butter, plain, with salt added",20.96,55.5,18.82,614.0,1.64,10.3,508.0,748.0,227.0,6.27,usda,3
168604,"Seeds, sesame butter, tahini, type of kernels unspecified",17.4,53.01,21.5,592.0,3.0,4.7,790.0,459.0,35.0,1.25,usda,3
168605,"Beef, retail cuts, separable fat, raw",8.21,70.89,0.0,674.0,20.21,0.0,61.0,96.0,26.0,0.0,usda,1
168606,"Beef, retail cuts, separable fat, cooked",10.65,70.33,0.0,680.0,18.58,0.0,64.0,99.0,23.0,0.0,usda,1
168607,"Beef, brisket, whole, separable lean only, all grades, raw",20.72,7.37,0.6,157.0,70.29,0.0,201.0,330.0,79.0,0.0,usda,1
168608,"Beef, grass-fed, ground, raw",19.42,12.73,0.0,198.0,67.13,0.0,175.0,289.0,68.0,0.0,usda,1
168609,"Beef, flank, steak, separable lean only, trimmed to 0"" fat, choice, raw",21.72,6.29,0.0,149.0,68.72,0.0,204.0,340.0,57.0,0.0,usda,1
168610,"Beef, flank, steak, separable lean only, trimmed to 0"" fat, choice, cooked, braised",28.02,13.0,0.0,237.0,57.27,0.0,267.0,351.0,72.0,0.0,usda,1
168611,"Beef, flank, steak, separable lean only, trimmed to 0"" fat, choice, cooked, broiled",27.82,8.32,0.0,194.0,64.06,0.0,211.0,338.0,56.0,0.0,usda,1
168612,"Beef, rib, eye, small end (ribs 10-12), separable lean and fat, trimmed to 0"" fat, choice, raw",17.51,22.07,0.0,274.0,58.03,0.0,168.0,305.0,56.0,1.25,usda,1
168613,"Beef, rib, shortribs, separable lean and fat, choice, cooked, braised",21.57,41.98,0.0,471.0,35.72,0.0,162.0,224.0,50.0,0.0,usda,1
168614,"Beef, rib, shortribs, separable lean only, choice, raw",19.05,10.19,0.4,175.0,69.38,0.0,190.0,357.0,65.0,1.25,usda,1
168615,"Beef, rib, shortribs, separable lean only, choice, cooked, braised",30.76,18.13,0.0,295.0,50.15,0.0,235.0,313.0,58.0,0.0,usda,1
168616,"Beef, round, full cut, separable lean only, trimmed to 1/4"" fat, choice, cooked, broiled",29.21,7.31,0.0,191.0,60.5,0.0,256.0,422.0,64.0,0.0,usda,1
168617,"Beef, round, full cut, separable lean only, trimmed to 1/4"" fat, select, cooked, broiled",29.25,5.22,0.0,172.0,62.44,0.0,256.0,423.0,64.0,1.25,usda,1
168618,"Beef, short loin, porterhouse steak, separable lean only, trimmed to 1/8"" fat, choice, cooked, grilled",27.65,11.36,0.0,221.0,60.31,0.0,224.0,290.0,67.0,0.0,usda,1
168619,"Beef, short loin, t-bone steak, bone-in, separable lean only, trimmed to 1/8"" fat, choice, raw",22.1,7.27,0.0,160.0,69.97,0.0,196.0,263.0,35.0,0.0,usda,1
168620,"Beef, short loin, t-bone steak, bone-in, separable lean only, trimmed to 1/8"" fat, choice, cooked, grilled",27.48,11.05,0.0,217.0,60.6,0.0,210.0,280.0,68.0,0.0,usda,1
168621,"Beef, rib eye, small end (ribs 10-12), separable lean only, trimmed to 0"" fat, select, raw",21.17,6.57,0.0,149.0,71.33,0.0,157.0,297.0,52.0,0.0,usda,1
168622,"Beef, variety meats and by-products, brain, raw",10.86,10.3,1.05,143.0,76.29,0.0,362.0,274.0,126.0,0.0,usda,1
168623,"Beef, variety meats and by-products, brain, cooked, pan-fried",12.57,15.83,0.0,196.0,70.75,0.0,386.0,354.0,158.0,1.25,usda,1
168624,"Beef, variety meats and by-products, brain, cooked, simmered",11.67,10.53,1.48,151.0,74.86,0.0,335.0,244.0,108.0,0.0,usda,1
168625,"Beef, variety meats and by-products, heart, raw",17.72,3.94,0.14,112.0,77.11,0.0,212.0,287.0,98.0,0.0,usda,1
168626,"Beef, variety meats and by-products, liver, cooked, braised",29.08,5.26,5.13,191.0,58.81,0.0,497.0,352.0,79.0,0.0,usda,1
168627,"Beef, variety meats and by-products, liver, cooked, pan-fried",26.52,4.68,5.16,175.0,62.01,0.0,485.0,351.0,77.0,0.0,usda,1
168628,"Beef, variety meats and by-products, lungs, raw",16.2,2.5,0.0,92.0,79.38,0.0,224.0,340.0,198.0,1.25,usda,1
168629,"Beef, variety meats and by-products, lungs, cooked, braised",20.4,3.7,0.0,120.0,76.4,0.0,178.0,173.0,101.0,1.25,usda,1
168630,"Beef, variety meats and by-products, mechanically separated beef, raw",14.97,23.52,0.0,276.0,59.39,0.0,324.0,277.0,57.0,1.25,usda,1
168631,"Beef, loin, top loin steak, boneless, lip off, separable lean and fat, trimmed to 0"" fat, select, cooked, grilled",29.16,9.12,0.0,207.0,61.71,0.0,274.0,371.0,57.0,0.0,usda,1
168632,"Beef, loin, top loin steak, boneless, lip off, separable lean only, trimmed to 0"" fat, all grades, cooked, grilled",29.53,8.41,0.0,202.0,61.74,0.0,275.0,376.0,61.0,0.0,usda,1
168633,"Beef, top sirloin, steak, separable lean and fat, trimmed to 0"" fat, select, cooked, broiled",29.65,8.8,0.0,206.0,60.97,0.0,239.0,381.0,63.0,0.0,usda,1
168634,"Beef, top sirloin, steak, separable lean only, trimmed to 0"" fat, all grades, cooked, broiled",30.55,5.79,0.0,183.0,62.98,0.0,244.0,393.0,64.0,0.0,usda,1
168635,"Beef, top sirloin, steak, separable lean only, trimmed to 0"" fat, choice, cooked, broiled",30.29,6.55,0.0,188.0,62.38,0.0,237.0,380.0,63.0,0.0,usda,1
168636,"Beef, top sirloin, steak, separable lean only, trimmed to 0"" fat, select, cooked, broiled",30.8,5.03,0.0,177.0,63.58,0.0,253.0,410.0,66.0,0.0,usda,1
168637,"Beef, short loin, porterhouse steak, separable lean only,  trimmed to 1/8"" fat, all grades, cooked, grilled",28.16,10.32,0.0,213.0,61.05,0.0,224.0,291.0,68.0,0.0,usda,1
168638,"Beef, short loin, porterhouse steak, separable lean only, trimmed to 0"" fat, all grades, cooked, broiled",26.07,11.18,0.0,212.0,60.38,0.0,211.0,328.0,69.0,0.0,usda,1
168639,"Beef, short loin, porterhouse steak, separable lean only, trimmed to 0"" fat, choice, cooked, broiled",25.51,12.8,0.0,224.0,59.13,0.0,211.0,301.0,69.0,0.0,usda,1
168640,"Beef, short loin, porterhouse steak, separable lean only, trimmed to 1/8"" fat, select, raw",22.61,5.41,0.0,145.0,71.46,0.0,200.0,266.0,43.0,0.0,usda,1
168641,"Beef, short loin, porterhouse steak, separable lean only, trimmed to 1/8"" fat, select, cooked, grilled",28.92,8.76,0.0,203.0,62.16,0.0,227.0,292.0,67.0,0.0,usda,1
168642,"Beef, short loin, t-bone steak, bone-in, separable lean only, trimmed to 1/8"" fat, all grades, raw",22.22,6.5,0.0,153.0,70.73,0.0,200.0,267.0,42.0,0.0,usda,1
168643,"Beef, short loin, t-bone steak, bone-in, separable lean only, trimmed to 1/8"" fat, all grades, cooked, grilled",27.86,10.37,0.0,212.0,61.15,0.0,219.0,290.0,67.0,0.0,usda,1
168644,"Beef, short loin, t-bone steak, separable lean only, trimmed to 0"" fat, choice, cooked, broiled",25.98,9.61,0.0,198.0,62.5,0.0,215.0,327.0,71.0,0.0,usda,1
168645,"Beef, short loin, t-bone steak, bone-in, separable lean only, trimmed to 1/8"" fat, select, raw",22.41,5.34,0.0,144.0,71.86,0.0,214.0,284.0,57.0,0.0,usda,1
168646,"Beef, round, tip round, roast, separable lean and fat, trimmed to 0"" fat, choice, raw",20.16,7.73,0.0,156.0,71.4,0.0,191.0,309.0,51.0,0.0,usda,1
168647,"Beef, round, tip round, roast, separable lean and fat, trimmed to 0"" fat, select, raw",20.8,6.28,0.0,145.0,72.62,0.0,196.0,327.0,58.0,0.0,usda,1
168648,"Beef, rib, eye, small end (ribs 10- 12) separable lean only, trimmed to 0"" fat, select, cooked, broiled",29.93,6.05,0.0,182.0,63.87,0.0,242.0,392.0,63.0,0.0,usda,1
168649,"Beef, round, top round steak, boneless, separable lean only, trimmed to 0"" fat, all grades, cooked, grilled",30.09,3.77,0.0,162.0,64.28,0.0,306.0,435.0,75.0,0.0,usda,1
168650,"Beef, ground, 70% lean meat / 30% fat, patty cooked, pan-broiled",22.86,15.54,0.0,238.0,59.36,0.0,194.0,308.0,92.0,0.0,usda,1
168651,"Beef, ground, 70% lean meat / 30% fat, patty, cooked, broiled",25.38,18.66,0.0,277.0,55.85,0.0,185.0,275.0,81.0,0.0,usda,1
168652,"Beef, ground, 70% lean meat / 30% fat, raw",14.35,30.0,0.0,332.0,54.3,0.0,132.0,218.0,66.0,0.0,usda,1
168653,"Beef, chuck, under blade center steak, boneless, Denver Cut, separable lean only, trimmed to 0"" fat, select, raw",19.71,8.54,0.21,157.0,70.62,0.0,186.0,329.0,77.0,0.0,usda,1
168654,"Beef, shoulder top blade steak, boneless, separable lean only, trimmed to 0"" fat, all grades, cooked, grilled",28.15,9.23,0.0,196.0,62.11,0.0,224.0,390.0,87.0,0.0,usda,1
168655,"Beef, shoulder top blade steak, boneless, separable lean only, trimmed to 0"" fat, select, raw",20.39,5.73,0.0,133.0,73.35,0.0,211.0,346.0,87.0,0.0,usda,1
168656,"Beef, brisket, flat half, boneless separable lean only, trimmed to 0"" fat, all grades, raw",21.47,5.11,0.0,132.0,72.7,0.0,222.0,362.0,83.0,0.0,usda,1
168657,"Beef, brisket, flat half, boneless, separable lean only, trimmed to 0"" fat, choice, raw",21.28,5.75,0.0,137.0,72.21,0.0,224.0,367.0,82.0,0.0,usda,1
168658,"Beef, brisket, flat half, boneless, separable lean only, trimmed to 0"" fat, select, raw",21.74,4.14,0.0,124.0,73.43,0.0,218.0,353.0,85.0,0.0,usda,1
168659,"Beef, shoulder top blade steak, boneless, separable lean and fat, trimmed to 0"" fat, choice, cooked, grilled",27.51,12.26,0.0,220.0,60.31,0.0,217.0,374.0,84.0,0.0,usda,1
168660,"Beef, chuck eye roast, boneless, America's Beef Roast, separable lean and fat, trimmed to 0"" fat, all grades, raw",19.18,11.48,0.0,180.0,68.8,0.0,189.0,332.0,81.0,0.0,usda,1
168661,"Beef, chuck eye roast, boneless, America's Beef Roast, separable lean and fat, trimmed to 0"" fat, choice, raw",19.14,12.02,0.0,185.0,68.26,0.0,186.0,310.0,80.0,0.0,usda,1
168662,"Beef, chuck eye roast, boneless, America's Beef Roast, separable lean and fat, trimmed to 0"" fat, select, raw",19.25,10.67,0.0,173.0,69.61,0.0,187.0,367.0,82.0,0.0,usda,1
168663,"Beef, composite of trimmed retail cuts, separable lean and fat, trimmed to 1/8"" fat, select, cooked",26.06,15.09,0.0,245.0,58.68,0.0,174.0,262.0,51.0,0.0,usda,1
168664,"Beef, brisket, whole, separable lean and fat, trimmed to 1/8"" fat, all grades, raw",18.42,19.06,0.56,253.0,61.08,0.0,177.0,282.0,69.0,0.0,usda,1
168665,"Beef, brisket, whole, separable lean and fat, trimmed to 1/8"" fat, all grades, cooked, braised",25.85,24.5,0.0,331.0,49.58,0.0,207.0,251.0,64.0,0.0,usda,1
168666,"Beef, brisket, flat half, separable lean and fat, trimmed to 1/8"" fat, all grades, raw",17.94,22.18,0.0,277.0,59.07,0.0,165.0,276.0,59.0,0.0,usda,1
168667,"Beef, chuck, arm pot roast, separable lean and fat, trimmed to 1/8"" fat, all grades, cooked, braised",30.12,19.22,0.0,302.0,50.45,0.0,183.0,242.0,50.0,0.0,usda,1
168668,"Beef, chuck, arm pot roast, separable lean and fat, trimmed to 1/8"" fat, choice, raw",19.14,18.57,0.0,249.0,61.78,0.0,171.0,290.0,63.0,0.0,usda,1
168669,"Beef, chuck, arm pot roast, separable lean and fat, trimmed to 1/8"" fat, choice, cooked, braised",30.2,19.93,0.0,309.0,49.35,0.0,182.0,241.0,49.0,0.0,usda,1
168670,"Beef, chuck, arm pot roast, separable lean and fat, trimmed to 1/8"" fat, select, raw",19.33,17.39,0.0,239.0,62.88,0.0,176.0,290.0,62.0,0.0,usda,1
168671,"Beef, chuck, blade roast, separable lean and fat, trimmed to 1/8"" fat, choice, cooked, braised",26.37,27.26,0.0,359.0,46.32,0.0,198.0,230.0,64.0,0.0,usda,1
168672,"Beef, chuck, blade roast, separable lean and fat, trimmed to 1/8"" fat, select, raw",17.37,17.33,0.0,230.0,62.83,0.0,164.0,276.0,69.0,0.0,usda,1
168673,"Beef, chuck, blade roast, separable lean and fat, trimmed to 1/8"" fat, select, cooked, braised",27.33,22.35,0.0,318.0,49.4,0.0,206.0,237.0,66.0,0.0,usda,1
168674,"Beef, chuck eye roast, boneless, America's Beef Roast, separable lean only, trimmed to 0"" fat, all grades, cooked, roasted",26.65,8.46,0.0,183.0,64.79,0.0,210.0,344.0,80.0,0.0,usda,1
168675,"Beef, rib, whole (ribs 6-12), separable lean and fat, trimmed to 1/8"" fat, choice, raw",16.34,27.93,0.0,322.0,53.85,0.0,154.0,267.0,54.0,1.25,usda,1
168676,"Beef, rib, whole (ribs 6-12), separable lean and fat, trimmed to 1/8"" fat, choice, cooked, broiled",22.26,28.5,0.0,352.0,47.33,0.0,178.0,313.0,63.0,1.25,usda,1
168677,"Beef, rib, whole (ribs 6-12), separable lean and fat, trimmed to 1/8"" fat, choice, cooked, roasted",22.6,29.79,0.0,365.0,46.87,0.0,176.0,302.0,64.0,0.0,usda,1
168678,"Beef, rib, whole (ribs 6-12), separable lean and fat, trimmed to 1/8"" fat, select, raw",16.75,23.95,0.0,288.0,57.48,0.0,159.0,278.0,55.0,1.25,usda,1
168679,"Beef, rib, whole (ribs 6-12), separable lean and fat, trimmed to 1/8"" fat, prime, cooked, roasted",22.57,33.7,0.0,400.0,43.4,0.0,175.0,304.0,65.0,1.25,usda,1
168680,"Beef, rib, large end (ribs 6-9), separable lean and fat, trimmed to 1/8"" fat, all grades, raw",16.26,27.29,0.0,316.0,54.51,0.0,153.0,260.0,55.0,1.25,usda,1
168681,"Beef, rib, large end (ribs 6-9), separable lean and fat, trimmed to 1/8"" fat, all grades, cooked, broiled",21.55,27.22,0.0,338.0,48.74,0.0,182.0,309.0,64.0,1.25,usda,1
168682,"Beef, rib, large end (ribs 6-9), separable lean and fat, trimmed to 1/8"" fat, all grades, cooked, roasted",23.01,28.51,0.0,355.0,47.73,0.0,173.0,293.0,64.0,0.0,usda,1
168683,"Beef, rib, large end (ribs 6-9), separable lean and fat, trimmed to 1/8"" fat, select, cooked, broiled",21.55,25.71,0.0,324.0,50.25,0.0,182.0,309.0,64.0,1.25,usda,1
168684,"Beef, rib, large end (ribs 6-9), separable lean and fat, trimmed to 1/8"" fat, select, cooked, roasted",23.4,25.84,0.0,333.0,49.4,0.0,176.0,299.0,65.0,1.25,usda,1
168685,"Beef, rib, large end (ribs 6-9), separable lean and fat, trimmed to 1/8"" fat, prime, raw",15.77,33.26,0.0,367.0,50.4,0.0,147.0,248.0,53.0,1.25,usda,1
168686,"Beef, rib, large end (ribs 6-9), separable lean and fat, trimmed to 1/8"" fat, prime, cooked, broiled",20.65,34.97,0.0,404.0,43.48,0.0,164.0,298.0,62.0,1.25,usda,1
168687,"Beef, rib, large end (ribs 6-9), separable lean and fat, trimmed to 1/8"" fat, prime, cooked, roasted",22.86,32.74,0.0,393.0,44.49,0.0,172.0,291.0,64.0,1.25,usda,1
168688,"Beef, rib, small end (ribs 10-12), separable lean and fat, trimmed to 1/8"" fat, choice, cooked, broiled",24.53,22.09,0.0,304.0,52.93,0.0,183.0,298.0,49.0,0.0,usda,1
168689,"Beef, rib, small end (ribs 10-12), separable lean and fat, trimmed to 1/8"" fat, choice, cooked, roasted",22.28,29.21,0.0,359.0,47.18,0.0,181.0,319.0,63.0,1.25,usda,1
168690,"Beef, rib, small end (ribs 10-12), separable lean and fat, trimmed to 1/8"" fat, select, raw",19.56,18.0,0.0,246.0,62.0,0.0,180.0,297.0,49.0,0.0,usda,1
168691,"Beef, rib, small end (ribs 10-12), separable lean and fat, trimmed to 1/8"" fat, select, cooked, broiled",27.17,18.0,0.0,278.0,54.36,0.0,219.0,349.0,58.0,0.0,usda,1
168692,"Beef, shoulder top blade steak, boneless, separable lean and fat, trimmed to 0"" fat, select, cooked, grilled",27.7,9.29,0.0,194.0,62.15,0.0,224.0,388.0,88.0,0.0,usda,1
168693,"Beef, shoulder top blade steak, boneless, separable lean and fat, trimmed to 0"" fat, all grades, raw",20.16,7.25,0.0,146.0,71.89,0.0,201.0,335.0,82.0,0.0,usda,1
168694,"Beef, round, full cut, separable lean and fat, trimmed to 1/8"" fat, choice, raw",20.56,11.92,0.0,195.0,65.44,0.0,199.0,342.0,54.0,0.0,usda,1
168695,"Beef, round, full cut, separable lean and fat, trimmed to 1/8"" fat, choice, cooked, broiled",27.54,12.98,0.0,235.0,56.73,0.0,240.0,395.0,62.0,0.0,usda,1
168696,"Beef, round, bottom round, roast, separable lean and fat, trimmed to 1/8"" fat, all grades, cooked, roasted",26.41,11.64,0.0,218.0,61.6,0.0,164.0,214.0,35.0,0.0,usda,1
168697,"Beef, round, bottom round, steak, separable lean and fat, trimmed to 1/8"" fat, choice, raw",20.71,12.15,0.0,198.0,66.32,0.0,197.0,319.0,53.0,0.0,usda,1
168698,"Beef, round, bottom round, steak, separable lean and fat, trimmed to 1/8"" fat, choice, cooked, braised",32.85,12.56,0.0,254.0,54.27,0.0,199.0,263.0,42.0,0.0,usda,1
168699,"Beef, round, bottom round, roast, separable lean and fat, trimmed to 1/8"" fat, choice, cooked, roasted",26.05,12.44,0.0,223.0,61.09,0.0,159.0,210.0,34.0,0.0,usda,1
168700,"Beef, round, bottom round, steak, separable lean and fat, trimmed to 1/8"" fat, select, raw",20.68,10.93,0.0,187.0,67.44,0.0,201.0,335.0,60.0,0.0,usda,1
168701,"Beef, round, eye of round, roast, separable lean and fat, trimmed to 1/8"" fat, choice, raw",21.68,8.91,0.0,173.0,68.57,0.0,206.0,334.0,55.0,0.0,usda,1
168702,"Beef, round, eye of round, roast, separable lean and fat, trimmed to 1/8"" fat, choice, cooked, roasted",28.48,10.05,0.0,212.0,61.36,0.0,171.0,227.0,37.0,0.0,usda,1
168703,"Beef, round, eye of round, roast, separable lean and fat, trimmed to 1/8"" fat, select, raw",21.3,7.57,0.08,160.0,70.06,0.0,208.0,346.0,62.0,0.0,usda,1
168704,"Beef, round, eye of round, roast, separable lean and fat, trimmed to 1/8"" fat, select, cooked, roasted",28.13,9.26,0.0,204.0,62.58,0.0,177.0,228.0,37.0,0.0,usda,1
168705,"Beef, round, tip round, separable lean and fat, trimmed to 1/8"" fat, select, raw",19.74,10.39,0.0,178.0,66.86,0.0,195.0,332.0,58.0,0.0,usda,1
168706,"Beef, round, tip round, roast, separable lean and fat, trimmed to 1/8"" fat, select, cooked, roasted",27.63,10.24,0.0,210.0,62.31,0.0,232.0,370.0,64.0,0.0,usda,1
168707,"Beef, shoulder top blade steak, boneless, separable lean and fat, trimmed to 0"" fat, choice, raw",20.07,7.94,0.0,152.0,71.12,0.0,199.0,336.0,81.0,0.0,usda,1
168708,"Beef, round, top round, separable lean only, trimmed to 1/8"" fat, choice, cooked, pan-fried",33.93,8.33,2.03,228.0,54.18,0.0,286.0,484.0,65.0,0.0,usda,1
168709,"Beef, round, top round, separable lean and fat, trimmed to 1/8"" fat, choice, cooked, braised",34.09,11.61,0.0,250.0,53.83,0.0,214.0,317.0,45.0,0.0,usda,1
168710,"Beef, round, top round, steak, separable lean and fat, trimmed to 1/8"" fat, choice, cooked, broiled",30.7,10.27,0.0,224.0,58.46,0.0,187.0,248.0,40.0,0.0,usda,1
168711,"Beef, round, top round, separable lean and fat, trimmed to 1/8"" fat, choice, cooked, pan-fried",32.99,13.83,0.0,266.0,52.36,0.0,274.0,480.0,68.0,0.0,usda,1
168712,"Beef, round, top round, steak, separable lean and fat, trimmed to 1/8"" fat, select, raw",22.18,7.68,0.0,164.0,69.29,0.0,214.0,357.0,63.0,0.0,usda,1
168713,"Beef, round, top round, separable lean and fat, trimmed to 1/8"" fat, select, cooked, braised",34.6,8.54,0.0,225.0,55.63,0.0,217.0,321.0,45.0,0.0,usda,1
168714,"Beef, brisket, flat half, boneless, separable lean and fat, trimmed to 0"" fat, all grades, raw",20.32,9.29,0.0,165.0,69.89,0.0,210.0,344.0,80.0,0.0,usda,1
168715,"Beef, short loin, porterhouse steak, separable lean and fat, trimmed to 1/8"" fat, choice, raw",20.36,14.58,0.0,218.0,64.12,0.0,188.0,246.0,52.0,0.0,usda,1
168716,"Beef, short loin, porterhouse steak, separable lean and fat, trimmed to 1/8"" fat, choice, cooked, grilled",24.85,19.78,0.0,284.0,54.76,0.0,207.0,255.0,63.0,0.0,usda,1
168717,"Beef, short loin, t-bone steak, separable lean and fat, trimmed to 1/8"" fat, choice, raw",20.0,15.83,0.0,228.0,63.43,0.0,174.0,229.0,35.0,0.0,usda,1
168718,"Beef, short loin, top loin, steak, separable lean and fat, trimmed to 1/8"" fat, choice, cooked, grilled",26.16,18.45,0.0,278.0,54.99,0.0,195.0,316.0,52.0,0.0,usda,1
168719,"Beef, loin, top loin, separable lean and fat, trimmed to 1/8"" fat, select, raw",20.59,15.04,0.0,224.0,63.95,0.0,189.0,313.0,52.0,0.0,usda,1
168720,"Beef, loin, top loin, separable lean and fat, trimmed to 1/8"" fat, select, cooked, grilled",26.72,15.11,0.0,250.0,57.96,0.0,213.0,340.0,57.0,0.0,usda,1
168721,"Beef, short loin, top loin, steak, separable lean and fat, trimmed to 1/8"" fat, prime, raw",19.0,22.17,0.0,281.0,58.42,0.0,163.0,295.0,53.0,0.0,usda,1
168722,"Beef, tenderloin, steak, separable lean and fat, trimmed to 1/8"" fat, choice, cooked, broiled",26.43,17.78,0.0,273.0,55.53,0.0,196.0,318.0,52.0,0.0,usda,1
168723,"Beef, tenderloin, roast, separable lean and fat, trimmed to 1/8"" fat, choice, cooked, roasted",23.9,25.39,0.0,331.0,47.99,0.0,236.0,407.0,65.0,0.0,usda,1
168724,"Beef, tenderloin, steak, separable lean and fat, trimmed to 1/8"" fat, select, raw",19.37,18.46,0.0,249.0,61.33,0.0,182.0,300.0,50.0,0.0,usda,1
168725,"Beef, tenderloin, steak, separable lean and fat, trimmed to 1/8"" fat, select, cooked, broiled",26.48,16.53,0.0,262.0,56.5,0.0,214.0,340.0,57.0,0.0,usda,1
168726,"Beef, top sirloin, steak, separable lean and fat, trimmed to 1/8"" fat, all grades, raw",20.3,12.71,0.0,201.0,66.09,0.0,187.0,315.0,52.0,0.0,usda,1
168727,"Beef, top sirloin, steak, separable lean and fat, trimmed to 1/8"" fat, all grades, cooked, broiled",26.96,14.23,0.0,243.0,58.36,0.0,209.0,336.0,56.0,0.0,usda,1
168728,"Beef, top sirloin, steak, separable lean and fat, trimmed to 1/8"" fat, choice, raw",19.92,14.28,0.0,214.0,64.87,0.0,181.0,309.0,51.0,0.0,usda,1
168729,"Beef, top sirloin, steak, separable lean and fat, trimmed to 1/8"" fat, choice, cooked, broiled",26.8,15.75,0.0,257.0,56.81,0.0,201.0,327.0,54.0,0.0,usda,1
168730,"Beef, chuck, clod roast, separable lean only, trimmed to 0"" fat, select, cooked, roasted",28.09,5.82,0.0,172.0,64.21,0.0,222.0,384.0,74.0,0.0,usda,1
168731,"Beef, shoulder steak, boneless, separable lean only, trimmed to 0"" fat, choice, cooked, grilled",28.54,6.25,0.0,178.0,64.21,0.0,249.0,372.0,68.0,0.0,usda,1
168732,"Beef, shoulder steak, boneless, separable lean only, trimmed to 0"" fat, select, cooked, grilled",28.71,5.17,0.0,169.0,65.24,0.0,249.0,371.0,68.0,0.0,usda,1
168733,"Beef, flank, steak, separable lean and fat, trimmed to 0"" fat, all grades, cooked, broiled",27.66,8.23,0.0,192.0,64.17,0.0,210.0,339.0,56.0,0.0,usda,1
168734,"Beef, bottom sirloin, tri-tip roast, separable lean and fat, trimmed to 0"" fat, all grades, raw",20.64,8.55,0.0,165.0,70.08,0.0,189.0,317.0,52.0,0.0,usda,1
168735,"Beef, bottom sirloin, tri-tip roast, separable lean and fat, trimmed to 0"" fat, choice, cooked, roasted",25.66,12.36,0.0,221.0,61.82,0.0,189.0,308.0,50.0,0.0,usda,1
168736,"Beef, bottom sirloin, tri-tip roast, separable lean and fat, trimmed to 0"" fat, choice, raw",20.64,9.51,0.0,174.0,69.37,0.0,183.0,313.0,51.0,0.0,usda,1
168737,"Beef, bottom sirloin, tri-tip roast, separable lean and fat, trimmed to 0"" fat, select, cooked, roasted",26.44,9.78,0.0,201.0,63.45,0.0,212.0,338.0,56.0,0.0,usda,1
168738,"Beef, chuck, top blade, separable lean only, trimmed to 0"" fat, choice, cooked, broiled",26.11,11.65,0.0,217.0,61.63,0.0,218.0,304.0,68.0,0.0,usda,1
168739,"Beef, chuck, top blade, separable lean only, trimmed to 0"" fat, select, cooked, broiled",26.16,8.0,0.0,184.0,64.32,0.0,217.0,304.0,68.0,0.0,usda,1
168740,"Beef, round, top round steak, boneless, separable lean and fat, trimmed to 0"" fat, choice, cooked, grilled",30.12,4.62,0.0,170.0,64.09,0.0,305.0,426.0,78.0,0.0,usda,1
168741,"Beef, round, top round steak, boneless, separable lean and fat, trimmed to 0"" fat, select, cooked, grilled",29.7,3.85,0.0,162.0,65.58,0.0,304.0,436.0,76.0,0.0,usda,1
168742,"Beef, chuck eye roast, boneless, America's Beef Roast, separable lean only, trimmed to 0"" fat, select, raw",20.52,5.71,0.0,133.0,72.96,0.0,200.0,393.0,86.0,0.0,usda,1
168743,"Beef, brisket, flat half, boneless, separable lean and fat, trimmed to 0"" fat, choice, raw",20.15,9.86,0.0,169.0,69.47,0.0,212.0,349.0,79.0,0.0,usda,1
168744,"Beef, plate, inside skirt steak, separable lean only, trimmed to 0"" fat, all grades, cooked, broiled",26.66,10.06,0.0,205.0,61.77,0.0,236.0,295.0,76.0,0.0,usda,1
168745,"Beef, plate, outside skirt steak, separable lean only, trimmed to 0"" fat, all grades, cooked, broiled",24.18,14.37,0.0,233.0,59.17,0.0,221.0,393.0,94.0,0.0,usda,1
168746,"Alcoholic beverage, beer, regular, all",0.46,0.0,3.55,43.0,91.96,0.0,14.0,27.0,4.0,0.0,usda,0
168747,"Alcoholic beverage, beer, regular, BUDWEISER",0.36,0.0,2.97,41.0,92.77,0.0,13.0,33.0,3.0,1.25,usda,0
168749,"Alcoholic beverage, beer, light",0.24,0.0,1.64,29.0,94.88,0.0,12.0,21.0,4.0,0.09,usda,0
168750,"Alcoholic beverage, pina colada, canned",0.6,7.6,27.6,237.0,54.9,0.1,36.0,83.0,71.0,1.25,usda,0
168751,"Beverages, almond milk, sweetened, vanilla flavor, ready-to-drink",0.42,1.04,6.59,38.0,91.8,0.4,8.0,50.0,63.0,6.25,usda,0
168752,"Alcoholic beverage, pina colada, prepared-from-recipe",0.42,1.88,22.66,174.0,64.99,0.3,7.0,71.0,6.0,22.33,usda,0
168753,"Alcoholic beverage, tequila sunrise, canned",0.3,0.1,11.3,110.0,78.8,0.0,10.0,10.0,57.0,1.25,usda,0
168754,"Candies, milk chocolate, with almonds",9.0,34.4,53.4,526.0,1.5,6.2,264.0,444.0,74.0,43.9,usda,3
168755,"Candies, milk chocolate, with rice cereal",7.64,29.37,59.67,511.0,1.52,3.3,207.0,370.0,86.0,51.06,usda,3
168756,"Candies, MARS SNACKFOOD US, MILKY WAY Bar",4.01,17.23,71.17,456.0,6.3,1.0,67.0,124.0,167.0,59.69,usda,3
168757,"Candies, HERSHEY'S SKOR Toffee Bar",3.13,30.37,63.73,541.0,1.57,1.3,61.0,153.0,317.0,59.89,usda,3
168758,"Toppings, strawberry",0.2,0.1,66.3,254.0,33.0,0.7,5.0,51.0,21.0,27.38,usda,0
168759,"Candies, MOUNDS Candy Bar",4.6,26.6,58.88,493.0,9.05,3.7,91.0,321.0,145.0,46.19,usda,3
168760,"Candies, MR. GOODBAR Chocolate Bar",10.22,33.21,54.34,538.0,0.45,3.8,163.0,394.0,41.0,47.22,usda,3
168761,"Candies, NESTLE, 100 GRAND Bar",2.5,19.33,70.97,468.0,6.1,1.0,86.0,163.0,203.0,51.9,usda,3
168763,"Candies, REESE'S Peanut Butter Cups",10.24,30.53,55.36,515.0,1.44,3.6,161.0,343.0,357.0,47.17,usda,3
168764,"Candies, REESE'S PIECES Candy",12.46,24.77,59.86,497.0,1.0,3.0,207.0,359.0,194.0,53.25,usda,3
168765,"Candies, ROLO Caramels in Milk Chocolate",5.08,20.93,67.95,474.0,4.6,0.9,71.0,188.0,188.0,63.93,usda,3
168767,"Candies, MARS SNACKFOOD US, 3 MUSKETEERS Bar",2.6,12.75,77.77,436.0,5.8,1.5,69.0,133.0,194.0,66.89,usda,3
168768,"Candies, MARS SNACKFOOD US, TWIX Caramel Cookie Bars",4.91,24.85,64.8,502.0,4.23,1.1,105.0,186.0,198.0,48.25,usda,3
168769,"Candies, MARS SNACKFOOD US, TWIX Peanut Butter Cookie Bars",9.18,32.67,54.14,547.0,1.82,3.1,173.0,264.0,226.0,36.13,usda,3
168770,"Candies, WHATCHAMACALLIT Candy Bar",8.04,23.68,63.23,494.0,3.04,1.9,138.0,303.0,299.0,48.86,usda,3
168771,Chewing gum,0.0,0.3,96.7,360.0,2.6,2.4,0.0,2.0,1.0,66.08,usda,2
168772,"Egg custards, dry mix",6.9,6.4,82.8,410.0,1.7,0.0,332.0,540.0,281.0,1.25,usda,3
168773,"Egg custards, dry mix, prepared with whole milk",3.99,4.0,17.6,122.0,73.45,0.0,130.0,207.0,84.0,4.82,usda,0
168775,"Gelatin desserts, dry mix",7.8,0.0,90.5,381.0,1.0,0.0,141.0,7.0,466.0,86.04,usda,3
168776,"Candies, YORK BITES",1.78,7.32,81.64,394.0,9.09,2.0,3.0,108.0,46.0,75.0,usda,3
168777,"Desserts, mousse, chocolate, prepared-from-recipe",4.14,16.0,16.07,225.0,62.94,0.6,117.0,143.0,38.0,14.81,usda,3
168778,"Puddings, chocolate, ready-to-eat",2.09,4.6,23.01,142.0,69.46,0.0,56.0,184.0,152.0,17.17,usda,0
168779,"Puddings, chocolate, dry mix, instant",2.3,1.9,87.9,378.0,3.2,3.6,72.0,236.0,1771.0,67.86,usda,3
168780,"Puddings, chocolate, dry mix, regular, prepared with 2% milk",3.28,2.06,19.76,111.0,73.94,0.8,94.0,156.0,102.0,11.85,usda,0
168781,"Puddings, coconut cream, dry mix, instant, prepared with 2% milk",2.9,2.3,19.2,107.0,74.4,0.1,201.0,132.0,246.0,1.25,usda,0
168782,"Puddings, rice, ready-to-eat",3.23,2.15,18.39,108.0,75.15,0.3,82.0,125.0,97.0,11.59,usda,0
168783,"Puddings, rice, dry mix",2.7,0.1,91.2,376.0,4.8,0.7,39.0,5.0,366.0,1.25,usda,3
168784,"Puddings, vanilla, dry mix, instant",0.0,0.6,92.9,377.0,2.6,0.0,705.0,12.0,1400.0,92.9,usda,3
168785,"Puddings, vanilla, dry mix, instant, prepared with whole milk",2.7,2.9,19.7,114.0,73.5,0.0,197.0,128.0,286.0,18.03,usda,0
168786,"Puddings, lemon, dry mix, instant, prepared with 2% milk",2.76,1.71,20.2,107.0,74.16,0.0,207.0,130.0,268.0,1.25,usda,0
168787,"Egg custards, dry mix, prepared with 2% milk",4.13,2.83,17.61,112.0,74.44,0.0,137.0,214.0,87.0,4.63,usda,0
168788,"Puddings, vanilla, dry mix, regular, prepared with 2% milk",2.94,1.73,18.53,101.0,75.86,0.0,83.0,137.0,159.0,1.25,usda,0
168789,"Rennin, chocolate, dry mix, prepared with 2% milk",3.24,2.06,13.47,85.0,80.39,0.5,98.0,182.0,52.0,1.25,usda,0
168790,"Rennin, vanilla, dry mix, prepared with 2% milk",3.06,1.77,12.34,77.0,82.11,0.0,95.0,142.0,46.0,1.25,usda,0
168791,"Candies, praline, prepared-from-recipe",3.3,25.9,59.59,485.0,10.36,3.5,104.0,217.0,48.0,55.79,usda,3
168792,"Desserts, rennin, vanilla, dry mix",0.0,0.0,99.0,383.0,0.4,0.0,91.0,3.0,6.0,1.25,usda,2
168793,"Rennin, vanilla, dry mix, prepared with whole milk",3.03,3.07,12.21,89.0,80.98,0.0,93.0,140.0,46.0,1.25,usda,0
168794,"Desserts, rennin, tablets, unsweetened",1.0,0.1,19.8,84.0,6.5,0.0,340.0,292.0,26050.0,1.25,usda,3
168795,"Frostings, chocolate, creamy, ready-to-eat",1.1,17.6,63.2,397.0,17.0,0.9,79.0,196.0,183.0,57.7,usda,3
168796,"Flan, caramel custard, dry mix, prepared with whole milk",2.95,3.0,18.68,113.0,74.63,0.0,84.0,160.0,112.0,1.25,usda,0
168797,"Puddings, vanilla, ready-to-eat, fat free",2.02,0.0,20.16,89.0,76.93,0.0,54.0,108.0,191.0,15.12,usda,0
168798,"Puddings, tapioca, ready-to-eat, fat free",1.44,0.35,21.31,94.0,76.25,0.0,66.0,70.0,187.0,14.18,usda,0
168799,"Puddings, chocolate, ready-to-eat, fat free",1.93,0.3,20.87,93.0,76.23,0.3,54.0,208.0,154.0,15.75,usda,0
168800,"Frostings, chocolate, creamy, dry mix, prepared with butter",1.11,13.06,71.8,408.0,13.33,1.9,51.0,143.0,124.0,0.01,usda,3
168801,"Candies, HEATH BITES",3.94,30.38,63.39,530.0,0.86,2.0,71.0,210.0,245.0,60.02,usda,3
168802,"Frostings, vanilla, creamy, dry mix",0.3,4.9,93.8,410.0,0.7,0.1,4.0,7.0,13.0,1.25,usda,2
168803,"Frostings, white, fluffy, dry mix",2.3,0.0,94.9,371.0,1.9,0.0,7.0,117.0,234.0,1.25,usda,3
168809,"Ice creams, chocolate",3.8,11.0,28.2,216.0,55.7,1.2,107.0,249.0,76.0,25.36,usda,3
168810,"Ice creams, strawberry",3.2,8.4,27.6,192.0,60.0,0.9,100.0,188.0,60.0,1.25,usda,3
168812,"Frozen novelties, ice type, italian, restaurant-prepared",0.03,0.02,13.5,53.0,86.4,0.0,0.0,6.0,4.0,1.25,usda,0
168813,"Frozen novelties, ice type, pop",0.0,0.24,19.23,79.0,80.49,0.0,0.0,15.0,7.0,13.66,usda,0
168815,"Frozen yogurts, vanilla, soft-serve",4.0,5.6,24.2,159.0,65.3,0.0,129.0,211.0,87.0,24.0,usda,3
168816,"Fruit butters, apple",0.39,0.3,42.47,173.0,56.45,1.5,8.0,91.0,15.0,35.3,usda,0
168817,"Candies, fudge, chocolate marshmallow, with nuts, prepared-by-recipe",3.24,21.11,67.69,474.0,7.12,2.1,88.0,170.0,79.0,1.25,usda,3
168819,"Marmalade, orange",0.3,0.0,66.3,246.0,33.2,0.7,4.0,37.0,56.0,60.0,usda,0
168820,Molasses,0.0,0.1,74.73,290.0,21.87,0.0,31.0,1464.0,37.0,74.72,usda,0
168821,"Pectin, unsweetened, dry mix",0.3,0.3,90.4,325.0,8.7,8.6,2.0,7.0,200.0,1.25,usda,0
168822,"Pie fillings, apple, canned",0.1,0.1,26.1,100.0,73.4,1.0,7.0,45.0,47.0,13.8,usda,0
168824,"Pie fillings, canned, cherry",0.37,0.07,28.0,115.0,71.23,0.6,15.0,105.0,18.0,1.25,usda,0
168825,"Puddings, banana, dry mix, regular, prepared with whole milk",2.74,2.89,18.44,111.0,74.96,0.0,74.0,118.0,158.0,15.98,usda,0
168826,"Puddings, coconut cream, dry mix, instant",0.9,10.0,83.5,415.0,2.2,4.0,721.0,96.0,1040.0,64.0,usda,3
168827,"Puddings, coconut cream, dry mix, instant, prepared with whole milk",2.9,3.5,19.1,117.0,73.4,0.1,200.0,129.0,246.0,1.25,usda,0
168828,"Puddings, coconut cream, dry mix, regular",1.0,11.36,81.84,434.0,3.7,1.6,35.0,133.0,682.0,80.54,usda,3
168829,"Puddings, coconut cream, dry mix, regular, prepared with whole milk",3.0,3.8,17.7,114.0,74.6,0.2,88.0,157.0,162.0,1.25,usda,0
168830,"Puddings, lemon, dry mix, instant, prepared with whole milk",2.7,2.9,20.1,115.0,73.2,0.0,205.0,127.0,267.0,1.25,usda,0
168831,"Puddings, lemon, dry mix, regular",0.1,0.5,91.8,363.0,5.2,0.1,3.0,5.0,506.0,1.25,usda,2
168832,"Pudding, lemon, dry mix, regular, prepared with sugar, egg yolk and water",0.65,1.12,24.2,109.0,73.62,0.0,16.0,6.0,63.0,13.51,usda,0
168833,"Sugars, brown",0.12,0.0,98.09,380.0,1.34,0.0,4.0,133.0,28.0,97.02,usda,3
168834,"Syrups, chocolate, HERSHEY'S Genuine Chocolate Flavored Lite Syrup",1.4,0.97,34.56,153.0,62.16,0.0,54.0,187.0,100.0,28.57,usda,0
168835,"Syrups, chocolate, fudge-type",4.6,8.9,62.9,350.0,21.8,2.8,97.0,284.0,346.0,34.82,usda,3
168836,"Syrups, corn, dark",0.0,0.0,77.59,286.0,22.01,0.0,11.0,44.0,155.0,77.59,usda,0
168837,"Syrups, corn, light",0.0,0.2,76.79,283.0,22.81,0.0,0.0,1.0,62.0,76.77,usda,2
168838,"Syrups, table blends, pancake, with 2% maple",0.0,0.1,69.6,265.0,30.1,0.0,10.0,6.0,61.0,42.0,usda,0
168839,"Syrups, table blends, corn, refiner, and sugar",0.0,0.0,83.9,319.0,15.6,0.0,8.0,63.0,71.0,1.25,usda,0
168841,"Toppings, butterscotch or caramel",1.21,0.0,57.01,216.0,40.63,0.0,39.0,66.0,341.0,57.0,usda,0
168843,"Candies, MARS SNACKFOOD US, SKITTLES Original Bite Size Candies",0.19,4.37,90.78,405.0,3.83,0.0,1.0,12.0,15.0,75.84,usda,2
168844,"Frostings, vanilla, creamy, dry mix, prepared with margarine",0.34,12.74,74.28,413.0,12.18,0.1,6.0,10.0,114.0,1.25,usda,2
168845,"Frostings, chocolate, creamy, dry mix, prepared with margarine",1.1,12.87,71.02,404.0,14.07,1.9,50.0,143.0,163.0,1.25,usda,3
168846,"Candies, divinity, prepared-from-recipe",1.32,0.06,89.05,364.0,9.16,0.0,2.0,23.0,34.0,78.96,usda,0
168847,"Frozen novelties, ice type, pineapple-coconut",0.0,2.6,23.9,113.0,73.3,0.7,9.0,17.0,35.0,1.25,usda,0
168848,"Frozen yogurts, chocolate, soft-serve",4.0,6.0,24.9,160.0,63.8,2.2,139.0,261.0,98.0,1.25,usda,3
168849,"Snacks, banana chips",2.3,33.6,58.4,519.0,4.3,7.7,56.0,536.0,6.0,35.34,usda,3
168850,"Snacks, beef sticks, smoked",21.5,49.6,5.4,550.0,19.1,0.2,180.0,257.0,1531.0,1.25,usda,1
168851,"Snacks, pork skins, barbecue-flavor",57.9,31.8,1.6,538.0,2.1,0.2,220.0,180.0,2667.0,1.25,usda,1
168852,"Frostings, glaze, chocolate, prepared-from-recipe, with butter, NFSMI Recipe No. C-32",1.42,7.17,72.18,359.0,18.27,1.1,48.0,130.0,132.0,64.3,usda,3
168853,"Snack, potato chips, made from dried potatoes, plain",4.62,35.28,55.38,545.0,2.37,2.9,110.0,637.0,529.0,0.76,usda,3
168854,"Snacks, potato sticks",6.7,34.4,53.3,522.0,2.2,3.4,172.0,1237.0,633.0,0.22,usda,3
168855,"Snacks, rice cakes, brown rice, rye",8.1,3.8,79.9,386.0,6.8,4.0,380.0,311.0,110.0,1.25,usda,3
168856,"Snacks, sesame sticks, wheat-based, salted",10.9,36.7,46.5,541.0,2.0,2.8,138.0,177.0,1488.0,0.19,usda,3
168857,"Snacks, corn cakes",8.1,2.4,83.4,387.0,4.6,1.9,157.0,157.0,488.0,23.47,usda,3
168858,"Snacks, tortilla chips, nacho-flavor, reduced fat",8.7,15.2,71.6,445.0,1.3,4.8,318.0,272.0,1003.0,1.25,usda,3
168859,"Tortilla chips, low fat, baked without fat",11.0,5.7,80.2,448.0,1.7,5.3,318.0,272.0,517.0,0.67,usda,3
168860,"Cheese puffs and twists, corn based, baked, low fat",8.5,12.1,72.35,432.0,3.0,3.6,357.0,286.0,842.0,7.29,usda,3
168861,"Snacks, granola bar, fruit-filled, nonfat",5.9,0.9,77.6,342.0,13.7,7.4,122.0,220.0,16.0,45.24,usda,3
168862,"Snacks, KELLOGG, KELLOGG'S, NUTRI-GRAIN Cereal Bars, fruit",4.22,8.67,67.61,365.0,16.7,3.0,134.0,247.0,354.0,28.98,usda,3
168863,"Snacks, tortilla chips, low fat, made with olestra, nacho cheese",8.44,3.53,65.22,318.0,1.66,6.4,245.0,396.0,705.0,2.82,usda,3
168864,"Snacks, potato chips, made from dried potatoes, fat-free, made with olestra",5.06,0.93,56.0,253.0,2.63,7.3,132.0,931.0,429.0,0.59,usda,3
168865,"Snacks, taro chips",2.3,24.9,68.1,498.0,2.0,7.2,131.0,755.0,342.0,3.82,usda,3
168866,"Puddings, banana, dry mix, instant, with added oil",0.0,4.4,89.0,386.0,2.8,0.0,804.0,15.0,1499.0,1.25,usda,3
168867,"Cornmeal, degermed, enriched, yellow",7.11,1.75,79.45,370.0,11.18,3.9,99.0,142.0,7.0,1.61,usda,3
168868,"Cornmeal, yellow, self-rising, bolted, plain, enriched",8.28,3.4,70.28,334.0,12.59,6.7,804.0,255.0,1247.0,1.25,usda,3
168869,"Cornmeal, yellow, self-rising, bolted, with wheat flour added, enriched",8.41,2.85,73.43,348.0,10.33,6.3,651.0,207.0,1319.0,1.25,usda,3
168870,"Cornmeal, yellow, self-rising, degermed, enriched",8.41,1.72,74.79,355.0,10.17,7.1,623.0,170.0,1348.0,1.25,usda,3
168871,"Millet, cooked",3.51,1.0,23.67,119.0,71.41,1.3,100.0,62.0,2.0,0.13,usda,0
168872,"Oat bran, raw",17.3,7.03,66.22,246.0,6.55,15.4,734.0,566.0,4.0,1.45,usda,3
168873,"Oat bran, cooked",3.21,0.86,11.44,40.0,84.0,2.6,119.0,92.0,1.0,1.25,usda,0
168874,"Quinoa, uncooked",14.12,6.07,64.16,368.0,13.28,7.0,457.0,563.0,5.0,1.25,usda,3
168875,"Rice, brown, medium-grain, cooked (Includes foods for USDA's Food Distribution Program)",2.32,0.83,23.51,112.0,72.96,1.8,77.0,79.0,1.0,1.25,usda,0
168876,"Rice, brown, parboiled, dry, UNCLE BEN'S",7.6,2.75,78.68,370.0,9.82,3.5,275.0,219.0,6.0,0.5,usda,3
168877,"Rice, white, long-grain, regular, raw, enriched",7.13,0.66,79.95,365.0,11.62,1.3,115.0,115.0,5.0,0.12,usda,3
168878,"Rice, white, long-grain, regular, enriched, cooked",2.69,0.28,28.17,130.0,68.44,0.4,43.0,35.0,1.0,0.05,usda,0
168879,"Rice, white, medium-grain, raw, enriched",6.61,0.58,79.34,360.0,12.89,1.4,108.0,86.0,1.0,1.25,usda,3
168880,"Rice, white, medium-grain, enriched, cooked",2.38,0.21,28.59,130.0,68.61,0.3,37.0,29.0,0.0,1.25,usda,0
168881,"Rice, white, short-grain, enriched, uncooked",6.5,0.52,79.15,358.0,13.29,2.8,95.0,76.0,1.0,1.25,usda,3
168882,"Rice, white, short-grain, enriched, cooked",2.36,0.19,28.73,130.0,68.53,0.2,33.0,26.0,0.0,1.25,usda,0
168883,"Rice, white, glutinous, unenriched, uncooked",6.81,0.55,81.68,370.0,10.46,2.8,71.0,77.0,7.0,1.25,usda,3
168884,Rye grain,10.34,1.63,75.86,338.0,10.6,15.1,332.0,510.0,2.0,0.98,usda,3
168885,"Rye flour, dark",15.91,2.22,68.63,325.0,10.75,23.8,499.0,717.0,2.0,2.31,usda,3
168886,"Rye flour, medium",10.88,1.52,75.43,349.0,10.97,11.8,225.0,374.0,2.0,1.1,usda,3
168887,"Rye flour, light",9.82,1.33,76.68,357.0,11.4,8.0,130.0,224.0,2.0,0.93,usda,3
168888,"Triticale flour, whole-grain",13.18,1.81,73.14,338.0,10.01,14.6,321.0,466.0,2.0,1.25,usda,3
168889,"Wheat, hard red spring",15.4,1.92,68.03,329.0,12.76,12.2,332.0,340.0,2.0,0.41,usda,3
168890,"Wheat, hard red winter",12.61,1.54,71.18,327.0,13.1,12.2,288.0,363.0,2.0,0.41,usda,3
168891,"Wheat, soft red winter",10.35,1.56,74.24,331.0,12.17,12.5,493.0,397.0,2.0,0.41,usda,3
168892,"Wheat germ, crude",23.15,9.72,51.8,360.0,11.12,13.2,842.0,892.0,12.0,1.25,usda,3
168893,"Wheat flour, whole-grain (Includes foods for USDA's Food Distribution Program)",13.21,2.5,71.97,340.0,10.74,10.7,357.0,363.0,2.0,0.41,usda,3
168894,"Wheat flour, white, all-purpose, enriched, bleached",10.33,0.98,76.31,364.0,11.92,2.7,108.0,107.0,2.0,0.27,usda,3
168895,"Wheat flour, white, all-purpose, self-rising, enriched",9.89,0.97,74.22,354.0,10.59,2.7,595.0,124.0,1193.0,0.22,usda,3
168896,"Wheat flour, white, bread, enriched",11.98,1.66,72.53,361.0,13.36,2.4,97.0,100.0,2.0,0.31,usda,3
168897,"Wild rice, cooked",3.99,0.34,21.34,101.0,73.93,1.8,82.0,101.0,3.0,0.73,usda,0
168898,"Rice flour, brown",7.23,2.78,76.48,363.0,11.97,4.6,337.0,289.0,8.0,0.66,usda,3
168899,"Pasta, gluten-free, corn, dry",7.46,2.08,79.26,357.0,10.0,11.0,253.0,294.0,3.0,1.25,usda,3
168900,"Pasta, gluten-free, corn, cooked",2.63,0.73,27.91,126.0,68.31,4.8,76.0,31.0,0.0,1.25,usda,0
168901,"Pasta, homemade, made with egg, cooked",5.28,1.74,23.54,130.0,68.71,0.2,52.0,21.0,83.0,1.25,usda,0
168902,"Pasta, homemade, made without egg, cooked",4.37,0.98,25.12,124.0,68.86,0.2,40.0,19.0,74.0,1.25,usda,0
168903,"Macaroni, vegetable, enriched, dry",13.14,1.04,74.88,367.0,9.89,4.3,116.0,285.0,43.0,1.25,usda,3
168904,"Macaroni, vegetable, enriched, cooked",4.53,0.11,26.61,128.0,68.37,4.3,50.0,31.0,6.0,1.15,usda,0
168905,"Noodles, chinese, chow mein",10.88,21.24,63.64,471.0,1.58,6.7,98.0,103.0,866.0,0.0,usda,3
168906,"Noodles, japanese, soba, dry",14.38,0.71,74.62,336.0,6.88,0.2,254.0,252.0,792.0,1.25,usda,3
168907,"Noodles, japanese, soba, cooked",5.06,0.1,21.44,99.0,73.01,0.2,25.0,35.0,60.0,1.25,usda,0
168908,"Noodles, japanese, somen, dry",11.35,0.81,74.1,356.0,9.21,4.3,80.0,164.0,1840.0,1.25,usda,3
168909,"Noodles, japanese, somen, cooked",4.0,0.18,27.54,131.0,67.91,0.2,27.0,29.0,161.0,1.25,usda,0
168910,"Pasta, whole-wheat, cooked (Includes foods for USDA's Food Distribution Program)",5.99,1.71,30.07,149.0,61.8,3.9,127.0,96.0,4.0,0.75,usda,0
168911,"Spaghetti, spinach, dry",13.35,1.57,74.81,372.0,8.34,10.6,332.0,376.0,36.0,2.72,usda,3
168912,"Spaghetti, spinach, cooked",4.58,0.63,26.15,130.0,68.14,0.2,108.0,58.0,14.0,1.25,usda,0
168913,"Wheat flours, bread, unenriched",11.98,1.66,72.53,361.0,13.36,2.4,97.0,100.0,2.0,0.31,usda,3
168914,"Rice noodles, cooked",1.79,0.2,24.01,108.0,73.82,1.0,20.0,4.0,19.0,0.03,usda,0
168915,"Pasta, whole grain, 51% whole wheat, remaining unenriched semolina, dry",13.51,2.68,73.1,362.0,8.85,10.1,287.0,366.0,11.0,2.6,usda,3
168916,"Pasta, whole grain, 51% whole wheat, remaining unenriched semolina, cooked",5.82,1.5,31.51,159.0,60.72,4.6,110.0,77.0,6.0,0.85,usda,0
168917,"Quinoa, cooked",4.4,1.92,21.3,120.0,71.61,2.8,152.0,172.0,7.0,0.87,usda,0
168918,"Teff, cooked",3.87,0.65,19.86,101.0,74.93,2.8,120.0,107.0,8.0,1.25,usda,0
168919,"Noodles, egg, cooked, enriched, with added salt",4.54,2.07,25.16,138.0,67.73,1.2,76.0,38.0,165.0,0.4,usda,0
168920,"Corn grain, white",9.42,4.74,74.26,365.0,10.37,0.2,210.0,287.0,35.0,1.25,usda,3
168921,"Corn flour, whole-grain, blue (harina de maiz morado)",8.75,5.09,73.89,364.0,10.83,8.4,263.0,381.0,5.0,1.25,usda,3
168922,"Cornmeal, degermed, enriched, white",7.11,1.75,79.45,370.0,11.18,3.9,99.0,142.0,7.0,1.61,usda,3
168923,"Cornmeal, white, self-rising, bolted, plain, enriched",8.28,3.4,70.28,334.0,12.59,6.7,804.0,255.0,1247.0,1.25,usda,3
168924,"Cornmeal, white, self-rising, bolted, with wheat flour added, enriched",8.41,2.85,73.43,348.0,10.33,6.3,651.0,207.0,1319.0,1.25,usda,3
168925,"Cornmeal, white, self-rising, degermed, enriched",8.41,1.72,74.79,355.0,10.17,7.1,623.0,170.0,1348.0,1.25,usda,3
168926,"Noodles, egg, unenriched, cooked, without added salt",4.54,2.07,25.16,138.0,67.73,1.2,76.0,38.0,5.0,0.4,usda,0
168927,"Pasta, dry, unenriched",13.04,1.51,74.67,371.0,9.9,3.2,189.0,223.0,6.0,2.67,usda,3
168928,"Pasta, cooked, unenriched, without added salt",5.8,0.93,30.86,158.0,62.13,1.8,58.0,44.0,1.0,0.56,usda,0
168929,"Cornmeal, degermed, unenriched, yellow",7.11,1.75,79.45,370.0,11.18,3.9,99.0,142.0,7.0,1.61,usda,3
168930,"Rice, white, medium-grain, cooked, unenriched",2.38,0.21,28.59,130.0,68.61,0.2,37.0,29.0,0.0,1.25,usda,0
168931,"Rice, white, short-grain, raw, unenriched",6.5,0.52,79.15,358.0,13.29,0.2,95.0,76.0,1.0,1.25,usda,0
168932,"Rice, white, short-grain, cooked, unenriched",2.36,0.19,28.73,130.0,68.53,0.2,33.0,26.0,0.0,1.25,usda,0
168933,"Semolina, unenriched",12.68,1.05,72.83,360.0,12.67,3.9,136.0,186.0,1.0,1.25,usda,3
168934,"Spaghetti, protein-fortified, cooked, enriched (n x 6.25)",8.86,0.21,30.88,164.0,59.73,2.0,50.0,42.0,5.0,1.25,usda,0
168935,"Rice, white, long-grain, regular, cooked, unenriched, with salt",2.69,0.28,28.17,130.0,68.44,0.4,43.0,35.0,382.0,0.05,usda,0
168936,"Wheat flour, white, all-purpose, enriched, unbleached",10.33,0.98,76.31,364.0,11.92,2.7,108.0,107.0,2.0,0.27,usda,3
168937,"Spaghetti, protein-fortified, dry, enriched (n x 6.25)",21.78,2.23,65.65,374.0,9.23,2.4,163.0,201.0,8.0,1.25,usda,3
168938,"Wheat flour, white (industrial), 10% protein, unbleached, enriched",9.71,1.48,76.22,366.0,12.01,2.4,107.0,149.0,2.0,0.49,usda,3
168939,"Wheat flour, white (industrial), 11.5% protein, bleached, enriched",11.5,1.45,73.81,363.0,12.68,2.4,112.0,138.0,2.0,1.12,usda,3
168940,"Wheat flour, white (industrial), 11.5% protein, bleached, unenriched",11.5,1.45,73.81,363.0,12.68,2.4,112.0,138.0,2.0,1.12,usda,3
168941,"Wheat flour, white (industrial), 11.5% protein, unbleached, enriched",11.5,1.45,73.81,363.0,12.68,2.4,112.0,138.0,2.0,1.12,usda,3
168942,"Wheat flour, white (industrial), 13% protein, bleached, enriched",13.07,1.38,72.2,362.0,12.82,2.4,119.0,128.0,2.0,1.1,usda,3
168943,"Sorghum flour, whole-grain",8.43,3.34,76.64,359.0,10.26,6.6,278.0,324.0,3.0,1.94,usda,3
168944,"Wheat flour, whole-grain, soft wheat",9.61,1.95,74.48,332.0,12.42,13.1,323.0,394.0,3.0,1.02,usda,3
168949,"Rice and vermicelli mix, beef flavor, unprepared",10.84,1.27,76.02,359.0,8.27,1.6,125.0,169.0,1337.0,4.27,usda,3
168950,"Rice and vermicelli mix, beef flavor, prepared with 80% margarine",2.82,3.2,22.03,129.0,70.93,0.6,33.0,48.0,364.0,1.25,usda,0
168951,"Rice and vermicelli mix, rice pilaf flavor, unprepared",10.42,1.37,76.31,359.0,8.04,1.2,154.0,188.0,1303.0,1.53,usda,3
168952,"Rice and vermicelli mix, rice pilaf flavor, prepared with 80% margarine",2.94,3.7,25.67,148.0,66.47,0.6,48.0,69.0,430.0,0.26,usda,0
168953,"Pasta mix, classic cheeseburger macaroni, unprepared",11.6,1.88,71.51,349.0,9.06,2.7,131.0,204.0,2152.0,4.97,usda,3
168954,"Pasta mix, classic beef, unprepared",12.32,1.78,72.2,354.0,8.58,2.0,127.0,342.0,1537.0,4.95,usda,3
168955,"Pasta mix, Italian lasagna, unprepared",10.9,1.97,73.77,356.0,7.94,2.8,124.0,277.0,1850.0,11.27,usda,3
168956,"Yellow rice with seasoning, dry packet mix, unprepared",7.02,1.75,74.68,343.0,10.76,1.8,174.0,801.0,1316.0,1.75,usda,3
168957,"Pizza rolls, frozen, unprepared",8.73,9.98,50.72,328.0,27.86,1.2,137.0,301.0,599.0,3.74,usda,3
168958,"Pasta mix, Italian four cheese lasagna, unprepared",12.53,2.7,70.26,355.0,8.07,2.6,162.0,271.0,2093.0,6.7,usda,3
168959,"Spanish rice mix, dry mix, unprepared",10.62,1.62,76.45,363.0,7.27,3.1,146.0,445.0,1085.0,3.83,usda,3
168960,"Lasagna, cheese, frozen, unprepared",5.06,4.22,21.61,145.0,67.6,1.7,90.0,159.0,312.0,3.8,usda,3
168961,"Chicken, thighs, frozen, breaded, reheated",18.66,22.45,14.23,334.0,41.63,0.1,190.0,279.0,813.0,0.0,usda,1
168962,"Turnover, meat- and cheese-filled, tomato-based sauce, reduced fat, frozen",9.45,5.51,31.89,215.0,51.23,0.8,202.0,117.0,378.0,3.94,usda,3
168963,"Turnover, filled with egg, meat and cheese, frozen",7.87,12.6,20.67,228.0,57.21,0.8,111.0,177.0,378.0,7.87,usda,3
168964,"Rice mix, white and wild, flavored, unprepared",3.49,2.57,26.28,142.0,66.21,0.8,73.0,113.0,443.0,0.4,usda,0
168965,"Salisbury steak with gravy, frozen",6.98,10.47,6.78,149.0,74.19,1.0,127.0,144.0,509.0,0.26,usda,1
168966,"Infant Formula, MEAD JOHNSON, ENFAMIL, Newborn, with ARA and DHA, powder",10.7,27.0,57.6,516.0,2.1,0.0,220.0,550.0,138.0,54.0,usda,3
168967,"Infant Formula, MEAD JOHNSON, ENFAMIL, Premium LIPIL, Infant, powder",10.8,27.0,57.0,510.0,2.4,0.0,220.0,550.0,138.0,57.0,usda,3
168968,"Infant Formula, MEAD JOHNSON, ENFAMIL, Premium LIPIL, Infant, Liquid concentrate, not reconstituted",2.73,6.83,14.42,129.0,75.2,0.0,56.0,139.0,35.0,14.42,usda,0
168969,"Infant Formula, MEAD JOHNSON, ENFAMIL, Premium, Infant, Liquid concentrate, not reconstituted",2.72,7.1,14.34,129.0,75.34,0.0,55.0,138.0,35.0,14.34,usda,0
168970,"Infant formula, MEAD JOHNSON, ENFAMIL, ENFAGROW, GENTLEASE, Toddler transitions, with ARA and DHA, powder",12.9,26.0,53.5,500.0,2.4,0.0,650.0,650.0,200.0,12.6,usda,3
168971,"Infant formula, ABBOTT NUTRITION, SIMILAC, GO AND GROW, powder, with ARA and DHA",15.36,27.65,52.2,512.0,2.0,0.0,666.0,768.0,154.0,52.2,usda,3
168972,"Infant formula, GERBER, GOOD START 2 SOY, with iron, powder",12.5,25.6,55.6,501.0,2.9,0.0,316.0,581.0,200.0,55.6,usda,3
168973,"Infant formula, MEAD JOHNSON, ENFAMIL, NUTRAMIGEN, PurAmino, powder, not reconstituted",13.9,26.0,55.68,512.0,1.82,0.0,260.0,550.0,230.0,7.6,usda,3
168974,"Infant formula, MEAD JOHNSON, ENFAMIL, Premature, 20 calories ready-to-feed Low iron",1.97,3.34,7.21,66.0,87.5,0.0,54.0,64.0,38.0,7.23,usda,0
168975,"Babyfood, rice cereal, dry, EARTHS BEST ORGANIC WHOLE GRAIN, fortified only with iron",7.5,4.9,78.06,386.0,8.61,0.5,256.0,184.0,7.0,0.12,usda,3
168976,"Agutuk, fish/berry with seal oil (Alaskan ice cream) (Alaska Native)",3.4,31.8,13.4,353.0,47.3,0.5,46.0,70.0,21.0,1.25,usda,1
168977,"Agutuk, meat-caribou (Alaskan ice cream) (Alaska Native)",21.7,18.6,0.9,258.0,55.2,0.2,170.0,228.0,95.0,1.25,usda,1
168981,"Oil, beluga, whale (Alaska Native)",0.0,100.0,0.0,900.0,0.0,0.0,0.0,0.0,0.0,0.0,usda,2
168982,"Blackberries, wild, raw (Alaska Native)",0.84,1.07,9.84,52.0,88.05,3.2,11.0,75.0,6.0,3.65,usda,0
168984,"Stew/soup, caribou (Alaska Native)",3.8,0.7,4.8,41.0,90.0,0.1,12.0,84.0,72.0,1.25,usda,0
168988,"Fireweed, young leaves, raw (Alaska Native)",3.0,0.8,6.3,44.0,87.2,6.0,166.0,251.0,50.0,1.25,usda,0
168991,"Stew, moose (Alaska Native)",6.6,0.5,6.0,55.0,86.1,0.5,16.0,100.0,222.0,1.25,usda,0
168992,"Agave, cooked (Southwest)",0.99,0.29,32.0,135.0,65.4,10.6,9.0,59.0,13.0,20.87,usda,0
168993,"Agave, dried (Southwest)",1.71,0.69,81.98,341.0,11.64,15.6,37.0,767.0,14.0,50.7,usda,3
168994,"Cattail, Narrow Leaf Shoots (Northern Plains Indians)",1.18,0.0,5.14,25.0,92.65,4.5,45.0,309.0,109.0,0.22,usda,0
168995,"Lambsquarters, raw (Northern Plains Indians)",4.21,0.28,6.96,47.0,85.23,6.3,63.0,1270.0,7.0,1.25,usda,0
168996,"Prairie Turnips, boiled (Northern Plains Indians)",1.64,0.32,29.99,129.0,67.68,7.2,20.0,108.0,4.0,4.74,usda,0
168997,"Raspberries, wild (Northern Plains Indians)",1.12,0.28,13.85,62.0,84.48,7.5,41.0,175.0,4.0,5.54,usda,0
168998,"Rose Hips, wild (Northern Plains Indians)",1.6,0.34,38.22,162.0,58.66,24.1,61.0,429.0,4.0,2.58,usda,0
168999,"Chokecherries, raw, pitted (Northern Plains Indians)",3.04,1.69,33.62,162.0,60.72,20.0,67.0,379.0,5.0,9.37,usda,3
169000,"Sea lion, Steller, liver (Alaska Native)",22.9,5.0,0.0,137.0,71.27,0.2,396.0,291.0,88.0,1.25,usda,1
169001,"Sea lion, Steller, kidney (Alaska Native)",18.1,1.7,1.4,93.0,77.4,0.2,301.0,253.0,231.0,1.25,usda,1
169002,"Sea lion, Steller, heart (Alaska Native)",17.0,3.3,1.0,102.0,76.2,0.2,263.0,319.0,115.0,1.25,usda,1
169003,"Sea lion, Steller, meat (Alaska Native)",25.85,1.88,0.0,120.0,71.2,0.2,253.0,406.0,62.0,1.25,usda,1
169004,"Piki bread, made from blue cornmeal (Hopi)",9.06,7.16,72.22,390.0,8.98,9.2,374.0,604.0,60.0,1.6,usda,3
169005,"Wocas, tuber, cooked, Oregon, yellow pond lily (Klamath)",0.69,0.35,7.06,34.0,91.41,2.3,13.0,187.0,10.0,0.0,usda,0
169006,"Stew, pinto bean and hominy, badufsuki (Hopi)",1.42,0.54,5.38,32.0,92.25,1.5,25.0,86.0,45.0,0.0,usda,0
169007,"Tamales, masa and pork filling (Hopi)",13.19,4.7,18.28,168.0,62.39,3.3,141.0,250.0,298.0,1.57,usda,3
169008,"APPLEBEE'S, Double Crunch Shrimp",12.31,18.9,25.96,323.0,40.12,2.6,271.0,97.0,838.0,1.07,usda,3
169009,"APPLEBEE'S, french fries",3.31,13.17,39.5,290.0,41.29,3.9,137.0,538.0,618.0,0.0,usda,3
169010,"APPLEBEE'S, KRAFT, Macaroni & Cheese, from kid's menu",5.01,4.34,21.08,143.0,68.28,1.3,104.0,163.0,288.0,3.7,usda,3
169011,"APPLEBEE'S, mozzarella sticks",14.87,18.37,22.87,316.0,40.65,2.1,307.0,106.0,838.0,2.8,usda,3
169012,"APPLEBEE'S, chicken tenders, from kids' menu",19.25,16.15,18.36,296.0,43.42,1.2,305.0,337.0,763.0,0.39,usda,1
169013,"T.G.I. FRIDAY'S, chicken fingers, from kids' menu",18.11,20.78,17.72,330.0,40.49,0.9,338.0,300.0,792.0,0.34,usda,1
169014,"T.G.I. FRIDAY'S, classic sirloin steak (10 oz)",31.02,7.83,0.47,196.0,59.24,0.2,240.0,379.0,232.0,0.46,usda,1
169015,"Restaurant, family style, fried mozzarella sticks",14.75,18.33,25.14,325.0,38.44,2.0,318.0,108.0,861.0,2.36,usda,3
169016,"Restaurant, family style, sirloin steak",29.8,8.48,0.0,195.0,60.18,0.2,230.0,379.0,339.0,0.55,usda,1
169017,"APPLEBEE'S, fish, hand battered",13.23,9.14,16.65,202.0,58.82,0.9,234.0,241.0,607.0,0.51,usda,1
169018,"APPLEBEE'S, chili",12.56,9.79,4.57,157.0,71.31,1.4,104.0,320.0,381.0,2.27,usda,1
169019,"T.G.I. FRIDAY'S, chicken fingers",18.68,20.31,16.84,325.0,41.32,0.8,350.0,308.0,787.0,0.23,usda,1
169020,"APPLEBEE'S, coleslaw",0.79,7.09,13.17,120.0,78.15,2.8,23.0,156.0,178.0,9.33,usda,0
169021,"CRACKER BARREL, onion rings, thick-cut",4.78,16.0,40.95,327.0,36.68,2.2,100.0,141.0,463.0,4.82,usda,3
169022,"DENNY'S, chicken strips",19.17,14.5,22.03,295.0,41.37,1.1,273.0,334.0,798.0,0.29,usda,1
169023,"DENNY'S, coleslaw",0.97,15.03,10.88,183.0,71.77,1.3,29.0,141.0,376.0,8.16,usda,0
169024,"DENNY'S, fish fillet, battered or breaded, fried",13.75,12.16,17.41,234.0,54.66,1.0,181.0,261.0,516.0,0.4,usda,1
169025,"DENNY'S, hash browns",2.49,8.99,26.59,197.0,59.85,2.7,71.0,416.0,468.0,1.38,usda,3
169026,"Restaurant, family style, coleslaw",0.88,11.78,12.35,159.0,74.03,1.9,25.0,153.0,221.0,9.54,usda,0
169027,"Restaurant, family style, onion rings",4.89,19.28,40.72,356.0,32.9,2.6,94.0,142.0,692.0,4.68,usda,3
169028,"Restaurant, family style, chili with meat and beans",12.56,9.79,4.57,157.0,71.31,1.4,104.0,320.0,381.0,2.27,usda,1
169029,"Restaurant, family style, spaghetti and meatballs",7.84,8.52,15.51,170.0,66.64,1.5,89.0,206.0,351.0,2.03,usda,3
169030,"CARRABBA'S ITALIAN GRILL, lasagne",10.48,11.06,12.36,191.0,63.72,1.3,176.0,266.0,524.0,2.77,usda,3
169031,"ON THE BORDER, Mexican rice",3.56,4.86,34.15,195.0,55.2,1.1,74.0,131.0,677.0,1.38,usda,3
169032,"ON THE BORDER, refried beans",7.3,5.0,17.52,144.0,68.17,8.2,137.0,423.0,378.0,0.84,usda,3
169033,"Restaurant, Italian, spaghetti with pomodoro sauce (no meat)",3.9,1.89,17.77,104.0,75.56,1.7,44.0,140.0,191.0,1.82,usda,0
169034,"ON THE BORDER, cheese quesadilla",16.87,25.5,24.25,394.0,30.31,2.2,373.0,95.0,677.0,2.04,usda,3
169035,"Restaurant, Mexican, cheese quesadilla",15.93,23.08,24.11,368.0,33.75,1.7,347.0,102.0,701.0,2.21,usda,3
169036,"CARRABBA'S ITALIAN GRILL, cheese ravioli with marinara sauce",7.96,6.0,17.62,156.0,66.8,1.4,126.0,195.0,371.0,4.15,usda,3
169037,"OLIVE GARDEN, cheese ravioli with marinara sauce",7.44,5.61,19.64,159.0,65.96,1.1,129.0,184.0,269.0,4.85,usda,3
169038,"Restaurant, Italian, cheese ravioli with marinara sauce",7.07,5.7,18.5,154.0,67.29,1.2,121.0,195.0,306.0,4.5,usda,3
169039,"Cereals ready-to-eat, frosted oat cereal with marshmallows",7.1,3.33,84.7,400.0,2.8,4.3,141.0,207.0,533.0,36.13,usda,3
169040,"Cereals ready-to-eat, WEETABIX whole grain cereal",11.43,2.86,81.5,371.0,3.0,11.4,172.0,429.0,371.0,5.71,usda,3
169041,"Cereals ready-to-eat, POST, GREAT GRAINS, Raisin, Date & Pecan",7.9,7.1,74.3,378.0,8.5,9.3,253.0,378.0,247.0,24.1,usda,3
169042,"Babyfood, juice, apple-sweet potato",0.3,0.1,11.4,47.0,87.9,0.5,14.0,137.0,5.0,9.6,usda,0
169043,"Babyfood, juice, orange-carrot",0.5,0.1,9.9,43.0,89.1,0.4,19.0,174.0,10.0,8.4,usda,0
169044,"Beverages, Orange juice drink",0.2,0.0,13.41,54.0,86.2,0.2,4.0,42.0,2.0,9.36,usda,0
169045,"Gums, seed gums (includes locust bean, guar)",4.6,0.5,77.3,332.0,15.0,77.3,0.0,0.0,125.0,0.0,usda,2
169046,"Snacks, potato chips, white, restructured, baked",5.0,18.2,71.4,469.0,1.4,4.8,274.0,721.0,536.0,5.01,usda,3
169047,"Babyfood, baked product, finger snacks cereal fortified",6.4,9.9,76.68,421.0,3.7,2.3,709.0,114.0,0.0,28.0,usda,3
169048,"Babyfood, cereal, brown rice, dry, instant",8.7,3.0,85.98,406.0,1.0,6.5,272.0,386.0,12.0,0.72,usda,3
169049,"Babyfood, green beans and turkey, strained",4.1,1.5,5.35,51.0,87.5,1.4,56.0,188.0,11.0,1.39,usda,0
169050,"Cheese, muenster, low fat",24.7,17.6,3.5,271.0,50.5,0.0,468.0,134.0,600.0,3.5,usda,1
169051,"Cheese, mozzarella, nonfat",31.7,0.0,3.5,141.0,60.2,1.8,656.0,106.0,743.0,1.48,usda,1
169052,"Margarine-like, butter-margarine blend, 80% fat, stick, without salt",0.9,80.7,0.6,718.0,15.8,0.0,23.0,37.0,28.0,0.0,usda,2
169053,"Margarine-like, vegetable oil-butter spread, reduced calorie, tub, with salt",1.0,50.0,1.0,450.0,46.0,0.0,23.0,37.0,607.0,0.0,usda,1
169054,"Babyfood, dinner, chicken and rice",1.6,0.9,9.2,51.0,88.0,1.1,20.0,60.0,25.0,0.55,usda,0
169055,"Salad dressing, caesar dressing, regular",2.17,57.85,3.3,542.0,34.3,0.5,19.0,29.0,1209.0,2.81,usda,3
169056,"Salad dressing, coleslaw",0.85,34.53,22.4,404.0,39.85,0.0,42.0,35.0,850.0,21.23,usda,3
169057,"Salad dressing, green goddess, regular",1.9,43.33,7.36,427.0,45.03,0.1,31.0,58.0,867.0,6.67,usda,3
169058,"Jams and preserves, no sugar (with sodium saccharin), any flavor",0.3,0.3,53.42,132.0,45.8,2.5,9.0,69.0,0.0,37.81,usda,0
169059,"Candies, chocolate covered, caramel with nuts",9.5,21.0,60.67,470.0,6.1,4.3,166.0,445.0,156.0,41.35,usda,3
169060,"Candies, nougat, with almonds",3.33,1.67,92.39,398.0,2.15,3.3,55.0,105.0,33.0,44.97,usda,3
169061,"Candies, gum drops, no sugar or low calorie (sorbitol)",0.0,0.2,88.1,354.0,11.7,0.0,0.0,0.0,7.0,70.0,usda,2
169062,"Pie fillings, cherry, low calorie",0.82,0.16,11.98,53.0,86.76,1.2,15.0,118.0,12.0,9.15,usda,0
169063,"Breakfast bars, oats, sugar, raisins, coconut (include granola bar)",9.8,17.6,66.7,464.0,4.1,3.1,277.0,326.0,251.0,27.52,usda,3
169064,"Pretzels, soft",8.2,3.1,69.39,338.0,15.0,1.7,79.0,88.0,203.0,0.25,usda,3
169065,"Beans, chili, barbecue, ranch style, cooked",5.0,1.0,16.9,97.0,75.5,4.2,154.0,450.0,725.0,5.25,usda,3
169066,"Luncheon slices, meatless",17.78,11.11,4.44,189.0,65.01,1.1,442.0,200.0,711.0,2.22,usda,1
169067,"Meatballs, meatless",21.0,9.0,8.0,197.0,58.0,4.6,344.0,180.0,550.0,1.25,usda,3
169068,Vegetarian fillets,23.0,18.0,9.0,290.0,45.0,6.1,450.0,600.0,490.0,0.8,usda,3
169069,"Sandwich spread, meatless",8.0,9.0,9.0,149.0,70.0,3.3,220.0,340.0,630.0,1.9,usda,3
169070,"Alcoholic beverage, wine, cooking",0.5,0.0,6.3,50.0,88.9,0.0,15.0,88.0,626.0,1.55,usda,0
169071,"Alcoholic beverage, wine, light",0.07,0.0,1.17,49.0,92.23,0.0,15.0,88.0,7.0,1.15,usda,0
169072,"Sweeteners, tabletop, saccharin (sodium saccharin)",0.94,0.0,89.11,360.0,8.75,0.0,0.0,4.0,428.0,85.19,usda,2
169073,"Beverage, instant breakfast powder, chocolate, not reconstituted",19.9,1.4,66.2,353.0,7.4,0.4,427.0,947.0,385.0,65.8,usda,3
169074,"Tomato sauce, canned, no salt added",1.2,0.3,5.31,24.0,91.28,1.5,27.0,297.0,11.0,3.56,usda,0
169075,"Cereals ready-to-eat, ALPEN",11.2,3.3,75.7,352.0,7.4,9.1,371.0,418.0,27.0,20.0,usda,3
169076,"Cereals ready-to-eat, FAMILIA",9.5,6.3,73.8,388.0,1.9,8.5,337.0,494.0,8.0,23.2,usda,3
169077,"Cereals ready-to-eat, wheat and bran, presweetened with nuts and fruits",7.1,5.6,76.2,385.0,8.5,9.7,294.0,382.0,245.0,23.6,usda,3
169078,"Cheese, cottage, with vegetables",10.9,4.2,3.0,95.0,80.3,0.1,128.0,86.0,403.0,0.37,usda,1
169079,"Cheese, cream, low fat",7.85,16.67,6.73,208.0,66.72,0.0,152.0,247.0,317.0,3.3,usda,1
169080,"Cheese, pasteurized process, American, low fat",24.6,7.0,3.5,180.0,58.9,0.0,827.0,180.0,1789.0,0.59,usda,1
169081,"Cheese spread, cream cheese base",7.1,28.6,3.5,295.0,58.5,0.0,91.0,112.0,436.0,3.5,usda,1
169082,"Pork, oriental style, dehydrated",11.8,62.4,1.4,615.0,21.8,0.0,128.0,139.0,685.0,0.0,usda,1
169083,"Soybean, curd cheese",12.5,8.1,6.9,151.0,70.9,0.0,222.0,199.0,20.0,1.6,usda,1
169084,"Potatoes, canned, drained solids, no salt added",1.4,0.2,13.6,60.0,84.3,2.4,28.0,229.0,5.0,0.59,usda,0
169085,"Vegetables, mixed (corn, lima beans, peas, green beans, carrots) canned, no salt added",1.4,0.2,7.31,37.0,90.2,3.1,37.0,138.0,26.0,2.41,usda,0
169086,"Litchis, raw",0.83,0.44,16.53,66.0,81.76,1.3,31.0,171.0,1.0,15.23,usda,0
169087,"Litchis, dried",3.8,1.2,70.7,277.0,22.3,4.6,181.0,1110.0,3.0,66.1,usda,3
169088,"Loganberries, frozen",1.52,0.31,13.02,55.0,84.61,5.3,26.0,145.0,1.0,7.7,usda,0
169089,"Longans, raw",1.31,0.1,15.14,60.0,82.75,1.1,21.0,266.0,0.0,1.25,usda,0
169090,"Mangosteen, canned, syrup pack",0.41,0.58,17.91,73.0,80.94,1.8,8.0,48.0,7.0,1.25,usda,0
169091,"Mango, dried, sweetened",2.45,1.18,78.58,319.0,16.6,2.4,50.0,279.0,162.0,66.27,usda,3
169092,"Melons, cantaloupe, raw",0.84,0.19,8.16,34.0,90.15,0.9,15.0,267.0,16.0,7.86,usda,0
169093,"Melons, casaba, raw",1.11,0.1,6.58,28.0,91.85,0.9,5.0,182.0,9.0,5.69,usda,0
169094,"Olives, ripe, canned (small-extra large)",0.84,10.9,6.04,116.0,79.99,1.6,3.0,8.0,735.0,0.0,usda,0
169095,"Olives, ripe, canned (jumbo-super colossal)",0.97,6.87,5.61,81.0,84.34,2.5,3.0,9.0,735.0,0.0,usda,0
169096,"Olives, pickled, canned or bottled, green",1.03,15.32,3.84,145.0,75.28,3.3,4.0,42.0,1556.0,0.54,usda,0
169097,"Oranges, raw, all commercial varieties",0.94,0.12,11.75,47.0,86.75,2.4,14.0,181.0,0.0,9.35,usda,0
169098,"Orange juice, raw (Includes foods for USDA's Food Distribution Program)",0.7,0.2,10.4,45.0,88.3,0.2,17.0,200.0,1.0,8.4,usda,0
169099,"Orange juice, canned, unsweetened",0.68,0.15,11.01,47.0,87.72,0.3,17.0,184.0,4.0,8.76,usda,0
169100,"Orange juice, chilled, includes from concentrate",0.68,0.12,11.54,49.0,87.22,0.3,17.0,178.0,2.0,8.31,usda,0
169101,"Orange juice, chilled, includes from concentrate, with added calcium and vitamin D",0.68,0.12,11.27,47.0,87.22,0.3,47.0,178.0,2.0,8.31,usda,0
169102,"Orange juice, frozen concentrate, unsweetened, diluted with 3 volume water",0.6,0.06,8.8,37.0,90.07,0.2,15.0,158.0,4.0,7.42,usda,0
169103,"Orange peel, raw",1.5,0.2,25.0,97.0,72.5,10.6,21.0,212.0,3.0,1.25,usda,0
169104,"Orange-grapefruit juice, canned or bottled, unsweetened",0.6,0.1,10.28,43.0,88.64,0.1,14.0,158.0,3.0,10.18,usda,0
169105,"Tangerines, (mandarin oranges), raw",0.81,0.31,13.34,53.0,85.17,1.8,20.0,166.0,2.0,10.58,usda,0
169106,"Tangerines, (mandarin oranges), canned, juice pack",0.62,0.03,9.57,37.0,89.51,0.7,10.0,133.0,5.0,8.87,usda,0
169107,"Papaya nectar, canned",0.17,0.15,14.51,57.0,85.02,0.6,0.0,31.0,5.0,13.91,usda,0
169108,"Passion-fruit, (granadilla), purple, raw",2.2,0.7,23.38,97.0,72.93,10.4,68.0,348.0,28.0,11.2,usda,0
169109,"Passion-fruit juice, purple, raw",0.39,0.05,13.6,51.0,85.62,0.2,13.0,278.0,6.0,13.4,usda,0
169110,"Passion-fruit juice, yellow, raw",0.67,0.18,14.45,60.0,84.21,0.2,25.0,278.0,6.0,14.25,usda,0
169111,"Peaches, canned, light syrup pack, solids and liquids",0.45,0.03,14.55,54.0,84.72,1.3,11.0,97.0,5.0,13.25,usda,0
169112,"Peaches, canned, heavy syrup pack, solids and liquids",0.45,0.1,19.94,74.0,79.28,1.3,11.0,92.0,6.0,18.64,usda,0
169113,"Peaches, canned, extra heavy syrup pack, solids and liquids",0.47,0.03,26.06,96.0,73.19,1.0,11.0,83.0,8.0,1.25,usda,0
169114,"Peaches, spiced, canned, heavy syrup pack, solids and liquids",0.41,0.1,20.08,75.0,79.2,1.3,9.0,85.0,4.0,18.78,usda,0
169115,"Peaches, dried, sulfured, stewed, with added sugar",1.06,0.22,26.6,103.0,71.38,2.4,35.0,292.0,2.0,1.25,usda,0
169116,"Peaches, frozen, sliced, sweetened",0.63,0.13,23.98,94.0,74.73,1.8,11.0,130.0,6.0,22.18,usda,0
169117,"Peach nectar, canned, with sucralose, without added ascorbic acid",0.1,0.57,11.61,49.0,87.65,0.1,3.0,30.0,11.0,12.08,usda,0
169118,"Pears, raw",0.36,0.14,15.23,57.0,83.96,3.1,12.0,116.0,1.0,9.75,usda,0
169119,"Pears, canned, water pack, solids and liquids",0.19,0.03,7.81,29.0,91.81,1.6,7.0,53.0,2.0,6.1,usda,0
169120,"Pears, canned, extra heavy syrup pack, solids and liquids",0.19,0.13,25.25,97.0,74.28,1.6,7.0,64.0,5.0,1.25,usda,0
169121,"Pears, dried, sulfured, uncooked",1.87,0.63,69.7,262.0,26.69,7.5,59.0,533.0,6.0,62.2,usda,3
169122,"Pears, dried, sulfured, stewed, without added sugar",0.91,0.31,33.81,127.0,64.44,6.4,28.0,258.0,3.0,27.41,usda,0
169123,"Pears, dried, sulfured, stewed, with added sugar",0.86,0.29,37.14,140.0,61.2,5.8,27.0,245.0,3.0,1.25,usda,0
169124,"Pineapple, raw, all varieties",0.54,0.12,13.12,50.0,86.0,1.4,8.0,109.0,1.0,9.85,usda,0
169125,"Pineapple, canned, water pack, solids and liquids",0.43,0.09,8.3,32.0,90.82,0.8,4.0,127.0,1.0,7.5,usda,0
169126,"Pineapple, canned, juice pack, solids and liquids",0.42,0.08,15.7,60.0,83.51,0.8,6.0,122.0,1.0,14.45,usda,0
169127,"Pineapple, canned, light syrup pack, solids and liquids",0.36,0.12,13.45,52.0,85.73,0.8,7.0,105.0,1.0,12.65,usda,0
169128,"Pineapple juice, frozen concentrate, unsweetened, diluted with 3 volume water",0.4,0.03,12.67,51.0,86.6,0.2,9.0,132.0,1.0,12.47,usda,0
169129,"Pitanga, (surinam-cherry), raw",0.8,0.4,7.49,33.0,90.81,0.2,11.0,103.0,3.0,1.25,usda,0
169130,"Plantains, yellow, raw",1.3,0.35,31.89,122.0,65.2,1.7,32.0,487.0,4.0,17.51,usda,0
169131,"Plantains, yellow, baked",1.52,0.16,41.37,155.0,55.87,2.2,37.0,477.0,2.0,21.33,usda,0
169132,"Plums, canned, purple, heavy syrup pack, solids and liquids",0.36,0.1,23.24,89.0,76.06,0.9,13.0,91.0,19.0,22.31,usda,0
169133,"Plums, canned, purple, extra heavy syrup pack, solids and liquids",0.36,0.1,26.31,101.0,73.0,1.0,12.0,89.0,19.0,1.25,usda,0
169134,"Pomegranates, raw",1.67,1.17,18.7,83.0,77.93,4.0,36.0,236.0,3.0,13.67,usda,0
169135,"Lima beans, immature seeds, cooked, boiled, drained, without salt",6.81,0.32,23.64,123.0,67.17,5.4,130.0,570.0,17.0,1.63,usda,0
169136,"Lima beans, immature seeds, canned, regular pack, solids and liquids",4.07,0.29,13.33,71.0,81.17,3.6,71.0,285.0,252.0,1.25,usda,0
169137,"Mung beans, mature seeds, sprouted, cooked, boiled, drained, without salt",2.03,0.09,4.19,21.0,93.39,0.8,28.0,101.0,10.0,2.84,usda,0
169138,"Mung beans, mature seeds, sprouted, cooked, stir-fried",4.3,0.21,10.59,50.0,84.3,1.9,79.0,219.0,9.0,1.25,usda,0
169139,"Beans, navy, mature seeds, sprouted, raw",6.15,0.7,13.05,67.0,79.15,0.2,100.0,307.0,13.0,1.25,usda,0
169140,"Beans, navy, mature seeds, sprouted, cooked, boiled, drained, without salt",7.07,0.81,15.01,78.0,76.02,0.2,103.0,317.0,14.0,1.25,usda,0
169141,"Beans, snap, green, cooked, boiled, drained, without salt",1.89,0.28,7.88,35.0,89.22,3.2,29.0,146.0,1.0,3.63,usda,0
169142,"Beans, snap, green, canned, regular pack, solids and liquids",0.72,0.17,3.27,15.0,95.06,1.5,18.0,92.0,192.0,1.25,usda,0
169143,"Beans, snap, green, canned, regular pack, drained solids",1.05,0.41,4.19,21.0,93.52,1.9,22.0,96.0,268.0,1.44,usda,0
169144,"Beans, snap, canned, all styles, seasoned, solids and liquids",0.83,0.2,3.49,16.0,94.3,1.5,16.0,93.0,373.0,1.25,usda,0
169145,"Beets, raw",1.61,0.17,9.56,43.0,87.58,2.8,40.0,325.0,78.0,6.76,usda,0
169146,"Beets, cooked, boiled, drained",1.68,0.18,9.96,44.0,87.06,2.0,38.0,305.0,77.0,7.96,usda,0
169147,"Beets, canned, regular pack, solids and liquids",0.73,0.09,7.14,30.0,91.3,1.2,15.0,159.0,143.0,6.53,usda,0
169148,"Pork, cured, ham -- water added, whole, boneless, separable lean only, heated, roasted",17.99,4.39,1.57,117.0,72.58,0.0,270.0,316.0,1193.0,1.57,usda,1
169149,"Pork, cured, ham -- water added, whole, boneless, separable lean only, unheated",17.34,3.97,1.45,110.0,73.95,0.0,265.0,317.0,1141.0,1.45,usda,1
169150,"Pork, cured, ham and water product, shank, bone-in, separable lean only, heated, roasted",21.69,4.45,1.26,132.0,69.23,0.0,202.0,224.0,1045.0,1.26,usda,1
169151,"Pork, cured, ham -- water added, slice, bone-in, separable lean only, unheated",17.38,2.29,1.23,95.0,76.75,0.0,235.0,221.0,1090.0,1.23,usda,1
169152,"Pork, cured, ham and water product, rump, bone-in, separable lean only, unheated",17.93,3.38,1.24,107.0,74.32,0.0,218.0,221.0,1070.0,0.97,usda,1
169153,"Pork, cured, ham and water product, slice, bone-in, separable lean only, unheated",14.47,3.78,2.82,103.0,75.54,0.0,222.0,209.0,1160.0,0.91,usda,1
169154,"Pork, cured, ham and water product, shank, bone-in, unheated, separable lean only",17.53,4.18,1.2,113.0,73.97,0.0,209.0,234.0,1090.0,1.06,usda,1
169155,"Pork, cured, ham, separable fat, boneless, heated",8.77,51.57,2.0,507.0,35.47,0.0,169.0,195.0,677.0,0.28,usda,1
169156,"Pork, cured, ham, separable fat, boneless, unheated",7.5,53.0,1.87,515.0,35.65,0.0,143.0,174.0,616.0,0.44,usda,1
169157,"Pork, pickled pork hocks",19.11,10.54,0.0,171.0,68.02,0.0,60.0,47.0,1050.0,0.0,usda,1
169158,"Pork, cured, ham, slice, bone-in, separable lean only, heated, pan-broil",27.18,4.09,0.74,148.0,65.33,0.0,296.0,427.0,870.0,0.74,usda,1
169159,"Pork, cured, ham with natural juices, whole, boneless, separable lean and fat, unheated",19.38,3.43,1.02,112.0,72.68,0.0,302.0,346.0,1096.0,1.02,usda,1
169160,"Pork, cured, ham and water product, whole, boneless, separable lean and fat, unheated",14.05,4.99,4.21,117.0,72.96,0.0,228.0,267.0,1308.0,4.21,usda,1
169161,"Pork, cured, ham and water product, slice, bone-in, separable lean and fat, unheated",13.69,9.29,2.72,149.0,71.07,0.0,213.0,205.0,1099.0,0.85,usda,1
169162,"Pork, cured, ham and water product, shank, bone-in, separable lean and fat, unheated",14.28,20.0,1.42,243.0,61.56,0.0,188.0,215.0,936.0,0.86,usda,1
169163,"Pork, cured, ham and water product, rump, bone-in, separable lean and fat, unheated",16.09,12.13,1.35,179.0,67.5,0.0,205.0,213.0,990.0,0.88,usda,1
169164,"Pork, cured, ham -- water added, rump, bone-in, separable lean and fat, heated, roasted",20.1,8.56,0.99,161.0,67.23,0.0,238.0,244.0,1101.0,0.78,usda,1
169165,"Pork, cured, ham -- water added, shank, bone-in, separable lean and fat, heated, roasted",18.62,13.37,1.35,200.0,63.43,0.0,207.0,232.0,988.0,0.79,usda,1
169166,"Pork, cured, ham -- water added, slice, bone-in, separable lean and fat, heated, pan-broil",20.8,8.73,1.54,166.0,65.48,0.0,251.0,280.0,1309.0,1.54,usda,1
169167,"Pork, cured, ham -- water added, slice, boneless, separable lean and fat, heated, pan-broil",18.62,5.05,1.72,125.0,71.32,0.0,281.0,334.0,1212.0,1.72,usda,1
169168,"Pork, cured, ham and water product, slice, boneless, separable lean and fat, heated, pan-broil",15.08,5.13,4.69,124.0,71.14,0.0,240.0,272.0,1389.0,4.69,usda,1
169169,"Pork, cured, ham and water product, whole, boneless, separable lean and fat, heated, roasted",13.88,5.46,4.61,123.0,72.11,0.0,224.0,245.0,1335.0,4.61,usda,1
169170,"Pork, cured, ham with natural juices, rump, bone-in, separable lean and fat, heated, roasted",22.47,9.39,0.6,177.0,64.38,0.0,260.0,477.0,841.0,0.45,usda,1
169171,"Pork, cured, ham with natural juices, shank, bone-in, separable lean and fat, heated, roasted",22.88,10.93,0.33,191.0,62.94,0.0,244.0,424.0,801.0,0.33,usda,1
169172,"Pork, cured, ham with natural juices, slice, bone-in, separable lean and fat, heated, pan-broil",26.18,8.28,0.17,180.0,63.36,0.0,280.0,344.0,821.0,0.02,usda,1
169173,"Pork, cured, ham, rump, bone-in, separable lean only, heated, roasted",26.02,3.07,0.68,132.0,67.68,0.0,275.0,394.0,846.0,0.68,usda,1
169174,"Pork, cured, ham, rump, bone-in, separable lean only, unheated",24.46,2.92,0.32,125.0,69.56,0.0,267.0,385.0,737.0,0.0,usda,1
169175,"Pork, cured, ham, shank, bone-in, separable lean only, heated, roasted",26.49,3.68,0.68,139.0,67.46,0.0,269.0,378.0,828.0,0.68,usda,1
169176,"Pork, cured, ham, shank, bone-in, separable lean only, unheated",23.79,3.19,0.18,125.0,69.79,0.0,258.0,364.0,846.0,0.0,usda,1
169177,"Pork, cured, ham, slice, bone-in, separable lean and fat, unheated",22.45,9.17,0.21,173.0,66.09,0.0,250.0,348.0,744.0,0.05,usda,1
169178,"Pork, fresh, spareribs, separable lean and fat, cooked, roasted",20.89,30.86,0.0,361.0,48.11,0.0,162.0,265.0,91.0,0.0,usda,1
169179,"Pork, fresh, composite of separable fat, with added solution, raw",9.27,52.33,0.0,508.0,38.32,0.0,121.0,191.0,81.0,0.0,usda,1
169180,"Pork, fresh, loin, tenderloin, separable lean only, with added solution, cooked, roasted",21.61,3.15,0.31,116.0,73.07,0.0,316.0,567.0,231.0,0.0,usda,1
169181,"Pork, fresh, loin, top loin (chops), boneless, separable lean only, with added solution, raw",21.09,3.48,0.22,117.0,73.53,0.0,264.0,537.0,278.0,0.0,usda,1
169182,"Pork, fresh, loin, top loin (chops), boneless, separable lean and fat, with added solution, raw",19.45,10.26,0.0,171.0,68.65,0.0,244.0,489.0,251.0,0.0,usda,1
169183,"Pork, fresh, loin, top loin (chops), boneless, separable lean and fat, with added solution, cooked, broiled",28.33,9.42,0.02,198.0,60.71,0.0,307.0,581.0,302.0,0.0,usda,1
169184,"Pork, fresh, loin, tenderloin, separable lean and fat, with added solution, raw",20.16,3.14,0.0,114.0,76.1,0.0,286.0,519.0,239.0,0.0,usda,1
169185,"Pork, fresh, loin, tenderloin, separable lean and fat, with added solution, cooked, roasted",21.5,3.7,0.31,121.0,72.64,0.0,315.0,563.0,230.0,0.0,usda,1
169186,"Pork, Leg Cap Steak, boneless, separable lean and fat, raw",21.64,3.39,0.0,123.0,75.18,0.0,207.0,365.0,73.0,0.0,usda,1
169187,"Pork, Shoulder breast, boneless, separable lean and fat, raw",22.54,3.4,0.0,127.0,74.37,0.0,229.0,378.0,54.0,0.0,usda,1
169188,"Pork, Shoulder breast, boneless, separable lean and fat, cooked, broiled",28.47,4.49,0.0,162.0,67.26,0.0,240.0,364.0,54.0,0.0,usda,1
169189,"Pork, shoulder, petite tender, boneless, separable lean and fat, cooked, broiled",27.47,4.23,0.0,155.0,68.7,0.0,254.0,415.0,53.0,0.0,usda,1
169190,"Pork, ground, 96% lean / 4% fat, raw",21.1,4.0,0.21,121.0,73.62,0.0,190.0,310.0,67.0,0.0,usda,1
169191,"Pork, ground, 72% lean / 28% fat, cooked, crumbles",22.83,32.93,1.39,393.0,41.67,0.0,192.0,280.0,94.0,0.0,usda,1
169192,"Pork, ground, 84% lean / 16% fat, cooked, crumbles",26.69,20.04,0.58,289.0,51.35,0.0,226.0,354.0,89.0,0.0,usda,1
169193,"Pork, ground, 96% lean / 4% fat, cooked, crumbles",30.55,7.15,0.0,187.0,61.03,0.0,261.0,428.0,84.0,0.0,usda,1
169194,"Pork, fresh, loin, blade (chops or roasts), boneless, separable lean only, raw",21.35,3.78,0.82,123.0,72.94,0.0,244.0,375.0,65.0,0.0,usda,1
169195,"Pork, fresh, loin, blade (roasts), boneless, separable lean only, cooked, roasted",27.58,7.14,0.0,175.0,64.76,0.0,277.0,457.0,68.0,0.0,usda,1
169196,"Pork, fresh, loin, blade (chops), boneless, separable lean only, boneless, cooked, broiled",26.14,6.74,0.89,169.0,65.0,0.0,284.0,430.0,58.0,0.0,usda,1
169197,"Pork, fresh, loin, country-style ribs, separable lean only, boneless, cooked, broiled",27.83,11.65,0.0,216.0,59.98,0.0,285.0,431.0,58.0,0.0,usda,1
169198,"Pork, fresh, loin, blade (roasts), boneless, separable lean and fat, cooked, roasted",26.48,10.32,0.0,199.0,62.69,0.0,268.0,439.0,67.0,0.0,usda,1
169199,"Pork, fresh, loin, country-style ribs, separable lean and fat, boneless, cooked, broiled",26.28,15.73,0.0,247.0,57.45,0.0,272.0,408.0,58.0,0.0,usda,1
169200,"Pork, fresh, loin, country-style ribs, separable lean and fat, bone-in, cooked, broiled",25.58,17.56,0.0,260.0,56.32,0.0,265.0,344.0,81.0,0.0,usda,1
169201,"Pork, fresh, loin, country-style ribs, separable lean and fat, boneless, cooked, roasted",26.4,18.31,0.0,270.0,54.61,0.0,271.0,441.0,70.0,0.0,usda,1
169202,"Amaranth leaves, cooked, boiled, drained, without salt",2.11,0.18,4.11,21.0,91.49,0.2,72.0,641.0,21.0,1.25,usda,0
169203,"Arrowhead, raw",5.33,0.29,20.23,99.0,72.48,0.2,174.0,922.0,22.0,1.25,usda,0
169204,"Arrowhead, cooked, boiled, drained, without salt",4.49,0.1,16.14,78.0,77.08,0.2,197.0,881.0,18.0,1.25,usda,0
169205,"Artichokes, (globe or french), raw",3.27,0.15,10.51,47.0,84.94,5.4,90.0,370.0,94.0,0.99,usda,0
169206,"Asparagus, canned, regular pack, solids and liquids",1.8,0.18,2.48,15.0,94.32,1.0,38.0,172.0,284.0,1.25,usda,0
169207,"Asparagus, canned, drained solids",2.14,0.65,2.46,19.0,93.98,1.6,43.0,172.0,287.0,1.06,usda,0
169208,"Asparagus, frozen, unprepared",3.23,0.23,4.1,24.0,91.82,1.9,64.0,253.0,8.0,1.25,usda,0
169209,"Asparagus, frozen, cooked, boiled, drained, without salt",2.95,0.42,1.92,18.0,94.1,1.6,49.0,172.0,3.0,0.32,usda,0
169210,"Bamboo shoots, raw",2.6,0.3,5.2,27.0,91.0,2.2,59.0,533.0,4.0,3.0,usda,0
169211,"Bamboo shoots, cooked, boiled, drained, without salt",1.53,0.22,1.92,12.0,95.92,1.0,20.0,533.0,4.0,1.25,usda,0
169212,"Bamboo shoots, canned, drained solids",1.72,0.4,3.22,19.0,94.32,1.4,25.0,80.0,7.0,1.89,usda,0
169213,"Beans, kidney, mature seeds, sprouted, raw",4.2,0.5,4.1,29.0,90.7,0.2,37.0,187.0,6.0,1.25,usda,0
169214,"Corn, sweet, yellow, canned, whole kernel, drained solids",2.29,1.22,14.34,67.0,81.41,2.0,46.0,132.0,205.0,4.44,usda,0
169215,"Corn, sweet, yellow, canned, cream style, regular pack",1.74,0.42,18.13,72.0,78.73,1.2,51.0,134.0,261.0,3.23,usda,0
169216,"Corn, sweet, yellow, canned, vacuum pack, regular pack",2.41,0.5,19.44,79.0,76.58,2.0,64.0,186.0,272.0,5.59,usda,0
169217,"Corn, yellow, whole kernel, frozen, microwaved",3.62,1.42,25.87,113.0,68.4,2.6,95.0,276.0,4.0,3.36,usda,0
169218,"Corn with red and green peppers, canned, solids and liquids",2.33,0.55,18.17,75.0,77.5,0.2,62.0,153.0,347.0,1.25,usda,0
169219,"Cornsalad, raw",2.0,0.4,3.6,21.0,92.8,0.2,53.0,459.0,4.0,1.25,usda,0
169220,"Cowpeas (blackeyes), immature seeds, raw",2.95,0.35,18.83,90.0,77.2,5.0,53.0,431.0,4.0,3.0,usda,0
169221,"Cowpeas, young pods with seeds, cooked, boiled, drained, without salt",2.6,0.3,7.0,34.0,89.5,0.2,49.0,196.0,3.0,1.25,usda,0
169222,"Yardlong bean, raw",2.8,0.4,8.35,47.0,87.85,0.2,59.0,240.0,4.0,1.25,usda,0
169223,"Yardlong bean, cooked, boiled, drained, without salt",2.53,0.1,9.18,47.0,87.47,0.2,57.0,290.0,4.0,1.25,usda,0
169224,"Cowpeas, leafy tips, raw",4.1,0.25,4.82,29.0,89.78,0.2,9.0,455.0,7.0,1.25,usda,0
169225,"Cucumber, peeled, raw",0.59,0.16,2.16,10.0,96.73,0.7,21.0,136.0,2.0,1.38,usda,0
169226,"Dandelion greens, raw",2.7,0.7,9.2,45.0,85.6,3.5,66.0,397.0,76.0,0.71,usda,0
169227,"Dandelion greens, cooked, boiled, drained, without salt",2.0,0.6,6.4,33.0,89.8,2.9,42.0,232.0,44.0,0.5,usda,0
169228,"Eggplant, raw",0.98,0.18,5.88,25.0,92.3,3.0,24.0,229.0,2.0,3.53,usda,0
169229,"Eggplant, cooked, boiled, drained, without salt",0.83,0.23,8.73,35.0,89.67,2.5,15.0,123.0,1.0,3.2,usda,0
169230,"Garlic, raw",6.36,0.5,33.06,149.0,58.58,2.1,153.0,401.0,17.0,1.0,usda,0
169231,"Ginger root, raw",1.82,0.75,17.77,80.0,78.89,2.0,34.0,415.0,13.0,1.7,usda,0
169232,"Gourd, white-flowered (calabash), raw",0.62,0.02,3.39,14.0,95.54,0.5,13.0,150.0,2.0,1.25,usda,0
169233,"Gourd, white-flowered (calabash), cooked, boiled, drained, without salt",0.6,0.02,3.69,15.0,95.32,1.2,13.0,170.0,2.0,1.25,usda,0
169234,"Hyacinth-beans, immature seeds, raw",2.1,0.2,9.19,46.0,87.87,3.3,49.0,252.0,2.0,4.08,usda,0
169235,"Hyacinth-beans, immature seeds, cooked, boiled, drained, without salt",2.95,0.27,9.2,50.0,86.9,0.2,49.0,262.0,2.0,1.25,usda,0
169236,"Jerusalem-artichokes, raw",2.0,0.01,17.44,73.0,78.01,1.6,78.0,429.0,4.0,9.6,usda,0
169237,"Jew's ear, (pepeao), raw",0.48,0.04,6.75,25.0,92.59,0.2,14.0,43.0,9.0,1.25,usda,0
169238,"Kale, cooked, boiled, drained, without salt",2.94,1.21,5.3,36.0,89.82,4.0,42.0,144.0,16.0,1.21,usda,0
169239,"Kale, frozen, unprepared",2.66,0.46,4.88,28.0,91.12,2.0,29.0,333.0,15.0,0.85,usda,0
169240,"Kale, frozen, cooked, boiled, drained, without salt",2.94,1.21,5.3,36.0,89.82,2.3,42.0,144.0,16.0,1.21,usda,0
169241,"Kanpyo, (dried gourd strips)",8.58,0.56,65.03,258.0,19.97,9.8,188.0,1582.0,15.0,1.25,usda,3
169242,"Mushrooms, shiitake, raw",2.24,0.49,6.79,34.0,89.74,2.5,112.0,304.0,9.0,2.38,usda,0
169243,"Mushrooms, portabella, grilled",3.28,0.58,4.44,29.0,90.66,2.2,135.0,437.0,11.0,2.26,usda,0
169244,"Lambsquarters, raw",4.2,0.8,7.3,43.0,84.3,4.0,72.0,452.0,43.0,1.25,usda,0
169245,"Lambsquarters, cooked, boiled, drained, without salt",3.2,0.7,5.0,32.0,88.9,2.1,45.0,288.0,29.0,0.62,usda,0
169246,"Leeks, (bulb and lower leaf-portion), raw",1.5,0.3,14.15,61.0,83.0,1.8,35.0,180.0,20.0,3.9,usda,0
169247,"Lettuce, cos or romaine, raw",1.23,0.3,3.29,17.0,94.61,2.1,30.0,247.0,8.0,1.19,usda,0
169248,"Lettuce, iceberg (includes crisphead types), raw",0.9,0.14,2.97,14.0,95.64,1.2,20.0,141.0,10.0,1.97,usda,0
169249,"Lettuce, green leaf, raw",1.36,0.15,2.87,15.0,94.98,1.3,29.0,194.0,28.0,0.78,usda,0
169250,"Lotus root, raw",2.6,0.1,17.23,74.0,79.1,4.9,100.0,556.0,40.0,1.25,usda,0
169251,"Mushrooms, white, raw",3.09,0.34,3.26,22.0,92.45,1.0,86.0,318.0,5.0,1.98,usda,0
169252,"Mushrooms, white, cooked, boiled, drained, without salt",2.17,0.47,5.29,28.0,91.08,2.2,87.0,356.0,2.0,2.34,usda,0
169253,"Mushrooms, white, stir-fried",3.58,0.33,4.04,26.0,91.1,1.8,105.0,396.0,12.0,0.0,usda,0
169254,"Mushrooms, canned, drained solids",1.87,0.29,5.09,25.0,91.08,2.4,66.0,129.0,425.0,2.34,usda,0
169255,"Mushrooms, portabella, raw",2.11,0.35,3.87,22.0,92.82,1.3,108.0,364.0,9.0,2.5,usda,0
169256,"Mustard greens, raw",2.86,0.42,4.67,27.0,90.7,3.2,58.0,384.0,20.0,1.32,usda,0
169257,"Mustard greens, cooked, boiled, drained, without salt",2.56,0.47,4.51,26.0,91.78,2.0,42.0,162.0,9.0,1.41,usda,0
169258,"Mustard greens, frozen, unprepared",2.49,0.27,3.41,20.0,93.21,3.3,30.0,170.0,29.0,1.25,usda,0
169259,"Mustard greens, frozen, cooked, boiled, drained, without salt",2.27,0.25,3.11,19.0,93.8,2.8,24.0,139.0,25.0,0.32,usda,0
169260,"Okra, raw",1.93,0.19,7.45,33.0,89.58,3.2,61.0,299.0,7.0,1.48,usda,0
169261,"Okra, cooked, boiled, drained, without salt",1.87,0.21,4.51,22.0,92.57,2.5,32.0,135.0,6.0,2.4,usda,0
169262,"Okra, frozen, unprepared",1.69,0.25,6.63,30.0,90.82,2.2,42.0,211.0,3.0,2.97,usda,0
169263,"Okra, frozen, cooked, boiled, drained, without salt",1.63,0.24,6.41,29.0,91.12,2.1,37.0,184.0,3.0,2.87,usda,0
169264,"Potatoes, french fried, all types, salt added in processing, frozen, home-prepared, oven heated",2.75,5.48,25.55,158.0,64.44,2.0,87.0,478.0,324.0,0.37,usda,3
169265,"Potatoes, french fried, cottage-cut, salt not added in processing, frozen, as purchased",2.42,5.78,23.98,153.0,66.82,3.0,46.0,338.0,32.0,1.25,usda,0
169266,"Potatoes, french fried, cottage-cut, salt not added in processing, frozen, oven-heated",3.44,8.2,34.03,218.0,52.9,3.2,65.0,480.0,45.0,1.25,usda,3
169267,"Potatoes, frozen, french fried, par fried, extruded, unprepared",2.83,14.95,30.15,260.0,49.94,2.9,77.0,430.0,490.0,1.25,usda,3
169268,"Potatoes, frozen, french fried, par fried, extruded, prepared, heated in oven, without salt",3.55,18.71,39.68,333.0,35.4,3.2,96.0,539.0,613.0,1.25,usda,3
169269,"Potato salad, home-prepared",2.68,8.2,11.17,143.0,76.0,1.3,52.0,254.0,529.0,1.25,usda,0
169270,"Pumpkin flowers, raw",1.03,0.07,3.28,15.0,95.15,0.2,49.0,173.0,5.0,1.25,usda,0
169271,"Pumpkin flowers, cooked, boiled, drained, without salt",1.09,0.08,3.3,15.0,95.2,0.9,34.0,106.0,6.0,2.4,usda,0
169272,"Pumpkin leaves, raw",3.15,0.4,2.33,19.0,92.88,0.2,104.0,436.0,11.0,1.25,usda,0
169273,"Pumpkin pie mix, canned",1.09,0.13,26.39,104.0,71.49,8.3,45.0,138.0,208.0,1.25,usda,0
169274,"Purslane, raw",2.03,0.36,3.39,20.0,92.86,0.2,44.0,494.0,45.0,1.25,usda,0
169275,"Purslane, cooked, boiled, drained, without salt",1.49,0.19,3.55,18.0,93.52,0.2,37.0,488.0,44.0,1.25,usda,0
169276,"Radishes, raw",0.68,0.1,3.4,16.0,95.27,1.6,20.0,233.0,39.0,1.86,usda,0
169277,"Salsify, (vegetable oyster), raw",3.3,0.2,18.6,82.0,77.0,3.3,75.0,380.0,20.0,1.25,usda,0
169278,"Salsify, cooked, boiled, drained, without salt",2.73,0.17,15.36,68.0,81.0,3.1,56.0,283.0,16.0,2.9,usda,0
169279,"Sauerkraut, canned, solids and liquids",0.91,0.14,4.28,19.0,92.52,2.9,20.0,170.0,661.0,1.78,usda,0
169280,"Seaweed, agar, raw",0.54,0.03,6.75,26.0,91.32,0.5,5.0,226.0,9.0,0.28,usda,0
169281,"Sesbania flower, cooked, steamed, without salt",1.14,0.05,5.23,22.0,93.3,0.2,21.0,107.0,11.0,1.25,usda,0
169282,"Soybeans, green, raw",12.95,6.8,11.05,147.0,67.5,4.2,194.0,620.0,15.0,1.25,usda,3
169283,"Soybeans, green, cooked, boiled, drained, without salt",12.35,6.4,11.05,141.0,68.6,4.2,158.0,539.0,14.0,1.25,usda,3
169284,"Soybeans, mature seeds, sprouted, raw",13.09,6.7,9.57,122.0,69.05,1.1,164.0,484.0,14.0,1.25,usda,1
169285,"Spinach, canned, regular pack, solids and liquids",2.11,0.37,2.92,19.0,93.22,1.6,32.0,230.0,319.0,0.33,usda,0
169286,"Spinach, canned, regular pack, drained solids",2.81,0.5,3.4,23.0,91.78,2.4,44.0,346.0,322.0,0.4,usda,0
169287,"Spinach, frozen, chopped or leaf, unprepared (Includes foods for USDA's Food Distribution Program)",3.63,0.57,4.21,29.0,90.17,2.9,49.0,346.0,74.0,0.65,usda,0
169288,"Spinach, frozen, chopped or leaf, cooked, boiled, drained, without salt",4.01,0.87,4.8,34.0,88.94,3.7,50.0,302.0,97.0,0.51,usda,0
169289,"Squash, summer, scallop, raw",1.2,0.2,3.84,18.0,94.18,1.2,36.0,182.0,1.0,2.39,usda,0
169290,"Squash, summer, scallop, cooked, boiled, drained, without salt",1.03,0.17,3.3,16.0,95.0,1.9,28.0,140.0,1.0,1.5,usda,0
169291,"Squash, summer, zucchini, includes skin, raw",1.21,0.32,3.11,17.0,94.79,1.0,38.0,261.0,8.0,2.5,usda,0
169292,"Squash, summer, zucchini, includes skin, cooked, boiled, drained, without salt",1.14,0.36,2.69,15.0,95.22,1.0,37.0,264.0,3.0,1.71,usda,0
169293,"Squash, winter, acorn, cooked, baked, without salt",1.12,0.14,14.58,56.0,82.9,4.4,45.0,437.0,4.0,1.25,usda,0
169294,"Squash, winter, acorn, cooked, boiled, mashed, without salt",0.67,0.08,8.79,34.0,89.7,2.6,27.0,263.0,3.0,1.25,usda,0
169295,"Squash, winter, butternut, raw",1.0,0.1,11.69,45.0,86.41,2.0,33.0,352.0,4.0,2.2,usda,0
169296,"Squash, winter, butternut, cooked, baked, without salt",0.9,0.09,10.49,40.0,87.8,3.2,27.0,284.0,4.0,1.97,usda,0
169297,"Squash, winter, hubbard, cooked, boiled, mashed, without salt",1.48,0.37,6.46,30.0,91.1,2.9,14.0,214.0,5.0,2.93,usda,0
169298,"Squash, winter, spaghetti, raw",0.64,0.57,6.91,31.0,91.6,1.5,12.0,108.0,17.0,2.76,usda,0
169299,"Squash, winter, spaghetti, cooked, boiled, drained, or baked, without salt",0.66,0.26,6.46,27.0,92.3,1.4,14.0,117.0,18.0,2.53,usda,0
169300,"Succotash, (corn and limas), raw",5.03,1.02,19.59,99.0,73.1,3.8,113.0,369.0,4.0,1.25,usda,0
169301,"Water convolvulus,raw",2.6,0.2,3.13,19.0,92.47,2.1,39.0,312.0,113.0,1.25,usda,0
169302,"Water convolvulus, cooked, boiled, drained, without salt",2.08,0.24,3.7,20.0,92.93,1.9,42.0,284.0,122.0,1.25,usda,0
169303,"Sweet potato leaves, raw",2.49,0.51,8.82,42.0,86.81,5.3,81.0,508.0,6.0,1.25,usda,0
169304,"Sweet potato leaves, cooked, steamed, without salt",2.18,0.34,7.38,35.0,89.2,1.9,40.0,312.0,7.0,5.48,usda,0
169305,"Sweet potato, canned, mashed",1.98,0.2,23.19,101.0,73.88,1.7,52.0,210.0,75.0,5.45,usda,0
169306,"Sweet potato, frozen, unprepared (Includes foods for USDA's Food Distribution Program)",1.71,0.18,22.22,96.0,74.89,1.7,45.0,365.0,6.0,1.25,usda,0
169307,"Sweet potato, frozen, cooked, baked, without salt",1.71,0.12,23.4,100.0,73.7,1.8,44.0,377.0,8.0,9.17,usda,0
169308,"Taro, raw",1.5,0.2,26.46,112.0,70.64,4.1,84.0,591.0,11.0,0.4,usda,0
169309,"Taro shoots, cooked, without salt",0.73,0.08,3.2,14.0,95.3,0.2,26.0,344.0,2.0,1.25,usda,0
169310,"Taro, tahitian, raw",2.79,0.97,6.91,44.0,87.96,0.2,45.0,606.0,50.0,1.25,usda,0
169311,"Artichokes, (globe or french), cooked, boiled, drained, with salt",2.89,0.34,11.39,51.0,84.08,5.7,73.0,286.0,296.0,0.99,usda,0
169312,"Artichokes, (globe or french), frozen, cooked, boiled, drained, with salt",3.11,0.5,9.18,45.0,86.5,4.6,61.0,264.0,289.0,0.84,usda,0
169313,"Asparagus, cooked, boiled, drained, with salt",2.4,0.22,4.11,22.0,92.63,2.0,54.0,224.0,240.0,1.3,usda,0
169314,"Asparagus, canned, no salt added, solids and liquids",1.8,0.18,2.48,15.0,94.32,1.0,38.0,172.0,26.0,1.0,usda,0
169315,"Beans, kidney, mature seeds, sprouted, cooked, boiled, drained, with salt",4.83,0.58,4.72,33.0,89.3,0.2,38.0,194.0,243.0,1.25,usda,0
169316,"Lima beans, immature seeds, cooked, boiled, drained, with salt",6.81,0.32,23.64,123.0,67.17,5.3,130.0,570.0,253.0,1.63,usda,3
169317,"Lima beans, immature seeds, canned, no salt added, solids and liquids",4.07,0.29,13.33,71.0,81.17,3.6,71.0,285.0,4.0,0.93,usda,0
169318,"Lima beans, immature seeds, frozen, baby, cooked, boiled, drained, with salt",6.65,0.3,19.45,105.0,72.35,4.8,112.0,411.0,265.0,1.37,usda,0
169319,"Beans, pinto, mature seeds, sprouted, cooked, boiled, drained, with salt",1.86,0.32,3.5,20.0,93.39,0.2,30.0,98.0,287.0,1.25,usda,0
169320,"Beans, snap, yellow, raw",1.82,0.12,7.13,31.0,90.27,3.4,38.0,209.0,6.0,3.27,usda,0
169321,"Beans, snap, green, cooked, boiled, drained, with salt",1.89,0.28,7.88,35.0,89.22,3.2,29.0,146.0,239.0,3.63,usda,0
169322,"Beans, snap, yellow, cooked, boiled, drained, without salt",1.89,0.28,7.88,35.0,89.22,3.3,39.0,299.0,3.0,3.63,usda,0
169323,"Beans, snap, yellow, cooked, boiled, drained, with salt",1.89,0.28,7.88,35.0,89.22,3.3,39.0,299.0,239.0,3.63,usda,0
169324,"Beans, snap, yellow, frozen, all styles, unprepared",1.8,0.21,7.58,33.0,89.88,2.8,32.0,186.0,3.0,2.22,usda,0
169325,"Beans, snap, green, frozen, cooked, boiled, drained, with salt",1.49,0.17,6.45,28.0,91.42,3.0,29.0,159.0,245.0,1.88,usda,0
169326,"Beans, snap, yellow, frozen, cooked, boiled, drained, without salt",1.49,0.17,6.45,28.0,91.42,3.0,31.0,126.0,9.0,1.88,usda,0
169327,"Beans, snap, yellow, frozen, cooked, boiled, drained, with salt",1.49,0.17,6.45,28.0,91.42,3.0,31.0,126.0,245.0,1.88,usda,0
169328,"Broadbeans, immature seeds, cooked, boiled, drained, with salt",4.8,0.5,10.1,62.0,83.7,0.2,73.0,193.0,277.0,1.25,usda,0
169329,"Broccoli, leaves, raw",2.98,0.35,5.06,28.0,90.69,2.3,66.0,325.0,27.0,1.48,usda,0
169330,"Broccoli, flower clusters, raw",2.98,0.35,5.06,28.0,90.69,2.3,66.0,325.0,27.0,1.48,usda,0
169331,"Broccoli, stalks, raw",2.98,0.35,5.24,28.0,90.69,0.2,66.0,325.0,27.0,1.25,usda,0
169332,"Brussels sprouts, frozen, cooked, boiled, drained, with salt",3.64,0.39,8.32,42.0,86.74,4.1,56.0,290.0,259.0,2.08,usda,0
169333,"Burdock root, cooked, boiled, drained, with salt",2.09,0.14,21.15,88.0,75.64,1.8,93.0,360.0,240.0,3.55,usda,0
169334,"Butterbur, cooked, boiled, drained, with salt",0.23,0.02,2.16,8.0,96.7,0.2,7.0,354.0,240.0,1.25,usda,0
169335,"Cabbage, common (danish, domestic, and pointed types), freshly harvest, raw",1.21,0.18,5.37,24.0,92.52,2.3,23.0,246.0,18.0,1.25,usda,0
169336,"Cabbage, common (danish, domestic, and pointed types), stored, raw",1.21,0.18,5.37,24.0,92.52,2.3,23.0,246.0,18.0,1.25,usda,0
169337,"Cabbage, chinese (pe-tsai), cooked, boiled, drained, with salt",1.5,0.17,2.41,14.0,95.24,1.7,39.0,225.0,245.0,1.25,usda,0
169338,"Cardoon, cooked, boiled, drained, with salt",0.76,0.11,4.74,20.0,93.46,1.7,23.0,392.0,412.0,1.25,usda,0
169339,"Carrots, cooked, boiled, drained, with salt",0.76,0.18,8.22,35.0,90.17,3.0,30.0,235.0,302.0,3.45,usda,0
169340,"Carrots, canned, no salt added, solids and liquids",0.59,0.14,5.36,23.0,92.99,1.8,20.0,158.0,34.0,2.46,usda,0
169341,"Celeriac, cooked, boiled, drained, with salt",0.96,0.19,5.9,27.0,92.3,0.2,66.0,173.0,297.0,1.25,usda,0
169342,"Celery, cooked, boiled, drained, with salt",0.83,0.16,4.0,18.0,94.11,1.6,25.0,284.0,327.0,2.37,usda,0
169343,"Chard, swiss, cooked, boiled, drained, with salt",1.88,0.08,4.13,20.0,92.65,2.1,33.0,549.0,415.0,1.1,usda,0
169344,"Chayote, fruit, cooked, boiled, drained, with salt",0.62,0.48,4.5,22.0,93.43,2.8,29.0,173.0,237.0,1.89,usda,0
169345,"Corn, sweet, yellow, canned, no salt added, solids and liquids (Includes foods for USDA's Food Distribution Program)",1.95,0.77,13.86,61.0,82.61,1.7,46.0,136.0,12.0,4.15,usda,0
169346,"Corn, sweet, yellow, canned, cream style, no salt added",1.74,0.42,18.13,72.0,78.73,1.2,51.0,134.0,3.0,3.23,usda,0
169347,"Corn, sweet, yellow, canned, vacuum pack, no salt added",2.41,0.5,19.44,79.0,76.58,2.0,64.0,186.0,3.0,5.59,usda,0
169348,"Corn, sweet, yellow, frozen, kernels, cut off cob, boiled, drained, with salt",2.55,0.67,18.71,79.0,77.03,2.4,79.0,233.0,245.0,3.07,usda,0
169349,"Corn, sweet, yellow, frozen, kernels on cob, cooked, boiled, drained, with salt",3.11,0.74,22.33,94.0,73.2,2.8,75.0,251.0,240.0,3.59,usda,0
169350,"Cress, garden, cooked, boiled, drained, with salt",1.9,0.6,3.8,23.0,92.5,0.7,48.0,353.0,244.0,3.11,usda,0
169351,"Dandelion greens, cooked, boiled, drained, with salt",2.0,0.6,6.4,33.0,89.8,2.9,42.0,232.0,280.0,1.62,usda,0
169352,"Eggplant, cooked, boiled, drained, with salt",0.83,0.23,8.14,33.0,89.67,2.5,15.0,123.0,239.0,3.2,usda,0
169353,"Gourd, white-flowered (calabash), cooked, boiled, drained, with salt",0.6,0.02,3.1,13.0,95.32,1.2,13.0,170.0,238.0,1.25,usda,0
169354,"Jute, potherb, cooked, boiled, drained, with salt",3.68,0.2,7.29,37.0,87.15,2.0,72.0,550.0,247.0,1.0,usda,0
169355,"Kale, cooked, boiled, drained, with salt",2.94,1.21,5.3,44.0,89.82,2.3,42.0,144.0,252.0,1.21,usda,0
169356,"Kale, frozen, cooked, boiled, drained, with salt",2.94,1.21,5.3,36.0,89.82,2.3,42.0,144.0,252.0,1.21,usda,0
169357,"Kohlrabi, cooked, boiled, drained, with salt",1.8,0.11,6.69,29.0,90.3,1.1,45.0,340.0,257.0,2.8,usda,0
169358,"Yambean (jicama), cooked, boiled, drained, with salt",0.72,0.09,8.23,36.0,90.07,0.2,16.0,135.0,242.0,1.25,usda,0
169359,"Yardlong bean, cooked, boiled, drained, with salt",2.53,0.1,9.17,47.0,87.47,0.2,57.0,290.0,240.0,1.25,usda,0
169360,"Corn, sweet, white, canned, whole kernel, no salt added, solids and liquids",1.95,0.5,15.41,64.0,81.34,0.7,51.0,164.0,12.0,1.25,usda,0
169361,"Corn, sweet, white, canned, whole kernel, drained solids",2.29,1.22,14.34,67.0,81.41,2.0,46.0,132.0,205.0,4.44,usda,0
169362,"Corn, sweet, white, canned, cream style, regular pack",1.74,0.42,18.62,74.0,78.24,1.2,40.0,119.0,261.0,6.09,usda,0
169363,"Corn, sweet, white, canned, cream style, no salt added",1.74,0.42,18.13,72.0,78.73,1.2,51.0,134.0,3.0,2.21,usda,0
169364,"Corn, sweet, white, frozen, kernels cut off cob, boiled, drained, with salt",2.75,0.43,19.56,80.0,76.73,2.4,57.0,147.0,245.0,3.12,usda,0
169365,"Corn, sweet, white, frozen, kernels on cob, unprepared",3.28,0.78,23.5,98.0,71.79,2.8,87.0,294.0,5.0,1.25,usda,0
169366,"Corn, sweet, white, frozen, kernels on cob, cooked, boiled, drained, without salt",3.11,0.74,22.33,94.0,73.2,2.1,75.0,251.0,4.0,1.25,usda,0
169367,"Corn, sweet, white, frozen, kernels on cob, cooked, boiled, drained, with salt",3.11,0.74,22.33,94.0,73.2,2.8,75.0,251.0,240.0,1.25,usda,0
169368,"Sesbania flower, cooked, steamed, with salt",1.14,0.05,5.1,21.0,93.3,0.2,21.0,107.0,247.0,1.25,usda,0
169369,"Soybeans, mature seeds, sprouted, cooked, steamed, with salt",8.47,4.45,6.53,81.0,79.45,0.8,135.0,355.0,246.0,0.43,usda,1
169370,"Soybeans, mature seeds, sprouted, cooked, stir-fried, with salt",13.1,7.1,9.4,125.0,67.2,0.8,216.0,567.0,250.0,1.25,usda,1
169371,"Dock, cooked, boiled, drained, with salt",1.83,0.64,2.93,20.0,93.6,0.2,52.0,321.0,239.0,1.25,usda,0
169372,"Potatoes, mashed, dehydrated, prepared from flakes without milk, whole milk and margarine added",1.9,5.6,15.02,113.0,76.3,2.3,56.0,233.0,332.0,1.25,usda,0
169373,"Peppers, sweet, red, freeze-dried",17.9,3.0,68.7,314.0,2.0,21.3,327.0,3170.0,193.0,40.77,usda,3
169374,"Beans, snap, yellow, canned, regular pack, drained solids",1.15,0.1,4.5,20.0,93.3,1.3,19.0,109.0,251.0,0.78,usda,0
169375,"Beans, snap, yellow, canned, no salt added, drained solids",1.15,0.1,4.5,20.0,93.3,1.3,19.0,109.0,2.0,0.78,usda,0
169376,"Mushroom, white, exposed to ultraviolet light, raw",3.09,0.34,3.26,22.0,92.45,1.0,86.0,318.0,5.0,1.98,usda,0
169377,"Mushrooms, portabella, exposed to ultraviolet light, grilled",3.28,0.58,4.44,29.0,90.66,2.2,135.0,437.0,11.0,2.26,usda,0
169378,"Pickles, cucumber, sweet (includes bread and butter pickles)",0.58,0.41,21.15,91.0,76.2,1.0,18.0,100.0,457.0,18.27,usda,0
169379,"Pickles, cucumber, sour",0.33,0.2,2.26,11.0,94.08,1.2,14.0,23.0,1208.0,1.06,usda,0
169380,"Pickles, cucumber, sweet, low sodium (includes bread and butter pickles)",0.37,0.26,33.73,122.0,65.26,1.1,12.0,32.0,18.0,26.68,usda,0
169381,"Catsup, low sodium",1.04,0.1,27.4,101.0,68.51,0.3,26.0,281.0,20.0,21.27,usda,0
169382,"Mushrooms, enoki, raw",2.66,0.29,7.81,37.0,88.34,2.7,105.0,359.0,3.0,0.22,usda,0
169383,"Peppers, sweet, yellow, raw",1.0,0.21,6.32,27.0,92.02,0.9,24.0,212.0,2.0,1.25,usda,0
169384,"Tomatoes, sun-dried, packed in oil, drained",5.06,14.08,23.33,213.0,53.83,5.8,139.0,1565.0,266.0,1.25,usda,3
169385,"Fennel, bulb, raw",1.24,0.2,7.3,31.0,90.21,3.1,50.0,414.0,52.0,3.93,usda,0
169386,"Pickle relish, hamburger",0.63,0.54,34.48,129.0,61.12,3.2,17.0,76.0,1096.0,1.25,usda,0
169387,"Arugula, raw",2.58,0.66,3.65,25.0,91.71,1.6,52.0,369.0,27.0,2.05,usda,0
169388,"Nopales, cooked, without salt",1.35,0.05,3.28,15.0,94.31,2.0,16.0,195.0,20.0,1.12,usda,0
169389,"Cauliflower, green, raw",2.95,0.3,6.09,31.0,89.79,3.2,62.0,300.0,23.0,3.03,usda,0
169390,"Cauliflower, green, cooked, no salt added",3.04,0.31,6.28,32.0,89.47,3.3,57.0,278.0,23.0,3.12,usda,0
169391,"Cauliflower, green, cooked, with salt",3.04,0.31,6.28,32.0,89.47,3.3,57.0,278.0,259.0,1.25,usda,0
169392,"Broccoli, chinese, cooked",1.14,0.72,3.81,22.0,93.54,2.5,41.0,261.0,7.0,0.84,usda,0
169393,"Grape leaves, canned",4.27,1.97,11.71,69.0,76.1,9.9,34.0,29.0,2853.0,1.25,usda,0
169394,"Pepper, banana, raw",1.66,0.45,5.35,27.0,91.81,3.4,32.0,256.0,13.0,1.95,usda,0
169395,"Peppers, serrano, raw",1.74,0.44,6.7,32.0,90.25,3.7,40.0,305.0,10.0,3.83,usda,0
169396,"Peppers, ancho, dried",11.86,8.2,51.42,281.0,22.63,21.6,201.0,2411.0,43.0,1.25,usda,3
169397,"Pickles, chowchow, with cauliflower onion mustard, sweet",1.5,0.9,26.64,121.0,68.9,1.5,22.0,200.0,527.0,23.88,usda,0
169398,"Epazote, raw",0.33,0.52,7.44,32.0,89.21,3.8,86.0,633.0,43.0,1.25,usda,0
169399,"Fireweed, leaves, raw",4.71,2.75,19.22,103.0,70.78,10.6,108.0,494.0,34.0,1.25,usda,3
169400,"Malabar spinach, cooked",2.98,0.78,2.71,23.0,92.5,2.1,36.0,256.0,55.0,1.25,usda,0
169401,"Yautia (tannier), raw",1.46,0.4,23.63,98.0,73.06,1.5,51.0,598.0,21.0,1.25,usda,0
169402,"Mushrooms, white, microwaved",3.91,0.46,6.04,35.0,88.52,2.5,127.0,488.0,17.0,0.0,usda,0
169403,"Mushrooms, maitake, raw",1.94,0.19,6.97,31.0,90.37,2.7,74.0,204.0,1.0,2.07,usda,0
169404,"Broccoli, chinese, raw",1.2,0.76,4.67,26.0,92.55,2.6,43.0,274.0,7.0,0.88,usda,0
169405,"Fiddlehead ferns, raw",4.55,0.4,5.54,34.0,88.68,0.2,101.0,370.0,1.0,1.25,usda,0
169406,"Seeds, sesame butter, tahini, from unroasted kernels (non-chemically removed seed coat)",17.95,56.44,17.89,607.0,3.0,9.3,790.0,459.0,1.0,1.25,usda,3
169407,"Seeds, watermelon seed kernels, dried",28.33,47.37,15.31,557.0,5.05,0.2,755.0,648.0,99.0,1.25,usda,3
169408,"Nuts, chestnuts, japanese, dried",5.25,1.24,81.43,360.0,9.96,0.2,169.0,768.0,34.0,1.25,usda,3
169409,"Nuts, coconut milk, frozen (liquid expressed from grated meat and water)",1.61,20.8,5.58,202.0,71.42,0.2,59.0,232.0,12.0,1.25,usda,1
169410,"Seeds, sesame butter, tahini, from raw and stone ground kernels",17.81,48.0,26.19,570.0,3.0,9.3,752.0,414.0,74.0,1.25,usda,3
169411,"Nuts, formulated, wheat-based, all flavors except macadamia, without salt",13.11,62.3,20.79,647.0,2.0,5.2,366.0,320.0,91.0,1.25,usda,3
169412,"Seeds, sesame seed kernels, dried (decorticated)",20.45,61.21,11.73,631.0,3.75,11.6,667.0,370.0,47.0,0.48,usda,3
169413,"Nuts, chestnuts, japanese, raw",2.25,0.53,34.91,154.0,61.41,0.2,72.0,329.0,14.0,1.25,usda,0
169414,"Seeds, flaxseed",18.29,42.16,28.88,534.0,6.96,27.3,642.0,813.0,30.0,1.55,usda,3
169415,"Seeds, pumpkin and squash seed kernels, roasted, with salt added",29.84,49.05,14.71,574.0,2.03,6.5,1174.0,788.0,256.0,1.29,usda,3
169416,"Seeds, sesame seed kernels, toasted, with salt added (decorticated)",16.96,48.0,26.04,567.0,5.0,16.9,774.0,406.0,588.0,0.48,usda,3
169417,"Seeds, sunflower seed kernels from shell, dry roasted, with salt added",19.33,49.8,15.31,546.0,1.2,9.0,1155.0,850.0,6008.0,2.73,usda,3
169418,"Seeds, sunflower seed kernels, dry roasted, with salt added",19.33,49.8,24.07,582.0,1.2,9.0,1155.0,850.0,655.0,2.73,usda,3
169419,"Nuts, almonds, oil roasted, with salt added",21.23,55.17,17.68,607.0,2.8,10.5,466.0,699.0,339.0,4.55,usda,3
169421,"Nuts, cashew nuts, dry roasted, with salt added",15.31,46.35,32.69,574.0,1.7,3.0,490.0,565.0,640.0,5.01,usda,3
169422,"Nuts, cashew nuts, oil roasted, with salt added",16.84,47.77,30.16,581.0,2.34,3.3,531.0,632.0,308.0,5.01,usda,3
169423,"Nuts, mixed nuts, oil roasted, without peanuts, with salt added",15.52,56.17,22.27,615.0,3.15,5.5,449.0,544.0,306.0,4.38,usda,3
169424,"Nuts, pecans, dry roasted, with salt added",9.5,74.27,13.55,710.0,1.12,9.4,293.0,424.0,383.0,4.06,usda,3
169425,"Nuts, pecans, oil roasted, with salt added",9.2,75.23,13.01,715.0,1.13,9.5,263.0,392.0,393.0,3.97,usda,3
169426,"Nuts, pistachio nuts, dry roasted, with salt added",21.05,45.82,27.55,569.0,1.79,10.3,469.0,1007.0,428.0,7.74,usda,3
169427,"Nuts, mixed nuts, oil roasted, with peanuts, lightly salted",20.04,53.95,21.05,607.0,2.08,7.0,456.0,632.0,161.0,4.15,usda,3
169428,"Nuts, mixed nuts, oil roasted, without peanuts, lightly salted",17.86,50.0,25.0,607.0,3.15,7.1,433.0,714.0,143.0,5.21,usda,3
169429,"Beef, grass-fed, strip steaks, lean only, raw",23.07,2.69,0.0,117.0,73.42,0.0,212.0,342.0,55.0,0.0,usda,1
169430,"Beef, carcass, separable lean and fat, choice, raw",17.32,24.05,0.0,291.0,57.26,0.0,154.0,267.0,59.0,1.25,usda,1
169431,"Beef, carcass, separable lean and fat, select, raw",17.48,22.55,0.0,278.0,58.21,0.0,156.0,271.0,59.0,1.25,usda,1
169432,"Beef, brisket, flat half, separable lean and fat, trimmed to 1/8"" fat, select, cooked, braised",28.97,17.37,0.0,280.0,53.39,0.0,180.0,237.0,49.0,0.0,usda,1
169433,"Beef, flank, steak, separable lean and fat, trimmed to 0"" fat, choice, raw",21.22,8.29,0.0,165.0,69.46,0.0,193.0,330.0,54.0,0.0,usda,1
169434,"Beef, flank, steak, separable lean and fat, trimmed to 0"" fat, choice, cooked, braised",26.98,16.44,0.0,263.0,54.95,0.0,256.0,337.0,70.0,0.0,usda,1
169435,"Beef, flank, steak, separable lean and fat, trimmed to 0"" fat, choice, cooked, broiled",27.55,9.31,0.0,202.0,63.33,0.0,201.0,326.0,53.0,0.0,usda,1
169436,"Beef, rib, eye, small end (ribs 10-12), separable lean and fat, trimmed to 0"" fat, choice, cooked, broiled",26.58,16.76,0.0,265.0,55.87,0.0,201.0,326.0,53.0,0.0,usda,1
169437,"Beef, rib, eye, small end (ribs 10-12), separable lean only, trimmed to 0"" fat, choice, raw",20.13,8.3,0.0,161.0,68.7,0.0,196.0,373.0,63.0,1.25,usda,1
169438,"Beef, rib, eye, small end (ribs 10-12), separable lean only, trimmed to 0"" fat, choice, cooked, broiled",28.88,9.01,0.0,205.0,61.3,0.0,227.0,363.0,60.0,0.0,usda,1
169439,"Beef, rib, shortribs, separable lean and fat, choice, raw",14.4,36.23,0.4,390.0,48.29,0.0,137.0,232.0,49.0,1.25,usda,1
169440,"Beef, brisket, flat half, separable lean and fat, trimmed to 0"" fat, choice, cooked, braised",32.21,9.24,0.0,221.0,58.42,0.0,191.0,254.0,52.0,0.0,usda,1
169441,"Beef, shank crosscuts, separable lean only, trimmed to 1/4"" fat, choice, raw",21.75,3.85,0.0,128.0,73.03,0.0,204.0,387.0,63.0,1.25,usda,1
169442,"Beef, shank crosscuts, separable lean only, trimmed to 1/4"" fat, choice, cooked, simmered",33.68,6.36,0.0,201.0,58.21,0.0,263.0,447.0,64.0,1.25,usda,1
169443,"Beef, short loin, porterhouse steak, separable lean only, trimmed to 1/8"" fat, choice, raw",22.13,7.39,0.0,161.0,69.56,0.0,209.0,276.0,56.0,0.0,usda,1
169444,"Beef, chuck, under blade pot roast, boneless, separable lean only, trimmed to 0"" fat, all grades, cooked, braised",30.54,10.46,0.0,216.0,58.22,0.0,206.0,306.0,65.0,0.0,usda,1
169445,"Beef, chuck, under blade pot roast or steak, boneless, separable lean only, trimmed to 0"" fat, all grades, raw",21.13,6.07,0.31,140.0,71.41,0.0,202.0,369.0,81.0,0.0,usda,1
169446,"Beef, chuck, under blade pot roast or steak, boneless, separable lean only, trimmed to 0"" fat, choice, raw",21.19,6.51,0.39,145.0,70.82,0.0,200.0,361.0,80.0,0.0,usda,1
169447,"Beef, ground, patties, frozen, cooked, broiled",23.05,21.83,0.0,295.0,53.91,0.0,174.0,305.0,77.0,0.0,usda,1
169448,"Beef, variety meats and by-products, heart, cooked, simmered",28.48,4.73,0.15,165.0,65.67,0.0,254.0,219.0,59.0,0.0,usda,1
169449,"Beef, variety meats and by-products, kidneys, raw",17.4,3.09,0.29,99.0,77.89,0.0,257.0,262.0,182.0,0.0,usda,1
169450,"Beef, variety meats and by-products, kidneys, cooked, simmered",27.27,4.65,0.0,158.0,66.88,0.0,304.0,135.0,94.0,0.0,usda,1
169451,"Beef, variety meats and by-products, liver, raw",20.36,3.63,3.89,135.0,70.81,0.0,387.0,313.0,69.0,0.0,usda,1
169452,"Beef, variety meats and by-products, pancreas, raw",15.7,18.6,0.0,235.0,65.2,0.0,327.0,276.0,67.0,1.25,usda,1
169453,"Beef, variety meats and by-products, pancreas, cooked, braised",27.1,17.2,0.0,271.0,55.6,0.0,453.0,246.0,60.0,1.25,usda,1
169454,"Beef, variety meats and by-products, spleen, raw",18.3,3.0,0.0,105.0,77.2,0.0,296.0,429.0,85.0,1.25,usda,1
169455,"Beef, loin, top loin steak, boneless, lip off, separable lean only, trimmed to 0"" fat, choice, cooked, grilled",29.22,9.52,0.0,211.0,60.74,0.0,268.0,367.0,59.0,0.0,usda,1
169456,"Beef, loin, top loin steak, boneless, lip off, separable lean only, trimmed to 0"" fat, select, cooked, grilled",29.99,6.74,0.0,189.0,63.25,0.0,277.0,375.0,58.0,0.0,usda,1
169457,"Beef, top sirloin, steak, separable lean and fat, trimmed to 0"" fat, all grades, cooked, broiled",29.33,9.67,0.0,212.0,60.33,0.0,229.0,368.0,61.0,0.0,usda,1
169458,"Beef, top sirloin, steak, separable lean and fat, trimmed to 0"" fat, choice, cooked, broiled",29.02,10.54,0.0,219.0,59.68,0.0,218.0,355.0,58.0,0.0,usda,1
169459,"Beef, short loin, porterhouse steak, separable lean and fat, trimmed to 0"" fat, all grades, cooked, broiled",23.96,19.27,0.0,276.0,54.66,0.0,193.0,299.0,65.0,0.0,usda,1
169460,"Beef, short loin, porterhouse steak, separable lean and fat, trimmed to 0"" fat, USDA choice, cooked, broiled",23.61,20.15,0.0,283.0,53.95,0.0,194.0,278.0,65.0,0.0,usda,1
169461,"Beef, short loin, porterhouse steak, separable lean and fat, trimmed to 0"" fat, USDA select, cooked, broiled",24.47,17.98,0.0,267.0,55.69,0.0,191.0,330.0,65.0,0.0,usda,1
169462,"Beef, short loin, porterhouse steak, separable lean only, trimmed to 1/8"" fat, all grades, raw",22.32,6.6,0.0,155.0,70.32,0.0,206.0,274.0,51.0,0.0,usda,1
169463,"Beef, short loin, porterhouse steak, separable lean only, trimmed to 0"" fat, select, cooked, broiled",26.89,8.81,0.0,194.0,62.19,0.0,211.0,367.0,69.0,0.0,usda,1
169464,"Beef, short loin, t-bone steak, separable lean and fat, trimmed to 0"" fat, all grades, cooked, broiled",24.18,15.93,0.0,247.0,57.78,0.0,199.0,302.0,67.0,0.0,usda,1
169465,"Beef, short loin, t-bone steak, separable lean and fat, trimmed to 0"" fat, USDA choice, cooked, broiled",24.05,17.26,0.0,258.0,56.97,0.0,197.0,300.0,67.0,0.0,usda,1
169466,"Beef, short loin, t-bone steak, separable lean and fat, trimmed to 0"" fat, USDA select, cooked, broiled",24.38,14.0,0.0,230.0,58.97,0.0,200.0,305.0,68.0,0.0,usda,1
169467,"Beef, short loin, t-bone steak, bone-in, separable lean only, trimmed to 1/8"" fat, select, cooked, grilled",28.45,9.35,0.0,206.0,61.98,0.0,234.0,304.0,66.0,0.0,usda,1
169468,"Beef, short loin, t-bone steak, separable lean only, trimmed to 0"" fat, select, cooked, broiled",26.0,7.36,0.0,177.0,63.73,0.0,215.0,327.0,71.0,0.0,usda,1
169469,"Beef, brisket, flat half, separable lean only, trimmed to 0"" fat, select, cooked, braised",33.9,5.92,0.0,198.0,59.92,0.0,214.0,279.0,56.0,0.0,usda,1
169470,"Beef, round, tip round, roast, separable lean and fat, trimmed to 0"" fat, all grades, raw",20.48,7.01,0.0,151.0,72.01,0.0,194.0,318.0,55.0,0.0,usda,1
169471,"Beef, round, top round steak, boneless, separable lean only, trimmed to 0"" fat, choice, cooked, grilled",30.24,4.11,0.0,166.0,64.37,0.0,307.0,429.0,78.0,0.0,usda,1
169472,"Beef, round, top round steak, boneless, separable lean only, trimmed to 0"" fat, select, cooked, grilled",29.81,3.37,0.0,158.0,65.87,0.0,305.0,438.0,76.0,0.0,usda,1
169473,"Beef, ground, 70% lean meat / 30% fat, crumbles, cooked, pan-browned",25.56,17.86,0.0,270.0,55.78,0.0,202.0,328.0,96.0,0.0,usda,1
169474,"Beef, ground, 70% lean meat / 30% fat, loaf, cooked, baked",23.87,15.37,0.0,241.0,58.37,0.0,166.0,241.0,73.0,0.0,usda,1
169475,"Beef, shoulder top blade steak, boneless, separable lean only, trimmed to 0"" fat, choice, cooked, grilled",28.28,9.83,0.0,202.0,61.73,0.0,226.0,389.0,85.0,0.0,usda,1
169476,"Beef, shoulder top blade steak, boneless, separable lean only, trimmed to 0"" fat, select, cooked, grilled",27.96,8.34,0.0,187.0,62.67,0.0,228.0,394.0,89.0,0.0,usda,1
169477,"Beef, shoulder top blade steak, boneless, separable lean only, trimmed to 0"" fat, all grades, raw",20.36,6.42,0.0,139.0,72.42,0.0,203.0,338.0,83.0,0.0,usda,1
169478,"Beef, shoulder top blade steak, boneless, separable lean only, trimmed to 0"" fat, choice, raw",20.35,6.88,0.0,143.0,71.79,0.0,202.0,340.0,82.0,0.0,usda,1
169479,"Beef, shoulder top blade steak, boneless, separable lean and fat, trimmed to 0"" fat, all grades, cooked, grilled",27.59,11.07,0.0,210.0,61.04,0.0,217.0,379.0,85.0,0.0,usda,1
169480,"Beef, shoulder pot roast or steak, boneless, separable lean only, trimmed to 0"" fat, all grades, raw",21.64,4.09,0.0,123.0,73.17,0.0,236.0,399.0,73.0,0.0,usda,1
169481,"Beef, shoulder pot roast or steak, boneless, separable lean only, trimmed to 0"" fat, choice, raw",21.45,4.35,0.11,125.0,72.95,0.0,237.0,408.0,74.0,0.0,usda,1
169482,"Beef, shoulder pot roast or steak, boneless, separable lean only, trimmed to 0"" fat, select, raw",21.93,3.7,0.0,121.0,73.51,0.0,235.0,386.0,71.0,0.0,usda,1
169483,"Beef, composite of trimmed retail cuts, separable lean and fat, trimmed to 1/8"" fat, all grades, raw",20.01,14.42,0.0,215.0,64.81,0.0,174.0,283.0,52.0,0.0,usda,1
169484,"Beef, composite of trimmed retail cuts, separable lean and fat, trimmed to 1/8"" fat, all grades, cooked",26.11,16.59,0.0,259.0,56.97,0.0,180.0,271.0,50.0,0.0,usda,1
169485,"Beef, composite of trimmed retail cuts, separable lean and fat, trimmed to 1/8"" fat, choice, raw",19.79,15.42,0.0,224.0,63.98,0.0,171.0,276.0,50.0,0.0,usda,1
169486,"Beef, composite of trimmed retail cuts, separable lean and fat, trimmed to 1/8"" fat, choice, cooked",25.85,17.68,0.0,268.0,55.96,0.0,175.0,265.0,49.0,0.0,usda,1
169487,"Beef, composite of trimmed retail cuts, separable lean and fat, trimmed to 1/8"" fat, select, raw",19.06,12.4,0.0,193.0,61.88,0.0,168.0,279.0,51.0,0.0,usda,1
169488,"Beef, brisket, flat half, separable lean and fat, trimmed to 1/8"" fat, all grades, cooked, braised",28.82,18.42,0.0,289.0,52.48,0.0,175.0,232.0,48.0,0.0,usda,1
169489,"Beef, brisket, point half, separable lean and fat, trimmed to 1/8"" fat, all grades, raw",17.65,20.98,0.59,267.0,59.96,0.0,166.0,264.0,72.0,0.0,usda,1
169490,"Beef, brisket, point half, separable lean and fat, trimmed to 1/8"" fat, all grades, cooked, braised",24.4,27.17,0.0,349.0,48.3,0.0,194.0,241.0,69.0,0.0,usda,1
169491,"Beef, chuck, arm pot roast, separable lean and fat, trimmed to 1/8"" fat, all grades, raw",19.23,17.98,0.0,244.0,62.33,0.0,174.0,290.0,62.0,0.0,usda,1
169492,"Beef, chuck, arm pot roast, separable lean and fat, trimmed to 1/8"" fat, select, cooked, braised",30.05,18.5,0.0,295.0,51.56,0.0,184.0,243.0,50.0,0.0,usda,1
169493,"Beef, chuck, blade roast, separable lean and fat, trimmed to 1/8"" fat, all grades, raw",17.16,19.41,0.0,248.0,61.23,0.0,162.0,271.0,68.0,0.0,usda,1
169494,"Beef, chuck, blade roast, separable lean and fat, trimmed to 1/8"" fat, all grades, cooked, braised",26.78,25.12,0.0,341.0,47.67,0.0,202.0,233.0,65.0,0.0,usda,1
169495,"Beef, chuck, blade roast, separable lean and fat, trimmed to 1/8"" fat, choice, raw",16.98,21.31,0.97,268.0,59.93,0.0,160.0,267.0,67.0,0.0,usda,1
169496,"Beef, chuck eye roast, boneless, America's Beef Roast, separable lean only, trimmed to 0"" fat, choice, cooked, roasted",26.41,9.36,0.0,190.0,63.88,0.0,211.0,339.0,79.0,0.0,usda,1
169497,"Beef, chuck eye roast, boneless, America's Beef Roast, separable lean only, trimmed to 0"" fat, select, cooked, roasted",27.02,7.12,0.0,172.0,66.16,0.0,209.0,351.0,81.0,0.0,usda,1
169498,"Beef, rib, whole (ribs 6-12), separable lean and fat, trimmed to 1/8"" fat, all grades, raw",16.53,26.1,0.0,306.0,55.24,0.0,156.0,272.0,55.0,1.25,usda,1
169499,"Beef, rib, whole (ribs 6-12), separable lean and fat, trimmed to 1/8"" fat, all grades, cooked, broiled",22.42,26.75,0.0,337.0,48.47,0.0,179.0,315.0,63.0,1.25,usda,1
169500,"Beef, rib, whole (ribs 6-12), separable lean and fat, trimmed to 1/8"" fat, all grades, cooked, roasted",22.77,28.11,0.0,351.0,48.12,0.0,177.0,305.0,64.0,1.25,usda,1
169501,"Beef, rib, whole (ribs 6-12), separable lean and fat, trimmed to 1/8"" fat, select, cooked, broiled",22.73,24.2,0.0,315.0,50.41,0.0,182.0,321.0,64.0,1.25,usda,1
169502,"Beef, rib, whole (ribs 6-12), separable lean and fat, trimmed to 1/8"" fat, select, cooked, roasted",23.1,25.63,0.0,330.0,49.9,0.0,180.0,310.0,65.0,1.25,usda,1
169503,"Beef, rib, whole (ribs 6-12), separable lean and fat, trimmed to 1/8"" fat, prime, raw",16.15,31.66,0.0,355.0,51.51,0.0,152.0,263.0,53.0,1.25,usda,1
169504,"Beef, rib, whole (ribs 6-12), separable lean and fat, trimmed to 1/8"" fat, prime, cooked, broiled",21.95,32.38,0.0,386.0,44.87,0.0,169.0,310.0,62.0,1.25,usda,1
169505,"Beef, rib, large end (ribs 6-9), separable lean and fat, trimmed to 1/8"" fat, choice, raw",16.03,29.34,0.0,333.0,53.0,0.0,150.0,254.0,54.0,1.25,usda,1
169506,"Beef, rib, large end (ribs 6-9), separable lean and fat, trimmed to 1/8"" fat, choice, cooked, broiled",20.86,31.18,0.0,370.0,45.96,0.0,175.0,297.0,63.0,1.25,usda,1
169507,"Beef, rib, large end (ribs 6-9), separable lean and fat, trimmed to 1/8"" fat, choice, cooked, roasted",22.5,31.28,0.0,378.0,45.9,0.0,169.0,286.0,63.0,1.25,usda,1
169508,"Beef, rib, large end (ribs 6-9), separable lean and fat, trimmed to 1/8"" fat, select, raw",16.52,24.85,0.0,295.0,56.35,0.0,155.0,266.0,56.0,1.25,usda,1
169509,"Beef, rib, small end (ribs 10-12), separable lean and fat, trimmed to 1/8"" fat, all grades, raw",19.33,19.06,0.0,254.0,61.05,0.0,176.0,295.0,49.0,0.0,usda,1
169510,"Beef, rib, small end (ribs 10-12), separable lean and fat, trimmed to 1/8"" fat, all grades, cooked, broiled",25.85,20.04,0.0,291.0,53.65,0.0,201.0,323.0,53.0,0.0,usda,1
169511,"Beef, rib, small end (ribs 10-12), separable lean and fat, trimmed to 1/8"" fat, all grades, cooked, roasted",22.54,27.14,0.0,341.0,48.97,0.0,183.0,324.0,63.0,1.25,usda,1
169512,"Beef, rib, small end (ribs 10-12), separable lean and fat, trimmed to 1/8"" fat, choice, raw",19.09,20.13,0.0,263.0,60.11,0.0,172.0,293.0,48.0,0.0,usda,1
169513,"Beef, rib, small end (ribs 10-12), separable lean and fat, trimmed to 1/8"" fat, select, cooked, roasted",22.76,25.02,0.0,323.0,50.84,0.0,185.0,328.0,64.0,1.25,usda,1
169514,"Beef, rib, small end (ribs 10-12), separable lean and fat, trimmed to 1/8"" fat, prime, raw",16.74,29.18,0.06,335.0,53.22,0.0,160.0,286.0,53.0,1.25,usda,1
169515,"Beef, rib, small end (ribs 10-12), separable lean and fat, trimmed to 1/8"" fat, prime, cooked, broiled",24.13,27.86,0.0,354.0,47.36,0.0,178.0,332.0,63.0,1.25,usda,1
169516,"Beef, rib, small end (ribs 10-12), separable lean and fat, trimmed to 1/8"" fat, prime, cooked, roasted",22.15,35.12,0.0,411.0,41.82,0.0,178.0,323.0,65.0,1.25,usda,1
169517,"Beef, round, full cut, separable lean and fat, trimmed to 1/8"" fat, select, raw",20.56,10.68,0.0,184.0,66.62,0.0,199.0,342.0,54.0,0.0,usda,1
169518,"Beef, round, full cut, separable lean and fat, trimmed to 1/8"" fat, select, cooked, broiled",27.58,11.08,0.0,218.0,58.49,0.0,240.0,395.0,62.0,0.0,usda,1
169519,"Beef, round, bottom round, steak, separable lean and fat, trimmed to 1/8"" fat, all grades, raw",20.7,11.54,0.0,192.0,66.88,0.0,199.0,327.0,56.0,0.0,usda,1
169520,"Beef, round, bottom round, steak, separable lean and fat, trimmed to 1/8"" fat, all grades, cooked, braised",32.76,11.87,0.0,247.0,54.97,0.0,204.0,266.0,43.0,0.0,usda,1
169521,"Beef, round, bottom round, steak, separable lean and fat, trimmed to 1/8"" fat, select, cooked, braised",32.67,11.19,0.0,240.0,55.67,0.0,208.0,269.0,43.0,0.0,usda,1
169522,"Beef, round, bottom round, roast, separable lean and fat, trimmed to 1/8"" fat, select, cooked, roasted",26.77,10.85,0.0,212.0,62.1,0.0,170.0,219.0,35.0,0.0,usda,1
169523,"Beef, round, eye of round, roast, separable lean and fat, trimmed to 1/8"" fat, all grades, raw",21.49,8.24,0.0,166.0,69.31,0.0,207.0,340.0,58.0,0.0,usda,1
169524,"Beef, round, eye of round, roast, separable lean and fat, trimmed to 1/8"" fat, all grades, cooked, roasted",28.31,9.65,0.0,208.0,61.97,0.0,174.0,227.0,37.0,0.0,usda,1
169525,"Beef, round, tip round, separable lean and fat, trimmed to 1/8"" fat, all grades, raw",19.6,11.67,0.0,189.0,66.1,0.0,193.0,329.0,58.0,1.25,usda,1
169526,"Beef, round, tip round, roast, separable lean and fat, trimmed to 1/8"" fat, all grades, cooked, roasted",27.45,11.34,0.0,219.0,61.56,0.0,230.0,367.0,63.0,0.0,usda,1
169527,"Beef, round, tip round, separable lean and fat, trimmed to 1/8"" fat, choice, raw",19.48,12.83,0.0,199.0,65.43,0.0,192.0,326.0,58.0,0.0,usda,1
169528,"Beef, round, tip round, roast, separable lean and fat, trimmed to 1/8"" fat, choice, cooked, roasted",27.27,12.34,0.0,228.0,60.92,0.0,229.0,365.0,63.0,0.0,usda,1
169529,"Beef, round, top round, steak, separable lean and fat, trimmed to 1/8"" fat, all grades, raw",22.06,7.93,0.0,166.0,69.04,0.0,212.0,349.0,60.0,0.0,usda,1
169530,"Beef, round, top round, separable lean and fat, trimmed to 1/8"" fat, all grades, cooked, braised",34.34,10.13,0.0,238.0,54.68,0.0,215.0,319.0,45.0,0.0,usda,1
169531,"Beef, round, top round steak, separable lean and fat, trimmed to 1/8"" fat, all grades, cooked, broiled",30.67,9.0,0.0,204.0,59.59,0.0,193.0,252.0,41.0,0.0,usda,1
169532,"Beef, round, top round, steak, separable lean and fat, trimmed to 1/8"" fat, choice, raw",21.94,8.19,0.0,168.0,68.8,0.0,211.0,341.0,57.0,0.0,usda,1
169533,"Beef, round, top round, steak, separable lean and fat, trimmed to 1/8"" fat, select, cooked, broiled",30.63,7.73,0.0,201.0,60.72,0.0,198.0,256.0,41.0,0.0,usda,1
169534,"Beef, round, top round, separable lean and fat, trimmed to 1/8"" fat, prime, raw",22.24,8.67,0.0,173.0,68.73,0.0,213.0,371.0,51.0,0.0,usda,1
169535,"Beef, round, top round, steak, separable lean and fat, trimmed to 1/8"" fat, prime, cooked, broiled",31.27,10.1,0.0,225.0,59.51,0.0,243.0,436.0,61.0,0.0,usda,1
169536,"Beef, shoulder top blade steak, boneless, separable lean and fat, trimmed to 0"" fat, select, raw",20.28,6.21,0.0,137.0,73.04,0.0,210.0,344.0,86.0,0.0,usda,1
169537,"Beef, short loin, t-bone steak, separable lean and fat, trimmed to 1/8"" fat, choice, cooked, grilled",24.21,21.13,0.0,294.0,53.91,0.0,194.0,240.0,63.0,0.0,usda,1
169538,"Beef, short loin, top loin, steak, separable lean and fat, trimmed to 1/8"" fat, all grades, raw",20.61,15.49,0.0,228.0,63.43,0.0,186.0,313.0,52.0,0.0,usda,1
169539,"Beef, loin, top loin, separable lean and fat, trimmed to 1/8"" fat, all grades, cooked, grilled",26.44,16.78,0.0,264.0,56.48,0.0,204.0,328.0,54.0,0.0,usda,1
169540,"Beef, loin, top loin, separable lean and fat, trimmed to 1/8"" fat, choice, raw",19.32,17.1,0.0,237.0,61.49,0.0,166.0,302.0,54.0,0.0,usda,1
169541,"Beef, short loin, top loin, separable lean and fat, trimmed to 1/8"" fat, prime, cooked, broiled",25.92,22.12,0.0,310.0,51.34,0.0,197.0,354.0,64.0,0.0,usda,1
169542,"Beef, tenderloin, steak, separable lean and fat, trimmed to 1/8"" fat, all grades, raw",19.61,18.16,0.0,247.0,61.52,0.0,180.0,302.0,50.0,0.0,usda,1
169543,"Beef, tenderloin, steak, separable lean and fat, trimmed to 1/8"" fat, all grades, cooked, broiled",26.46,17.12,0.0,267.0,56.04,0.0,205.0,329.0,54.0,0.0,usda,1
169544,"Beef, tenderloin, roast, separable lean and fat, trimmed to 1/8"" fat, all grades, cooked, roasted",23.9,24.6,0.0,324.0,48.37,0.0,203.0,331.0,57.0,0.0,usda,1
169545,"Beef, tenderloin, steak, separable lean and fat, trimmed to 1/8"" fat, choice, raw",19.82,17.88,0.0,246.0,61.69,0.0,177.0,303.0,50.0,0.0,usda,1
169546,"Beef, tenderloin, roast, separable lean and fat, trimmed to 1/8"" fat, select, cooked, roasted",23.9,23.7,0.0,316.0,48.86,0.0,203.0,331.0,57.0,0.0,usda,1
169547,"Beef, tenderloin, separable lean and fat, trimmed to 1/8"" fat, prime, raw",18.15,21.83,0.0,274.0,59.52,0.0,181.0,304.0,49.0,0.0,usda,1
169548,"Beef, tenderloin, steak, separable lean and fat, trimmed to 1/8"" fat, prime, cooked, broiled",25.26,22.21,0.0,308.0,51.84,0.0,210.0,368.0,59.0,0.0,usda,1
169549,"Beef, tenderloin, roast, separable lean and fat, trimmed to 1/8"" fat, prime, cooked, roasted",24.04,26.67,0.0,343.0,48.28,0.0,203.0,336.0,55.0,0.0,usda,1
169550,"Beef, top sirloin, steak, separable lean and fat, trimmed to 1/8"" fat, choice, cooked, pan-fried",28.77,21.06,0.0,313.0,49.56,0.0,235.0,406.0,71.0,0.0,usda,1
169551,"Beef, top sirloin, steak, separable lean and fat, trimmed to 1/8"" fat, select, raw",20.68,11.13,0.0,189.0,67.32,0.0,194.0,321.0,53.0,0.0,usda,1
169552,"Beef, top sirloin, steak, separable lean and fat, trimmed to 1/8"" fat, select, cooked, broiled",27.12,12.71,0.0,230.0,59.92,0.0,217.0,345.0,57.0,0.0,usda,1
169553,"Beef, chuck, clod roast, separable lean only, trimmed to 0"" fat, choice, cooked, roasted",25.95,6.69,0.0,171.0,64.39,0.0,223.0,386.0,74.0,0.0,usda,1
169554,"Beef, flank, steak, separable lean and fat, trimmed to 0"" fat, select, cooked, broiled",27.78,7.15,0.0,183.0,65.01,0.0,220.0,351.0,58.0,0.0,usda,1
169555,"Beef, brisket, flat half, separable lean and fat, trimmed to 0"" fat, select, cooked, braised",33.59,6.77,0.0,205.0,59.38,0.0,208.0,275.0,57.0,0.0,usda,1
169556,"Beef, rib eye, small end (ribs 10-12), separable lean and fat, trimmed to 0"" fat, select, cooked, broiled",27.95,12.71,0.0,234.0,59.16,0.0,223.0,355.0,59.0,0.0,usda,1
169557,"Beef, rib eye, small end (ribs 10-12), separable lean and fat, trimmed to 0"" fat, all grades, cooked, broiled",27.27,14.74,0.0,249.0,57.52,0.0,212.0,340.0,56.0,0.0,usda,1
169558,"Beef, bottom sirloin, tri-tip roast, separable lean and fat, trimmed to 0"" fat, all grades, cooked, roasted",26.05,11.07,0.0,211.0,62.63,0.0,201.0,323.0,53.0,0.0,usda,1
169559,"Beef, bottom sirloin, tri-tip roast, separable lean and fat, trimmed to 0"" fat, select, raw",20.64,7.68,0.0,157.0,70.73,0.0,194.0,321.0,53.0,0.0,usda,1
169560,"Beef, round, top round steak, boneless, separable lean and fat, trimmed to 0"" fat, all grades, cooked, grilled",29.96,4.28,0.0,167.0,64.68,0.0,305.0,433.0,75.0,0.0,usda,1
169561,"Beef, chuck, mock tender steak, separable lean only, trimmed to 0"" fat, choice, cooked, broiled",25.74,5.69,0.0,161.0,65.59,0.0,234.0,293.0,73.0,0.0,usda,1
169562,"Beef, chuck, mock tender steak, separable lean only, trimmed to 0"" fat, select, cooked, broiled",26.13,5.02,0.0,157.0,67.26,0.0,217.0,293.0,68.0,0.0,usda,1
169563,"Beef, flank, steak, separable lean and fat, trimmed to 0"" fat, all grades, raw",21.22,7.17,0.0,155.0,70.73,0.0,195.0,328.0,54.0,0.0,usda,1
169564,"Beef, flank, steak, separable lean and fat, trimmed to 0"" fat, select, raw",21.22,6.06,0.0,145.0,71.99,0.0,197.0,326.0,54.0,0.0,usda,1
169565,"Beef, chuck eye roast, boneless, America's Beef Roast, separable lean only, trimmed to 0"" fat, all grades, raw",20.61,6.01,0.0,137.0,72.48,0.0,204.0,357.0,85.0,0.0,usda,1
169566,"Beef, chuck eye roast, boneless, America's Beef Roast, separable lean only, trimmed to 0"" fat, choice, raw",20.67,6.21,0.0,139.0,72.16,0.0,201.0,332.0,85.0,0.0,usda,1
169567,"Beef, chuck, short ribs, boneless, separable lean only, trimmed to 0"" fat, choice, cooked, braised",28.84,14.95,0.0,250.0,55.94,0.0,200.0,264.0,75.0,0.0,usda,1
169568,"Beef, chuck, short ribs, boneless, separable lean only, trimmed to 0"" fat, select, cooked, braised",28.79,12.08,0.0,224.0,58.71,0.0,209.0,308.0,75.0,0.0,usda,1
169569,"Beef, chuck, short ribs, boneless, separable lean only, trimmed to 0"" fat, all grades, cooked, braised",28.82,13.8,0.0,240.0,57.05,0.0,201.0,276.0,75.0,0.0,usda,1
169570,"Beef, brisket, flat half, boneless, separable lean and fat, trimmed to 0"" fat, select, raw",20.57,8.45,0.0,158.0,70.52,0.0,206.0,336.0,82.0,0.0,usda,1
169571,"Beef, loin, bottom sirloin butt, tri-tip roast, separable lean only, trimmed to 0"" fat, all grades, cooked, roasted",26.75,8.34,0.0,182.0,64.67,0.0,211.0,340.0,55.0,0.0,usda,1
169572,"Alcoholic beverage, beer, light, BUD LIGHT",0.25,0.0,1.3,29.0,95.0,0.0,11.0,26.0,3.0,1.25,usda,0
169573,"Alcoholic beverage, daiquiri, canned",0.0,0.0,15.7,125.0,74.6,0.0,2.0,11.0,40.0,1.25,usda,0
169574,"Alcoholic beverage, daiquiri, prepared-from-recipe",0.06,0.06,6.94,186.0,69.74,0.1,5.0,21.0,5.0,5.58,usda,0
169575,"Alcoholic beverage, beer, light, low carb",0.17,0.0,0.73,27.0,95.4,0.0,8.0,17.0,3.0,0.0,usda,0
169576,"Candies, milk chocolate coated raisins",4.1,14.8,68.4,390.0,11.2,3.1,143.0,514.0,36.0,62.22,usda,3
169577,"Syrups, table blends, pancake, reduced-calorie",0.0,0.0,44.55,165.0,54.9,0.0,43.0,3.0,178.0,32.8,usda,0
169578,"Syrups, table blends, pancake",0.0,0.0,61.47,234.0,37.98,0.0,9.0,15.0,82.0,21.47,usda,0
169580,"Candies, truffles, prepared-from-recipe",6.21,33.76,44.88,510.0,13.47,2.5,171.0,297.0,68.0,38.31,usda,3
169582,"Candies, MARS SNACKFOOD US, M&M's Peanut Chocolate Candies",9.57,26.13,60.48,515.0,2.48,3.7,190.0,347.0,50.0,50.75,usda,3
169583,"Candies, MARS SNACKFOOD US, M&M's Milk Chocolate Candies",4.33,21.13,71.19,492.0,1.7,2.8,146.0,261.0,61.0,63.68,usda,3
169585,"Candies, peanut bar",15.5,33.7,47.4,522.0,1.6,4.1,308.0,407.0,156.0,42.22,usda,3
169586,"Candies, peanut brittle, prepared-from-recipe",7.57,18.98,71.24,486.0,0.7,2.5,106.0,168.0,445.0,51.33,usda,3
169588,"Candies, sesame crunch",11.6,33.3,50.3,516.0,2.2,7.7,412.0,307.0,167.0,31.17,usda,3
169589,"Candies, MARS SNACKFOOD US, SNICKERS Bar",7.53,23.85,61.51,491.0,5.55,2.3,190.0,323.0,239.0,50.47,usda,3
169590,"Candies, MARS SNACKFOOD US, STARBURST Fruit Chews, Original fruits",0.41,8.21,82.57,408.0,8.51,0.0,5.0,2.0,2.0,58.12,usda,2
169592,"Candies, SPECIAL DARK Chocolate Bar",5.54,32.4,60.49,556.0,0.9,6.5,51.0,502.0,6.0,47.56,usda,3
169593,"Cocoa, dry powder, unsweetened",19.6,13.7,57.9,228.0,3.0,37.0,734.0,1524.0,21.0,1.75,usda,3
169594,"Cocoa, dry powder, unsweetened, processed with alkali",18.1,13.1,58.3,220.0,2.7,29.8,728.0,2509.0,19.0,1.76,usda,3
169595,"Desserts, egg custard, baked, prepared-from-recipe",5.02,4.58,11.0,104.0,78.86,0.0,113.0,148.0,61.0,11.0,usda,0
169596,"Gelatin desserts, dry mix, prepared with water",1.22,0.0,14.19,60.0,84.39,0.0,22.0,1.0,75.0,13.49,usda,0
169597,"Gelatin desserts, dry mix, reduced calorie, with aspartame",15.67,0.0,80.21,198.0,1.93,0.1,1293.0,14.0,862.0,0.0,usda,3
169598,"Gelatin desserts, dry mix, reduced calorie, with aspartame, prepared with water",0.83,0.0,4.22,20.0,94.74,0.0,68.0,1.0,48.0,0.0,usda,0
169599,"Gelatins, dry powder, unsweetened",85.6,0.1,0.0,335.0,13.0,0.0,39.0,16.0,196.0,0.0,usda,1
169600,"Puddings, chocolate, dry mix, instant, prepared with whole milk",3.1,3.1,18.8,111.0,73.6,1.0,239.0,166.0,284.0,1.25,usda,0
169601,"Desserts, apple crisp, prepared-from-recipe",1.75,3.43,30.84,161.0,62.91,1.4,28.0,78.0,351.0,19.68,usda,0
169602,"Flan, caramel custard, dry mix",0.0,0.0,91.6,348.0,7.8,0.0,1.0,153.0,432.0,1.25,usda,0
169603,"Puddings, chocolate, dry mix, regular",2.6,2.1,89.3,362.0,4.0,4.5,88.0,209.0,479.0,42.88,usda,3
169604,"Puddings, chocolate, dry mix, regular, prepared with whole milk",3.16,3.15,19.64,120.0,73.13,0.8,87.0,150.0,98.0,11.96,usda,0
169605,"Puddings, rice, dry mix, prepared with whole milk",3.25,2.82,20.68,121.0,72.42,0.1,85.0,128.0,108.0,1.25,usda,0
169606,"Puddings, tapioca, dry mix",0.1,0.1,94.3,369.0,4.0,0.2,4.0,5.0,477.0,65.0,usda,2
169607,"Puddings, tapioca, dry mix, prepared with whole milk",2.84,2.89,19.43,115.0,73.97,0.0,81.0,131.0,120.0,1.25,usda,0
169608,"Puddings, vanilla, ready-to-eat",1.45,3.78,22.6,130.0,71.66,0.0,41.0,65.0,172.0,16.97,usda,0
169609,"Puddings, vanilla, dry mix, regular",0.3,0.4,93.5,379.0,3.9,0.6,2.0,20.0,613.0,79.34,usda,3
169610,"Puddings, vanilla, dry mix, regular, prepared with whole milk",2.8,2.9,18.92,113.0,74.49,0.1,74.0,119.0,156.0,17.09,usda,0
169611,"Puddings, rice, dry mix, prepared with 2% milk",3.29,1.63,20.81,111.0,73.43,0.1,87.0,130.0,109.0,1.25,usda,0
169612,"Puddings, tapioca, dry mix, prepared with 2% milk",2.88,1.67,19.56,105.0,75.01,0.0,82.0,133.0,121.0,1.25,usda,0
169613,"Frozen novelties, ice type, fruit, no sugar added",0.5,0.1,6.2,24.0,93.2,0.0,0.0,26.0,5.0,1.25,usda,0
169614,"Puddings, tapioca, ready-to-eat",1.95,3.88,21.69,130.0,71.84,0.0,60.0,92.0,145.0,14.91,usda,0
169615,"Puddings, coconut cream, dry mix, regular, prepared with 2% milk",3.1,2.5,17.8,104.0,75.6,0.2,89.0,159.0,163.0,1.25,usda,0
169616,"Desserts, rennin, chocolate, dry mix",2.4,3.3,91.5,363.0,1.0,5.1,129.0,430.0,187.0,1.25,usda,3
169617,"Rennin, chocolate, dry mix, prepared with whole milk",3.2,3.34,13.34,96.0,79.29,0.5,97.0,179.0,51.0,1.25,usda,0
169618,"Frostings, coconut-nut, ready-to-eat",1.5,24.0,52.7,433.0,21.0,2.5,63.0,186.0,160.0,40.0,usda,3
169619,"Frostings, cream cheese-flavor, ready-to-eat",0.1,17.3,67.32,415.0,15.1,0.0,3.0,35.0,191.0,63.54,usda,3
169620,"Frostings, vanilla, creamy, ready-to-eat",0.0,16.23,67.89,418.0,15.07,0.0,18.0,34.0,184.0,63.1,usda,3
169621,"Flan, caramel custard, dry mix, prepared with 2% milk",2.99,1.72,18.82,103.0,75.71,0.0,86.0,163.0,113.0,1.25,usda,0
169622,"Candies, HERSHEY'S MILK CHOCOLATE WITH ALMOND BITES",9.76,35.73,51.72,568.0,1.19,3.6,227.0,471.0,74.0,44.59,usda,3
169623,"Candies, REESE'S BITES",11.34,29.85,55.18,521.0,1.65,3.1,194.0,382.0,179.0,48.03,usda,3
169624,"Candies, REESE'S NUTRAGEOUS Candy Bar",11.28,32.09,52.8,517.0,1.5,3.9,175.0,364.0,141.0,40.22,usda,3
169625,"Frostings, chocolate, creamy, dry mix",1.3,5.2,92.0,389.0,0.6,2.4,62.0,180.0,76.0,1.25,usda,3
169626,"Frostings, white, fluffy, dry mix, prepared with water",1.5,0.0,62.6,244.0,35.2,0.0,5.0,77.0,156.0,1.25,usda,0
169627,"Candies, HERSHEY'S, ALMOND JOY BITES",5.58,34.5,57.54,563.0,1.26,4.3,129.0,306.0,39.0,51.71,usda,3
169628,"Candies, HERSHEY, REESESTICKS crispy wafers, peanut butter, milk chocolate",9.53,31.34,55.38,521.0,1.6,3.3,144.0,295.0,264.0,40.33,usda,3
169629,"Candies, HERSHEY, KIT KAT BIG KAT Bar",6.24,27.84,63.64,520.0,1.1,1.9,112.0,294.0,64.0,53.96,usda,3
169630,"Candies, REESE'S, FAST BREAK, milk chocolate peanut butter and soft nougats",8.66,23.42,61.6,474.0,4.1,2.9,130.0,284.0,330.0,53.08,usda,3
169631,"Ice creams, vanilla, light, no sugar added",3.97,7.45,21.42,169.0,65.52,0.0,75.0,196.0,96.0,6.46,usda,0
169632,"Frozen novelties, fruit and juice bars",1.2,0.1,20.2,87.0,78.3,1.0,6.0,53.0,4.0,17.48,usda,0
169633,"Ice creams, chocolate, light, no sugar added",3.54,5.74,26.79,173.0,62.99,0.9,106.0,196.0,75.0,5.65,usda,3
169634,"Candies, dark chocolate coated coffee beans",7.5,30.0,59.95,540.0,1.47,7.5,135.0,342.0,25.0,42.5,usda,3
169636,"Snacks, fruit leather, pieces, with vitamin C",0.1,3.5,85.2,373.0,10.2,3.5,24.0,164.0,317.0,1.25,usda,3
169637,"Candies, milk chocolate coated coffee beans",7.41,33.18,55.25,549.0,2.42,5.7,188.0,413.0,70.0,50.75,usda,3
169638,"Frozen novelties, ice type, lime",0.4,0.0,32.6,128.0,66.9,0.0,1.0,3.0,22.0,32.6,usda,0
169640,Honey,0.3,0.0,82.4,304.0,17.1,0.2,4.0,52.0,4.0,82.12,usda,0
169641,Jams and preserves,0.37,0.07,68.86,278.0,30.47,1.1,19.0,77.0,32.0,48.5,usda,0
169642,Jellies,0.15,0.02,69.95,266.0,29.77,1.0,6.0,54.0,30.0,51.22,usda,0
169648,"Puddings, banana, dry mix, instant",0.0,0.6,92.7,367.0,2.8,0.0,804.0,15.0,1499.0,76.57,usda,3
169649,"Puddings, banana, dry mix, instant, prepared with whole milk",2.62,2.8,19.76,115.0,73.62,0.0,206.0,112.0,290.0,17.38,usda,0
169650,"Puddings, banana, dry mix, regular",0.0,0.4,93.0,366.0,4.1,0.3,5.0,17.0,788.0,74.32,usda,3
169654,"Puddings, lemon, dry mix, instant",0.0,0.7,95.4,378.0,0.7,0.0,752.0,8.0,1332.0,1.25,usda,3
169655,"Sugars, granulated",0.0,0.0,99.98,387.0,0.02,0.0,0.0,2.0,1.0,99.8,usda,2
169656,"Sugars, powdered",0.0,0.0,99.77,389.0,0.23,0.0,0.0,2.0,2.0,97.81,usda,2
169657,"Sweeteners, tabletop, aspartame, EQUAL, packets",2.17,0.0,89.08,365.0,8.75,0.0,0.0,4.0,0.0,80.7,usda,2
169658,"Sugars, maple",0.1,0.2,90.9,354.0,8.0,0.0,3.0,274.0,11.0,84.87,usda,0
169659,"Syrups, corn, high-fructose",0.0,0.0,76.0,281.0,24.0,0.0,0.0,0.0,2.0,75.65,usda,2
169660,"Syrups, malt",6.2,0.0,71.3,318.0,21.1,0.0,236.0,320.0,35.0,71.3,usda,3
169661,"Syrups, maple",0.04,0.06,67.04,260.0,32.39,0.0,2.0,212.0,12.0,60.46,usda,0
169662,"Syrups, sorghum",0.0,0.0,74.9,290.0,22.7,0.0,56.0,1000.0,8.0,74.9,usda,0
169664,"Toppings, marshmallow cream",0.8,0.3,79.0,322.0,19.8,0.1,8.0,5.0,80.0,46.8,usda,0
169665,"Toppings, pineapple",0.1,0.1,66.4,253.0,33.0,0.4,3.0,43.0,42.0,21.01,usda,0
169666,"Toppings, nuts in syrup",4.5,22.0,58.08,448.0,14.69,2.3,118.0,151.0,42.0,36.72,usda,3
169668,"Frostings, glaze, prepared-from-recipe",0.44,0.53,83.65,341.0,15.27,0.0,13.0,30.0,6.0,80.44,usda,0
169669,"Candies, fudge, chocolate marshmallow, prepared-from-recipe",2.26,17.48,71.34,453.0,7.82,1.7,67.0,147.0,85.0,64.06,usda,3
169670,"Candies, taffy, prepared-from-recipe",0.03,3.33,91.56,397.0,4.85,0.0,1.0,3.0,52.0,68.48,usda,2
169671,"Candies, toffee, prepared-from-recipe",1.07,32.75,64.72,560.0,0.55,0.0,32.0,51.0,135.0,63.47,usda,3
169672,"Snacks, cornnuts, barbecue-flavor",9.0,14.3,71.7,436.0,1.6,8.4,283.0,286.0,600.0,1.25,usda,3
169673,"Snacks, crisped rice bar, almond",7.0,20.4,64.6,458.0,6.7,3.6,167.0,229.0,234.0,1.25,usda,3
169674,"Snacks, granola bars, soft, uncoated, chocolate chip",5.65,16.57,70.2,418.0,6.45,3.8,176.0,237.0,291.0,28.92,usda,3
169675,"Snacks, granola bars, soft, uncoated, chocolate chip, graham and marshmallow",6.1,15.5,70.8,427.0,6.0,4.0,202.0,275.0,316.0,1.25,usda,3
169676,"Snacks, granola bars, soft, uncoated, nut and raisin",8.0,20.4,63.6,454.0,6.1,5.6,241.0,392.0,254.0,1.25,usda,3
169677,"Snacks, potato chips, plain, salted",6.39,33.98,53.83,532.0,1.86,3.1,153.0,1196.0,527.0,0.33,usda,3
169678,"Snacks, potato chips, made from dried potatoes, cheese-flavor",7.0,37.0,50.6,551.0,1.9,3.4,163.0,381.0,600.0,1.25,usda,3
169679,"Snacks, rice cakes, brown rice, corn",8.4,3.2,81.2,385.0,5.9,2.9,320.0,275.0,167.0,1.25,usda,3
169680,"Snacks, rice cakes, brown rice, multigrain",8.5,3.5,80.1,387.0,6.3,3.0,370.0,294.0,252.0,1.25,usda,3
169681,"Snacks, granola bars, hard, peanut butter",9.8,23.8,62.3,483.0,2.3,2.9,139.0,291.0,283.0,1.25,usda,3
169682,"Snacks, potato chips, cheese-flavor",8.5,27.2,57.7,496.0,1.8,5.2,299.0,1528.0,458.0,1.25,usda,3
169683,"Snacks, potato chips, reduced fat",7.1,20.8,66.9,471.0,1.0,5.9,193.0,1744.0,571.0,0.22,usda,3
169684,"Snacks, potato chips, fat-free, made with olestra",7.74,0.7,65.0,274.0,2.0,6.8,174.0,1160.0,554.0,0.0,usda,3
169685,"Popcorn, sugar syrup/caramel, fat-free",2.0,1.4,90.06,381.0,6.0,2.5,55.0,110.0,286.0,64.68,usda,3
169686,"Snacks, potato chips, fat free, salted",9.64,0.6,83.76,379.0,2.0,7.5,167.0,1628.0,643.0,3.69,usda,3
169687,"Snacks, KELLOGG, KELLOGG'S RICE KRISPIES TREATS Squares",3.4,9.0,80.5,417.0,5.9,0.0,42.0,39.0,351.0,19.36,usda,3
169688,"Snacks, KELLOGG, KELLOGG'S Low Fat Granola Bar, Crunchy Almond/Brown Sugar",8.0,7.4,78.0,390.0,5.0,6.2,248.0,249.0,291.0,1.25,usda,3
169689,"Snacks, M&M MARS, KUDOS Whole Grain Bar, chocolate chip",4.47,13.02,72.31,420.0,4.9,2.6,207.0,279.0,246.0,38.78,usda,3
169690,"Candies, semisweet chocolate, made with butter",4.2,29.7,63.4,477.0,0.7,5.9,132.0,365.0,11.0,1.25,usda,3
169691,"Gelatin desserts, dry mix, with added ascorbic acid, sodium-citrate and salt",7.8,0.0,90.5,381.0,1.0,0.0,142.0,7.0,491.0,1.25,usda,3
169692,"Gelatin desserts, dry mix, reduced calorie, with aspartame, added phosphorus, potassium, sodium, vitamin C",55.3,0.0,33.3,345.0,6.7,0.0,0.0,1985.0,2751.0,1.25,usda,3
169693,"Gelatin desserts, dry mix, reduced calorie, with aspartame, no added sodium",55.3,0.0,33.3,345.0,6.7,0.0,1293.0,14.0,158.0,1.25,usda,3
169694,"Corn flour, masa, enriched, white",8.46,3.69,76.59,363.0,9.79,6.4,231.0,262.0,5.0,1.61,usda,3
169695,"Corn flour, yellow, degermed, unenriched",5.59,1.39,82.75,375.0,9.81,1.9,60.0,90.0,1.0,0.64,usda,3
169696,"Corn flour, masa, unenriched, white",8.46,3.69,76.59,363.0,9.79,6.4,231.0,262.0,5.0,1.61,usda,3
169697,"Cornmeal, whole-grain, yellow",8.12,3.59,76.89,362.0,10.26,7.3,241.0,287.0,35.0,0.64,usda,3
169698,Cornstarch,0.26,0.05,91.27,381.0,8.32,0.9,13.0,3.0,9.0,0.0,usda,2
169699,"Couscous, dry",12.76,0.64,77.43,376.0,8.56,5.0,170.0,166.0,10.0,1.25,usda,3
169700,"Couscous, cooked",3.79,0.16,23.22,112.0,72.57,1.4,22.0,58.0,5.0,0.1,usda,0
169701,"Hominy, canned, white",1.48,0.88,14.26,72.0,82.53,2.5,35.0,9.0,267.0,1.51,usda,0
169702,"Millet, raw",11.02,4.22,72.85,378.0,8.67,8.5,285.0,195.0,5.0,1.25,usda,3
169703,"Rice, brown, long-grain, raw (Includes foods for USDA's Food Distribution Program)",7.54,3.2,76.25,367.0,11.8,3.6,311.0,250.0,5.0,0.66,usda,3
169704,"Rice, brown, long-grain, cooked (Includes foods for USDA's Food Distribution Program)",2.74,0.97,25.58,123.0,70.27,1.6,103.0,86.0,4.0,0.24,usda,0
169705,Oats (Includes foods for USDA's Food Distribution Program),16.89,6.9,66.27,389.0,8.22,10.6,523.0,429.0,2.0,1.25,usda,3
169706,"Rice, brown, medium-grain, raw (Includes foods for USDA's Food Distribution Program)",7.5,2.68,76.17,362.0,12.37,3.4,264.0,268.0,4.0,1.25,usda,3
169707,"Rice, white, long-grain, parboiled, enriched, dry",7.51,1.03,80.89,374.0,9.86,1.8,153.0,174.0,2.0,0.33,usda,3
169708,"Rice, white, long-grain, parboiled, enriched, cooked",2.91,0.37,26.05,123.0,70.36,0.9,55.0,56.0,2.0,0.11,usda,0
169709,"Rice, white, long-grain, precooked or instant, enriched, dry",7.82,0.94,82.32,380.0,8.38,1.9,118.0,27.0,10.0,0.05,usda,3
169710,"Rice, white, long-grain, precooked or instant, enriched, prepared",2.18,0.5,26.76,124.0,70.34,0.6,37.0,9.0,4.0,0.0,usda,0
169711,"Rice, white, glutinous, unenriched, cooked",2.02,0.19,21.09,97.0,76.63,1.0,8.0,10.0,5.0,0.05,usda,0
169712,"Rice, white, steamed, Chinese restaurant",3.2,0.27,33.88,151.0,62.5,0.9,33.0,20.0,5.0,1.25,usda,0
169713,"Rice bran, crude",13.35,20.85,49.69,316.0,6.13,21.0,1677.0,1485.0,5.0,0.9,usda,3
169714,"Rice flour, white, unenriched",5.95,1.42,80.13,366.0,11.89,2.4,98.0,76.0,0.0,0.12,usda,3
169715,"Semolina, enriched",12.68,1.05,72.83,360.0,12.67,3.9,136.0,186.0,1.0,1.25,usda,3
169716,Sorghum grain,10.62,3.46,72.09,329.0,12.4,6.7,289.0,363.0,2.0,2.53,usda,3
169717,"Tapioca, pearl, dry",0.19,0.02,88.69,358.0,10.99,0.9,7.0,11.0,1.0,3.35,usda,0
169718,Triticale,13.05,2.09,72.13,336.0,10.51,0.2,358.0,332.0,5.0,1.25,usda,3
169719,"Wheat, hard white",11.31,1.71,75.9,342.0,9.57,12.2,355.0,432.0,2.0,0.41,usda,3
169720,"Wheat, soft white",10.69,1.99,75.36,340.0,10.42,12.7,402.0,435.0,2.0,0.41,usda,3
169721,"Wheat, durum",13.68,2.47,71.13,339.0,10.94,0.2,508.0,431.0,2.0,1.25,usda,3
169722,"Wheat bran, crude",15.55,4.25,64.51,216.0,9.89,42.8,1013.0,1182.0,2.0,0.41,usda,3
169723,"Wheat flour, white, cake, enriched",8.2,0.86,78.03,362.0,12.51,1.7,85.0,105.0,2.0,0.31,usda,3
169724,"Wheat flour, white, tortilla mix, enriched",9.66,10.63,67.14,405.0,10.08,0.2,210.0,100.0,677.0,1.25,usda,3
169725,"Wheat, sprouted",7.49,1.27,42.53,198.0,47.75,1.1,200.0,169.0,16.0,1.25,usda,3
169726,"Wild rice, raw",14.73,1.08,74.9,357.0,7.76,6.2,433.0,427.0,7.0,2.5,usda,3
169727,"Pasta, fresh-refrigerated, plain, as purchased",11.31,2.3,54.73,288.0,31.0,0.2,163.0,179.0,26.0,1.25,usda,3
169728,"Pasta, fresh-refrigerated, plain, cooked",5.15,1.05,24.93,131.0,68.56,0.2,63.0,24.0,6.0,1.25,usda,0
169729,"Pasta, fresh-refrigerated, spinach, as purchased",11.26,2.1,55.72,289.0,30.1,0.2,148.0,272.0,27.0,1.25,usda,3
169730,"Pasta, fresh-refrigerated, spinach, cooked",5.06,0.94,25.04,130.0,68.58,0.2,57.0,37.0,6.0,1.25,usda,0
169731,"Noodles, egg, dry, enriched",14.16,4.44,71.27,384.0,9.01,3.3,241.0,244.0,21.0,1.88,usda,3
169732,"Noodles, egg, enriched, cooked",4.54,2.07,25.16,138.0,67.73,1.2,76.0,38.0,5.0,0.4,usda,0
169733,"Noodles, egg, spinach, enriched, dry",14.61,4.55,70.32,382.0,8.72,6.8,193.0,355.0,72.0,1.25,usda,3
169734,"Noodles, egg, spinach, enriched, cooked",5.04,1.57,24.25,132.0,68.52,2.3,57.0,37.0,12.0,0.71,usda,0
169735,"Noodles, flat, crunchy, Chinese restaurant",10.33,31.72,51.9,521.0,4.93,1.9,87.0,89.0,378.0,0.25,usda,3
169736,"Pasta, dry, enriched",13.04,1.51,74.67,371.0,9.9,3.2,189.0,223.0,6.0,2.67,usda,3
169737,"Pasta, cooked, enriched, without added salt",5.8,0.93,30.86,158.0,62.13,1.8,58.0,44.0,1.0,0.56,usda,0
169738,"Pasta, whole-wheat, dry (Includes foods for USDA's Food Distribution Program)",13.87,2.93,73.37,352.0,8.21,9.2,343.0,434.0,6.0,2.74,usda,3
169739,Barley flour or meal,10.5,1.6,74.52,345.0,12.11,10.1,296.0,309.0,4.0,0.8,usda,3
169740,Barley malt flour,10.28,1.84,78.3,361.0,8.21,7.1,303.0,224.0,11.0,0.8,usda,3
169741,"Oat flour, partially debranned",14.66,9.12,65.7,404.0,8.55,6.5,452.0,371.0,19.0,0.8,usda,3
169742,"Rice noodles, dry",5.95,0.56,80.18,364.0,11.91,1.6,153.0,30.0,182.0,0.12,usda,3
169743,"Wheat, KAMUT khorasan, uncooked",14.54,2.13,70.58,337.0,11.07,11.1,364.0,403.0,5.0,7.84,usda,3
169744,"Wheat, KAMUT khorasan, cooked",5.71,0.83,27.6,132.0,65.18,4.3,147.0,164.0,8.0,3.07,usda,0
169745,"Spelt, uncooked",14.57,2.43,70.19,338.0,11.02,10.7,401.0,388.0,8.0,6.82,usda,3
169746,"Spelt, cooked",5.5,0.85,26.44,127.0,66.56,3.9,150.0,143.0,5.0,1.25,usda,0
169747,"Teff, uncooked",13.3,2.38,73.13,367.0,8.82,8.0,429.0,427.0,12.0,1.84,usda,3
169748,"Corn flour, whole-grain, white",6.93,3.86,76.85,361.0,10.91,7.3,272.0,315.0,5.0,0.64,usda,3
169749,"Corn flour, yellow, masa, enriched",8.46,3.69,76.59,363.0,9.79,6.4,231.0,262.0,5.0,1.25,usda,3
169750,"Cornmeal, whole-grain, white",8.12,3.59,76.89,362.0,10.26,7.3,241.0,287.0,35.0,0.64,usda,3
169751,"Pasta, cooked, enriched, with added salt",5.8,0.93,30.59,157.0,62.13,1.8,58.0,44.0,131.0,0.56,usda,0
169752,"Hominy, canned, yellow",1.48,0.88,14.26,72.0,82.53,2.5,35.0,9.0,345.0,1.25,usda,0
169753,"Rice, white, long-grain, regular, cooked, enriched, with salt",2.69,0.28,28.17,130.0,68.44,0.4,43.0,35.0,382.0,0.05,usda,0
169754,"Wheat flour, white, all-purpose, enriched, calcium-fortified",10.33,0.98,76.31,364.0,11.92,2.7,108.0,107.0,2.0,1.25,usda,3
169755,"Noodles, egg, dry, unenriched",14.16,4.44,71.27,384.0,9.01,3.3,241.0,244.0,21.0,1.88,usda,3
169756,"Rice, white, long-grain, regular, raw, unenriched",7.13,0.66,79.95,365.0,11.62,1.3,115.0,115.0,5.0,0.12,usda,3
169757,"Rice, white, long-grain, regular, unenriched, cooked without salt",2.69,0.28,28.17,130.0,68.44,0.4,43.0,35.0,1.0,0.05,usda,0
169758,"Rice, white, long-grain, parboiled, unenriched, dry",7.51,1.03,80.89,374.0,9.86,1.8,153.0,174.0,2.0,0.33,usda,3
169759,"Rice, white, long-grain, parboiled, unenriched, cooked",2.91,0.37,26.05,123.0,70.36,0.9,55.0,56.0,2.0,0.11,usda,0
169760,"Rice, white, medium-grain, raw, unenriched",6.61,0.58,79.34,360.0,12.89,0.2,108.0,86.0,1.0,1.25,usda,3
169761,"Wheat flour, white, all-purpose, unenriched",10.33,0.98,76.31,364.0,11.92,2.7,108.0,107.0,2.0,0.27,usda,3
169762,"Noodles, egg, cooked, unenriched, with added salt",4.54,2.07,25.16,138.0,67.73,1.2,76.0,38.0,165.0,0.4,usda,0
169765,"Ginger root, pickled, canned, with artificial sweetener",0.33,0.1,4.83,20.0,92.3,2.6,2.0,36.0,906.0,0.0,usda,0
169766,"Peppers, hot pickled, canned",0.8,0.4,4.56,22.0,90.2,2.6,13.0,113.0,1430.0,1.6,usda,0
169767,"Vegetable juice, BOLTHOUSE FARMS, DAILY GREENS",0.49,0.04,8.13,31.0,90.6,1.9,90.0,224.0,15.0,5.37,usda,0
169768,"Potatoes, mashed, ready-to-eat",1.97,5.01,13.29,106.0,78.27,1.9,61.0,274.0,298.0,1.76,usda,0
169769,"Macaroni and cheese, box mix with cheese sauce, unprepared",12.73,10.67,46.66,334.0,26.88,1.8,391.0,197.0,766.0,6.43,usda,3
169770,"Macaroni and cheese, box mix with cheese sauce, prepared",6.68,4.99,23.1,164.0,63.59,1.2,234.0,80.0,460.0,1.57,usda,3
169771,"Taquitos, frozen, chicken and cheese, oven-heated",9.21,12.54,33.63,284.0,42.74,2.9,132.0,155.0,453.0,1.3,usda,3
169772,"Taquitos, frozen, beef and cheese, oven-heated",9.4,12.79,33.46,287.0,42.45,2.8,137.0,174.0,456.0,1.66,usda,3
169773,"Potsticker or wonton, pork and vegetable, frozen, unprepared",8.28,5.52,13.28,136.0,70.94,1.4,127.0,284.0,441.0,2.76,usda,3
169774,"Macaroni or noodles with cheese, made from reduced fat packaged mix, unprepared",13.1,4.03,52.06,297.0,27.66,2.0,403.0,203.0,867.0,5.04,usda,3
169775,"Turnover, cheese-filled, tomato-based sauce, frozen, unprepared",10.24,9.45,27.29,235.0,50.38,1.6,47.0,179.0,598.0,7.87,usda,3
169776,"Macaroni or noodles with cheese, microwaveable, unprepared",11.48,6.56,70.75,388.0,8.07,1.6,328.0,348.0,902.0,8.2,usda,3
169777,"Spanish rice mix, dry mix, prepared (with canola/vegetable oil blend or diced tomatoes and margarine)",3.27,2.38,22.74,125.0,70.26,1.5,45.0,185.0,349.0,1.79,usda,0
169778,"Rice mix, cheese flavor, dry mix, unprepared",8.77,3.51,73.88,362.0,8.74,1.8,369.0,351.0,1193.0,5.26,usda,3
169779,"Dumpling, potato- or cheese-filled, frozen",5.26,6.14,29.64,195.0,57.25,0.9,79.0,107.0,474.0,1.75,usda,3
169780,"Turnover, chicken- or turkey-, and vegetable-filled, reduced fat, frozen",7.87,5.51,21.74,168.0,63.32,3.1,161.0,167.0,276.0,3.94,usda,3
169781,"Sausage, egg and cheese breakfast biscuit",9.54,22.13,21.57,324.0,44.12,2.0,298.0,269.0,591.0,3.1,usda,3
169782,"HUNGRY MAN, Salisbury Steak With Gravy, frozen, unprepared",7.96,8.53,6.96,136.0,75.17,1.3,106.0,195.0,379.0,0.18,usda,1
169783,"BANQUET, Salisbury Steak With Gravy, family size, frozen, unprepared",6.89,11.1,6.96,155.0,73.47,1.0,135.0,142.0,517.0,0.28,usda,1
169784,"JIMMY DEAN, Sausage, Egg, and Cheese Breakfast Biscuit, frozen, unprepared",9.29,22.9,21.07,328.0,44.06,2.0,302.0,292.0,589.0,3.1,usda,3
169785,"Infant formula, GERBER, GOOD START, PROTECT PLUS, powder",11.3,26.1,57.0,512.0,2.0,0.0,195.0,553.0,138.0,57.0,usda,3
169786,"Infant Formula, GERBER GOOD START 2, GENTLE PLUS, powder",10.8,25.1,57.1,492.0,2.5,0.0,522.0,531.0,133.0,57.1,usda,3
169787,"Infant formula, GERBER, GOOD START 2, PROTECT PLUS, powder",11.1,25.7,56.3,501.0,2.9,0.0,543.0,553.0,138.0,56.3,usda,3
169788,"Infant formula, MEAD JOHNSON, ENFAMIL, ENFAGROW, Soy, Toddler transitions, with ARA and DHA,  powder",15.7,21.0,56.0,476.0,2.7,0.0,620.0,570.0,171.0,5.4,usda,3
169789,"Infant formula, MEAD JOHNSON, ENFAMIL, Premature, 24 calories ready-to-feed Low iron",1.97,3.34,7.19,67.0,87.23,0.0,54.0,64.0,38.0,7.21,usda,0
169790,"Infant Formula, MEAD JOHNSON, ENFAMIL, Premium, Infant, ready-to-feed",1.38,3.48,7.39,66.0,87.78,0.0,28.0,71.0,18.0,7.39,usda,0
169791,"Infant Formula, MEAD JOHNSON, ENFAMIL, Premium, Infant, powder",10.8,27.0,57.0,510.0,2.4,0.0,220.0,550.0,138.0,57.0,usda,3
169792,"Babyfood, GERBER, Banana with orange medley",1.06,0.0,20.41,69.0,77.91,2.1,19.0,265.0,10.0,14.27,usda,0
169795,"Whale, beluga, meat, dried (Alaska Native)",69.86,5.34,0.0,327.0,22.39,0.0,549.0,800.0,220.0,0.0,usda,1
169797,"Whale, beluga, meat, raw (Alaska Native)",26.5,0.5,0.0,111.0,72.5,0.0,239.0,283.0,78.0,0.0,usda,1
169804,"Cranberries, wild, bush, raw (Alaska Native)",1.1,0.2,12.3,55.0,86.0,6.7,15.0,140.0,26.0,1.25,usda,0
169811,"Tennis Bread, plain (Apache)",9.0,1.05,53.26,258.0,33.77,2.6,160.0,100.0,810.0,3.01,usda,3
169812,"Fish, halibut, cooked, with skin (Alaska Native)",22.13,2.73,0.0,113.0,72.82,0.0,275.0,501.0,86.0,0.0,usda,1
169813,"Salmon, red (sockeye), filets with skin, smoked (Alaska Native)",60.62,11.43,0.0,345.0,23.93,0.0,650.0,960.0,51.0,0.0,usda,1
169814,"Agave, raw (Southwest)",0.52,0.15,16.23,68.0,81.83,6.6,7.0,127.0,14.0,2.58,usda,0
169815,"Lambsquarters, steamed (Northern Plains Indians)",4.06,0.16,7.47,48.0,85.02,5.2,56.0,1070.0,4.0,1.25,usda,0
169816,"Prickly pears, raw (Northern Plains Indians)",0.12,0.11,10.17,42.0,89.22,5.3,11.0,130.0,4.0,1.02,usda,0
169818,"Prairie Turnips, raw (Northern Plains Indians)",2.62,0.36,35.67,156.0,60.69,8.0,31.0,156.0,5.0,0.82,usda,0
169819,"Stinging Nettles, blanched (Northern Plains Indians)",2.71,0.11,7.49,42.0,87.67,6.9,71.0,334.0,4.0,0.25,usda,0
169820,"Plums, wild (Northern Plains Indians)",0.43,0.17,21.95,91.0,76.68,6.0,30.0,364.0,4.0,10.61,usda,0
169821,"Pinon Nuts, roasted (Navajo)",7.41,34.08,51.06,541.0,5.0,43.4,345.0,458.0,310.0,1.25,usda,3
169822,"Caribou, hind quarter, meat, cooked (Alaska Native)",28.81,4.82,0.0,159.0,65.47,0.0,215.0,245.0,45.0,0.0,usda,1
169823,"Agutuk, fish with shortening (Alaskan ice cream) (Alaska Native)",9.0,43.5,10.5,470.0,34.0,0.2,134.0,206.0,24.0,1.25,usda,1
169824,"Sea lion, Steller, meat with fat (Alaska Native)",22.1,14.65,5.55,242.0,56.8,0.2,214.0,346.0,80.0,1.25,usda,1
169826,"Wocas, dried seeds, Oregon, yellow pond lily (Klamath)",7.9,1.07,80.02,361.0,9.36,19.2,229.0,553.0,25.0,0.43,usda,3
169827,"Hazelnuts, beaked (Northern Plains Indians)",14.89,52.99,22.98,628.0,5.92,9.8,411.0,738.0,2.0,1.25,usda,3
169828,"Tea, herbal, brewed, Hohoysi (Hopi)",0.12,0.2,0.0,2.0,99.64,0.2,0.0,44.0,27.0,1.25,usda,0
169829,"Tortilla, blue corn, Sakwavikaviki (Hopi)",7.83,1.4,58.12,276.0,29.89,3.4,339.0,132.0,663.0,2.97,usda,3
169830,"Bread, blue corn, somiviki (Hopi)",3.1,1.53,39.84,186.0,55.01,3.6,94.0,114.0,9.0,12.94,usda,0
169831,"APPLEBEE'S, 9 oz house sirloin steak",26.85,9.08,0.0,189.0,61.88,0.2,202.0,350.0,604.0,0.0,usda,1
169832,"T.G.I. FRIDAY'S, FRIDAY'S Shrimp, breaded",11.87,19.02,20.87,302.0,44.85,0.2,226.0,122.0,1210.0,1.25,usda,1
169833,"T.G.I. FRIDAY'S, french fries",3.74,14.82,36.9,296.0,42.23,4.1,121.0,604.0,409.0,0.0,usda,3
169834,"T.G.I. FRIDAY'S, fried mozzarella",15.82,18.76,25.33,333.0,37.02,2.2,290.0,97.0,738.0,1.45,usda,3
169835,"T.G.I. FRIDAY'S, macaroni & cheese, from kid's menu",5.03,3.45,17.4,121.0,72.51,1.0,131.0,88.0,482.0,1.65,usda,0
169836,"Restaurant, family style, french fries",3.49,14.04,37.2,289.0,43.19,3.9,124.0,545.0,357.0,0.28,usda,3
169837,"Restaurant, family style, chicken fingers, from kid's menu",18.68,17.45,18.77,307.0,42.17,1.1,306.0,322.0,809.0,0.33,usda,1
169838,"Restaurant, family style, shrimp, breaded and fried",12.67,18.67,22.29,308.0,43.02,1.5,301.0,108.0,1125.0,0.91,usda,3
169839,"Restaurant, family style, macaroni & cheese, from kids' menu",5.42,6.06,18.8,151.0,68.24,1.1,137.0,135.0,361.0,3.09,usda,3
169840,"APPLEBEE'S, crunchy onion rings",4.58,19.61,40.17,356.0,33.09,3.1,90.0,135.0,833.0,4.48,usda,3
169841,"APPLEBEE'S, chicken tenders platter",19.62,16.24,17.98,297.0,43.38,1.0,298.0,336.0,740.0,0.36,usda,1
169842,"CRACKER BARREL, chicken tenderloin platter, fried",18.06,15.48,20.29,293.0,43.12,0.7,268.0,319.0,874.0,0.09,usda,1
169843,"CRACKER BARREL, coleslaw",0.89,13.22,13.01,175.0,72.18,1.6,24.0,162.0,110.0,11.07,usda,0
169844,"DENNY'S, onion rings",5.29,22.23,41.05,385.0,28.92,2.4,92.0,150.0,780.0,4.76,usda,3
169845,"DENNY'S, spaghetti and meatballs",7.84,8.52,15.51,170.0,66.64,1.5,89.0,206.0,351.0,2.03,usda,3
169846,"Restaurant, family style, fish fillet, battered or breaded, fried",13.49,10.79,16.89,219.0,56.74,0.9,207.0,251.0,561.0,0.45,usda,1
169847,"Restaurant, family style, chicken tenders",18.88,16.63,19.29,302.0,42.3,0.9,297.0,324.0,800.0,0.24,usda,1
169848,"Restaurant, family style, hash browns",2.49,8.99,26.59,197.0,59.85,2.7,71.0,416.0,468.0,1.38,usda,3
169849,"CRACKER BARREL, macaroni n' cheese",6.49,11.75,15.61,194.0,64.53,1.1,202.0,127.0,375.0,2.83,usda,3
169850,"Restaurant, Italian, lasagna with meat",10.83,10.69,11.36,185.0,64.87,1.5,178.0,255.0,466.0,3.15,usda,3
169851,"OLIVE GARDEN, lasagna classico",11.28,10.84,10.33,184.0,65.29,1.6,183.0,258.0,450.0,3.53,usda,3
169852,"OLIVE GARDEN, spaghetti with pomodoro sauce",4.26,1.85,17.14,102.0,75.92,1.7,44.0,124.0,183.0,1.77,usda,0
169853,"CARRABBA'S ITALIAN GRILL, spaghetti with pomodoro sauce",3.42,1.75,18.63,104.0,75.25,1.7,43.0,143.0,218.0,1.87,usda,0
169854,"ON THE BORDER, cheese enchilada",11.67,17.74,16.2,271.0,51.82,1.8,288.0,176.0,561.0,2.89,usda,3
169855,"Restaurant, Mexican, cheese enchilada",11.24,18.47,15.45,273.0,52.38,1.9,268.0,140.0,528.0,2.6,usda,3
169856,"Restaurant, Mexican, cheese tamales",8.99,11.99,17.97,216.0,59.1,2.2,161.0,176.0,503.0,1.23,usda,3
169857,"CARRABBA'S ITALIAN GRILL, chicken parmesan without cavatappi pasta",19.0,10.95,7.8,206.0,59.88,0.9,235.0,319.0,467.0,2.89,usda,1
169858,"OLIVE GARDEN, chicken parmigiana without pasta",15.33,11.23,12.28,211.0,58.62,0.9,236.0,277.0,625.0,2.68,usda,1
169859,"Cereals ready-to-eat, POST, HONEY BUNCHES OF OATS, with almonds",7.7,7.3,79.6,409.0,2.9,5.5,172.0,211.0,417.0,20.0,usda,3
169860,"Margarine-like, vegetable oil spread, stick or tub, sweetened",0.0,52.0,16.7,534.0,30.0,0.0,16.0,30.0,542.0,16.7,usda,3
169861,"Snacks, popcorn, home-prepared, oil-popped, unsalted",9.0,28.1,58.1,500.0,2.8,10.0,250.0,225.0,3.0,0.54,usda,3
169862,"Cereals ready-to-eat, POST, GREAT GRAINS Crunchy Pecan Cereal",9.0,10.5,73.0,403.0,5.2,9.7,296.0,337.0,287.0,15.4,usda,3
169863,"Snacks, granola bar, with coconut, chocolate coated",5.2,32.2,55.2,531.0,6.1,6.2,154.0,254.0,152.0,34.27,usda,3
169864,"Babyfood, vegetable and brown rice, strained",1.9,1.5,12.1,69.0,84.1,1.1,33.0,135.0,14.0,2.39,usda,0
169865,"Babyfood, peas and brown rice",3.4,0.5,11.49,64.0,84.1,2.5,52.0,93.0,6.0,2.89,usda,0
169866,"Frankfurter, meat and poultry, low fat",15.5,2.8,8.4,121.0,69.9,0.1,155.0,261.0,983.0,0.0,usda,1
169867,"Oil, corn and canola",0.0,100.0,0.0,884.0,0.0,0.0,0.0,0.0,0.0,0.0,usda,2
169868,"Milk, fluid, nonfat, calcium fortified (fat free or skim)",3.4,0.18,4.85,35.0,90.8,0.0,101.0,166.0,52.0,4.85,usda,0
169869,"Peanut butter, reduced sodium",24.0,49.9,21.83,590.0,1.1,6.6,317.0,747.0,203.0,9.29,usda,3
169870,"Cereals ready-to-eat, POST GREAT GRAINS Banana Nut Crunch",9.8,8.8,70.9,390.0,5.6,11.2,279.0,349.0,238.0,17.5,usda,3
169871,"Babyfood, carrots, toddler",0.6,0.3,5.23,21.0,93.5,2.3,21.0,129.0,48.0,2.5,usda,0
169872,"Babyfood, dessert, banana pudding, strained",1.0,0.8,14.14,68.0,83.5,0.8,34.0,90.0,54.0,10.55,usda,0
169873,"Babyfood, fruit, tutti frutti, strained",0.4,0.3,15.48,66.0,83.5,0.6,17.0,46.0,25.0,9.29,usda,0
169874,"Babyfood, fruit, tutti frutti, junior",0.4,0.4,16.0,69.0,82.9,0.4,28.0,47.0,17.0,9.41,usda,0
169875,"Salad dressing, sweet and sour",0.1,0.0,3.7,15.0,95.7,0.0,3.0,33.0,208.0,3.7,usda,0
169876,"Salad dressing, blue or roquefort cheese, low calorie",5.1,7.2,2.9,99.0,79.5,0.0,83.0,5.0,939.0,2.82,usda,0
169877,"Salad dressing, caesar, low calorie",0.3,4.4,18.6,110.0,73.2,0.1,19.0,29.0,1148.0,16.32,usda,0
169878,"Syrups, sugar free",0.8,0.0,11.99,51.0,87.0,0.7,0.0,0.0,210.0,0.01,usda,0
169879,"Jellies, no sugar (with sodium saccharin), any flavors",0.55,0.0,29.6,121.0,69.53,2.2,9.0,96.0,3.0,3.39,usda,0
169880,"Candies, hard, dietetic or low calorie (sorbitol)",0.0,0.0,98.6,394.0,1.4,0.0,0.0,0.0,0.0,0.0,usda,2
169881,"Candies, chocolate covered, low sugar or low calorie",12.39,43.27,37.68,590.0,4.0,3.5,332.0,606.0,111.0,14.63,usda,3
169882,"Chewing gum, sugarless",0.0,0.4,94.8,268.0,3.5,2.4,0.0,0.0,7.0,0.0,usda,2
169883,"Fluid replacement, electrolyte solution (include PEDIALYTE)",0.0,0.0,2.45,10.0,96.44,0.0,10.0,77.0,101.0,2.45,usda,0
169884,"Vermicelli, made from soy",0.1,0.1,82.32,331.0,11.9,3.9,20.0,3.0,4.0,17.44,usda,0
169885,"Beans, liquid from stewed kidney beans",1.8,3.2,2.8,47.0,91.5,0.1,88.0,408.0,2.0,0.0,usda,0
169886,"Chicken, meatless",23.64,12.73,3.64,224.0,58.84,3.6,335.0,54.0,709.0,0.0,usda,1
169887,"Frankfurter, meatless",19.61,13.73,7.7,233.0,58.0,3.9,344.0,98.0,471.0,0.0,usda,1
169888,Vegetarian meatloaf or patties,21.0,9.0,8.0,197.0,58.0,4.6,344.0,180.0,550.0,1.2,usda,3
169889,"Radishes, hawaiian style, pickled",1.1,0.3,5.2,28.0,91.5,2.2,31.0,333.0,789.0,2.0,usda,0
169890,"Cabbage, japanese style, fresh, pickled",1.6,0.1,5.67,30.0,91.4,3.1,43.0,853.0,277.0,1.3,usda,0
169891,"Cabbage, mustard, salted",1.1,0.1,5.63,28.0,92.1,3.1,27.0,246.0,717.0,1.4,usda,0
169892,"Eggplant, pickled",0.9,0.7,9.77,49.0,86.9,2.5,9.0,12.0,1674.0,4.8,usda,0
169893,"Bacon bits, meatless",32.0,25.9,28.6,476.0,8.0,10.2,217.0,145.0,1770.0,0.0,usda,3
169894,"Butter replacement, without fat, powder",2.0,1.0,89.0,373.0,5.0,0.0,8.0,2.0,1200.0,5.3,usda,2
169895,"Salad dressing, buttermilk, lite",1.25,12.42,21.33,202.0,62.04,1.1,193.0,132.0,1120.0,3.77,usda,3
169896,"Sweeteners, tabletop, fructose, dry, powder",0.0,0.0,100.0,368.0,0.0,0.0,0.0,0.0,12.0,92.7,usda,2
169897,"Beverage, instant breakfast powder, chocolate, sugar-free, not reconstituted",35.8,5.1,41.0,358.0,7.4,2.0,500.0,1705.0,717.0,39.0,usda,3
169898,"Yogurt, fruit variety, nonfat",4.4,0.2,19.0,95.0,75.4,0.0,119.0,194.0,58.0,19.0,usda,0
169899,"Whipped cream substitute, dietetic, made from powdered mix",0.9,6.0,10.6,100.0,82.3,0.0,30.0,26.0,106.0,10.6,usda,0
169900,"Frozen novelties, ice cream type, sundae, prepackaged",4.3,6.0,29.64,190.0,59.3,0.3,131.0,211.0,95.0,20.74,usda,3
169901,"Cheese, american cheddar, imitation",16.7,14.0,11.6,239.0,53.1,0.0,712.0,242.0,1345.0,7.74,usda,1
169902,"Quail, cooked, total edible",25.1,14.1,0.0,227.0,60.0,0.0,279.0,216.0,52.0,0.0,usda,1
169903,"Pheasant, cooked, total edible",32.4,12.1,0.0,239.0,54.2,0.0,242.0,271.0,43.0,0.0,usda,1
169904,"Eggs, scrambled, frozen mixture",13.1,5.6,7.5,131.0,72.7,0.0,30.0,147.0,162.0,7.5,usda,1
169905,"Dove, cooked (includes squab)",23.9,13.0,0.0,213.0,62.0,0.0,332.0,256.0,57.0,0.0,usda,1
169906,"Pork, cured, ham, boneless, low sodium, extra lean and regular, roasted",22.0,7.7,0.5,165.0,65.8,0.0,248.0,362.0,969.0,0.0,usda,1
169907,"Longans, dried",4.9,0.4,74.0,286.0,17.6,0.2,196.0,658.0,48.0,1.25,usda,3
169908,"Loquats, raw",0.43,0.2,12.14,47.0,86.73,1.7,27.0,266.0,1.0,1.25,usda,0
169909,"Mammy-apple, (mamey), raw",0.5,0.5,12.5,51.0,86.2,3.0,11.0,47.0,15.0,1.25,usda,0
169910,"Mangos, raw",0.82,0.38,14.98,60.0,83.46,1.6,14.0,168.0,1.0,13.66,usda,0
169911,"Melons, honeydew, raw",0.54,0.14,9.09,36.0,89.82,0.8,11.0,228.0,18.0,8.12,usda,0
169912,"Melon balls, frozen",0.84,0.25,7.94,33.0,90.26,0.7,12.0,280.0,31.0,1.25,usda,0
169913,"Mulberries, raw",1.44,0.39,9.8,43.0,87.68,1.7,38.0,194.0,10.0,8.1,usda,0
169914,"Nectarines, raw",1.06,0.32,10.55,44.0,87.59,1.7,26.0,201.0,0.0,7.89,usda,0
169915,"Oheloberries, raw",0.38,0.22,6.84,28.0,92.3,0.2,10.0,38.0,1.0,1.25,usda,0
169916,"Oranges, raw, California, valencias",1.04,0.3,11.89,49.0,86.34,2.5,17.0,179.0,0.0,1.25,usda,0
169917,"Oranges, raw, navels (Includes foods for USDA's Food Distribution Program)",0.91,0.15,12.54,49.0,85.97,2.2,23.0,166.0,1.0,8.5,usda,0
169918,"Oranges, raw, Florida",0.7,0.21,11.54,46.0,87.14,2.4,12.0,169.0,0.0,9.14,usda,0
169919,"Oranges, raw, with peel",1.3,0.3,15.5,63.0,82.3,4.5,22.0,196.0,2.0,1.25,usda,0
169920,"Orange juice, chilled, includes from concentrate, with added calcium",0.68,0.12,11.27,47.0,87.22,0.3,47.0,178.0,2.0,8.31,usda,0
169921,"Orange juice, frozen concentrate, unsweetened, diluted with 3 volume water, with added calcium",0.6,0.06,8.47,37.0,90.07,0.2,78.0,158.0,4.0,7.42,usda,0
169922,"Orange juice, frozen concentrate, unsweetened, undiluted, with added calcium",2.4,0.25,33.86,147.0,60.57,1.0,313.0,629.0,7.0,29.68,usda,0
169923,"Orange juice, frozen concentrate, unsweetened, undiluted",2.4,0.25,35.19,148.0,60.57,1.0,61.0,629.0,7.0,29.68,usda,0
169924,"Tangerines, (mandarin oranges), canned, light syrup pack",0.45,0.1,16.19,61.0,83.06,0.7,10.0,78.0,6.0,15.49,usda,0
169925,"Tangerine juice, raw",0.5,0.2,10.1,43.0,88.9,0.2,14.0,178.0,1.0,9.9,usda,0
169926,"Papayas, raw",0.47,0.26,10.82,43.0,88.06,1.7,10.0,182.0,8.0,7.82,usda,0
169927,"Papaya, canned, heavy syrup, drained",0.14,0.55,55.83,206.0,43.33,1.5,6.0,67.0,9.0,52.2,usda,0
169928,"Peaches, yellow, raw",0.91,0.25,9.54,39.0,88.87,1.5,20.0,190.0,0.0,8.39,usda,0
169929,"Peaches, canned, water pack, solids and liquids",0.44,0.06,6.11,24.0,93.13,1.3,10.0,99.0,3.0,4.81,usda,0
169930,"Peaches, canned, juice pack, solids and liquids",0.63,0.03,11.57,44.0,87.49,1.3,17.0,128.0,4.0,10.27,usda,0
169931,"Peaches, canned, extra light syrup, solids and liquids (Includes foods for USDA's Food Distribution Program)",0.4,0.1,11.1,42.0,88.2,1.0,11.0,74.0,5.0,1.25,usda,0
169932,"Peaches, dehydrated (low-moisture), sulfured, uncooked",4.89,1.03,83.18,325.0,7.5,0.2,162.0,1351.0,10.0,1.25,usda,3
169933,"Peaches, dehydrated (low-moisture), sulfured, stewed",2.01,0.42,34.14,133.0,62.04,0.2,66.0,554.0,4.0,1.25,usda,0
169934,"Peaches, dried, sulfured, uncooked",3.61,0.76,61.33,239.0,31.8,8.2,119.0,996.0,7.0,41.74,usda,3
169935,"Peaches, dried, sulfured, stewed, without added sugar",1.16,0.25,19.69,77.0,78.1,2.7,38.0,320.0,2.0,16.99,usda,0
169936,"Pears, canned, juice pack, solids and liquids",0.34,0.07,12.94,50.0,86.47,1.6,12.0,96.0,4.0,9.7,usda,0
169937,"Pears, canned, extra light syrup pack, solids and liquids (Includes foods for USDA's Food Distribution Program)",0.3,0.1,12.2,47.0,87.3,1.6,7.0,45.0,2.0,1.25,usda,0
169938,"Pears, canned, light syrup pack, solids and liquids",0.19,0.03,15.17,57.0,84.46,1.6,7.0,66.0,5.0,12.1,usda,0
169939,"Pears, canned, heavy syrup pack, solids and liquids",0.2,0.13,19.17,74.0,80.35,1.6,7.0,65.0,5.0,15.2,usda,0
169940,"Pear nectar, canned, without added ascorbic acid",0.11,0.01,15.76,60.0,84.01,0.6,3.0,13.0,4.0,15.16,usda,0
169941,"Persimmons, japanese, raw",0.58,0.19,18.59,70.0,80.32,3.6,17.0,161.0,1.0,12.53,usda,0
169942,"Persimmons, japanese, dried",1.38,0.59,73.43,274.0,23.01,14.5,81.0,802.0,2.0,1.25,usda,3
169943,"Persimmons, native, raw",0.8,0.4,33.5,127.0,64.4,0.2,26.0,310.0,1.0,1.25,usda,0
169944,"Pineapple, canned, heavy syrup pack, solids and liquids",0.35,0.11,20.2,78.0,78.99,0.8,7.0,104.0,1.0,16.9,usda,0
169945,"Pineapple, canned, extra heavy syrup pack, solids and liquids",0.34,0.11,21.5,83.0,77.71,0.8,7.0,102.0,1.0,1.25,usda,0
169946,"Pineapple, frozen, chunks, sweetened",0.4,0.1,22.2,86.0,77.1,1.1,4.0,100.0,2.0,21.1,usda,0
169947,"Pineapple juice, canned or bottled, unsweetened, without added ascorbic acid",0.36,0.12,12.87,53.0,86.37,0.2,8.0,130.0,2.0,9.98,usda,0
169948,"Pineapple juice, frozen concentrate, unsweetened, undiluted",1.3,0.1,44.3,179.0,53.1,0.7,28.0,472.0,3.0,43.6,usda,0
169949,"Plums, raw",0.7,0.28,11.42,46.0,87.23,1.4,16.0,157.0,0.0,9.92,usda,0
169950,"Plums, canned, purple, water pack, solids and liquids",0.39,0.01,11.03,41.0,88.35,0.9,13.0,126.0,1.0,10.1,usda,0
169951,"Plums, canned, purple, juice pack, solids and liquids",0.51,0.02,15.15,58.0,84.02,0.9,15.0,154.0,1.0,14.22,usda,0
169952,"Plums, canned, purple, light syrup pack, solids and liquids",0.37,0.1,16.28,63.0,83.0,0.9,13.0,93.0,20.0,15.35,usda,0
169953,"Lima beans, immature seeds, frozen, fordhook, unprepared",6.4,0.35,19.83,106.0,72.05,5.5,74.0,478.0,58.0,1.39,usda,0
169954,"Lima beans, immature seeds, frozen, fordhook, cooked, boiled, drained, without salt",6.07,0.34,19.32,103.0,72.98,5.3,97.0,304.0,69.0,1.34,usda,0
169955,"Lima beans, immature seeds, frozen, baby, unprepared",7.59,0.44,25.14,132.0,65.46,6.0,104.0,452.0,52.0,1.25,usda,0
169956,"Lima beans, immature seeds, frozen, baby, cooked, boiled, drained, without salt",6.65,0.3,19.45,105.0,72.35,4.8,112.0,411.0,29.0,1.37,usda,0
169957,"Mung beans, mature seeds, sprouted, raw",3.04,0.18,5.94,30.0,90.4,1.8,54.0,149.0,6.0,4.13,usda,0
169958,"Beans, pinto, immature seeds, frozen, unprepared",9.8,0.5,32.5,170.0,55.8,5.7,117.0,756.0,92.0,1.25,usda,3
169959,"Beans, pinto, immature seeds, frozen, cooked, boiled, drained, without salt",9.31,0.48,30.87,162.0,58.01,5.4,100.0,646.0,83.0,1.25,usda,3
169960,"Beans, shellie, canned, solids and liquids",1.76,0.19,6.19,30.0,90.69,3.4,30.0,109.0,334.0,0.63,usda,0
169961,"Beans, snap, green, raw",1.83,0.22,6.97,31.0,90.32,2.7,38.0,211.0,6.0,3.26,usda,0
169962,"Beans, snap, green, frozen, all styles, unprepared (Includes foods for USDA's Food Distribution Program)",1.79,0.21,7.54,33.0,89.93,2.6,32.0,186.0,3.0,2.21,usda,0
169963,"Beans, snap, green, frozen, cooked, boiled, drained without salt",1.49,0.17,6.45,28.0,91.42,3.0,29.0,159.0,1.0,1.88,usda,0
169964,"Beans, snap, green, frozen, all styles, microwaved",1.98,0.41,6.98,33.0,89.93,3.4,42.0,237.0,3.0,2.6,usda,0
169965,"Beans, snap, green, microwaved",2.31,0.5,6.41,33.0,90.04,3.4,49.0,323.0,3.0,3.22,usda,0
169966,"Beets, canned, drained solids",0.91,0.14,7.21,31.0,90.96,1.8,17.0,148.0,194.0,5.51,usda,0
169967,"Broccoli, cooked, boiled, drained, without salt",2.38,0.41,7.18,35.0,89.25,3.3,67.0,293.0,41.0,1.39,usda,0
169968,"Broccoli, frozen, chopped, unprepared",2.81,0.29,4.78,26.0,91.46,3.0,50.0,212.0,24.0,1.35,usda,0
169969,"Broccoli, frozen, chopped, cooked, boiled, drained, without salt",3.1,0.12,5.35,28.0,90.72,3.0,49.0,142.0,11.0,1.47,usda,0
169970,"Broccoli, frozen, spears, unprepared (Includes foods for USDA's Food Distribution Program)",3.06,0.34,5.35,29.0,90.55,3.0,59.0,250.0,17.0,1.47,usda,0
169971,"Brussels sprouts, cooked, boiled, drained, without salt",2.55,0.5,7.1,36.0,88.9,2.6,56.0,317.0,21.0,1.74,usda,0
169972,"Brussels sprouts, frozen, unprepared",3.78,0.41,7.86,41.0,87.07,3.8,62.0,370.0,10.0,2.03,usda,0
169973,"Brussels sprouts, frozen, cooked, boiled, drained, without salt",3.64,0.39,8.32,42.0,86.74,4.1,56.0,290.0,15.0,2.08,usda,0
169974,"Burdock root, raw",1.53,0.15,17.34,72.0,80.09,3.3,51.0,308.0,5.0,2.9,usda,0
169975,"Cabbage, raw",1.28,0.1,5.8,25.0,92.18,2.5,26.0,170.0,18.0,3.2,usda,0
169976,"Cabbage, cooked, boiled, drained, without salt",1.27,0.06,5.51,23.0,92.57,1.9,33.0,196.0,8.0,2.79,usda,0
169977,"Cabbage, red, raw",1.43,0.16,7.37,31.0,90.39,2.1,30.0,243.0,27.0,3.83,usda,0
169978,"Cabbage, red, cooked, boiled, drained, without salt",1.51,0.09,6.94,29.0,90.84,2.6,33.0,262.0,28.0,3.32,usda,0
169979,"Cabbage, chinese (pe-tsai), raw",1.2,0.2,3.23,16.0,94.39,1.2,29.0,238.0,9.0,1.41,usda,0
169980,"Cabbage, chinese (pe-tsai), cooked, boiled, drained, without salt",1.5,0.17,2.41,14.0,95.24,1.7,39.0,225.0,9.0,1.25,usda,0
169981,"Cardoon, raw",0.7,0.1,4.07,17.0,94.0,1.6,23.0,400.0,170.0,1.25,usda,0
169982,"Cardoon, cooked, boiled, drained, without salt",0.76,0.11,5.33,22.0,93.46,1.7,23.0,392.0,176.0,1.25,usda,0
169983,"Carrots, frozen, unprepared (Includes foods for USDA's Food Distribution Program)",0.78,0.46,7.9,36.0,90.04,3.3,33.0,235.0,68.0,4.76,usda,0
169984,"Carrots, frozen, cooked, boiled, drained, without salt",0.58,0.68,7.73,37.0,90.32,3.3,31.0,192.0,59.0,4.08,usda,0
169985,"Cassava, raw",1.36,0.28,38.06,160.0,59.68,1.8,27.0,271.0,14.0,1.7,usda,0
169986,"Cauliflower, raw",1.92,0.28,4.97,25.0,92.07,2.0,44.0,299.0,30.0,1.91,usda,0
169987,"Celeriac, cooked, boiled, drained, without salt",0.96,0.19,5.9,27.0,92.3,1.2,66.0,173.0,61.0,1.25,usda,0
169988,"Celery, raw",0.69,0.17,2.97,14.0,95.43,1.6,24.0,260.0,80.0,1.34,usda,0
169989,"Celery, cooked, boiled, drained, without salt",0.83,0.16,4.0,18.0,94.11,1.6,25.0,284.0,91.0,2.37,usda,0
169990,"Celtuce, raw",0.85,0.3,3.65,18.0,94.5,1.7,39.0,330.0,11.0,1.25,usda,0
169991,"Chard, swiss, raw",1.8,0.2,3.74,19.0,92.66,1.6,46.0,379.0,213.0,1.1,usda,0
169992,"Chicory greens, raw",1.7,0.3,4.7,23.0,92.0,4.0,47.0,420.0,45.0,0.7,usda,0
169993,"Chicory roots, raw",1.4,0.2,17.51,72.0,80.0,1.5,61.0,290.0,50.0,8.73,usda,0
169994,"Chives, raw",3.27,0.73,4.35,30.0,90.65,2.5,58.0,296.0,3.0,1.85,usda,0
169995,"Chrysanthemum, garland, raw",3.36,0.56,3.02,24.0,91.4,3.0,54.0,567.0,118.0,1.25,usda,0
169996,"Collards, frozen, chopped, cooked, boiled, drained, without salt",2.97,0.41,7.1,36.0,88.47,2.8,27.0,251.0,50.0,0.57,usda,0
169997,"Coriander (cilantro) leaves, raw",2.13,0.52,3.67,23.0,92.21,2.8,48.0,521.0,46.0,0.87,usda,0
169998,"Corn, sweet, yellow, raw",3.27,1.35,18.7,86.0,76.05,2.0,89.0,270.0,15.0,6.26,usda,0
169999,"Corn, sweet, yellow, cooked, boiled, drained, without salt",3.41,1.5,20.98,96.0,73.41,2.4,77.0,218.0,1.0,4.54,usda,0
170000,"Onions, raw",1.1,0.1,9.34,40.0,89.11,1.7,29.0,146.0,4.0,4.24,usda,0
170001,"Onions, cooked, boiled, drained, without salt",1.36,0.19,10.15,44.0,87.86,1.4,35.0,166.0,3.0,4.73,usda,0
170002,"Onions, dehydrated flakes",8.95,0.46,83.28,349.0,3.93,9.2,303.0,1622.0,21.0,37.41,usda,3
170003,"Onions, canned, solids and liquids",0.85,0.09,4.02,19.0,94.1,1.2,28.0,111.0,371.0,2.2,usda,0
170004,"Onions, yellow, sauteed",0.95,10.8,7.86,123.0,80.01,1.7,33.0,133.0,12.0,1.25,usda,0
170005,"Onions, spring or scallions (includes tops and bulb), raw",1.83,0.19,7.34,32.0,89.83,2.6,37.0,276.0,16.0,2.33,usda,0
170006,"Onions, young green, tops only",0.97,0.47,5.74,27.0,92.32,1.8,25.0,159.0,15.0,3.91,usda,0
170007,"Onions, welsh, raw",1.9,0.4,6.5,34.0,90.5,2.4,49.0,212.0,17.0,2.18,usda,0
170008,"Onions, sweet, raw",0.8,0.08,7.55,32.0,91.24,0.9,27.0,119.0,8.0,5.02,usda,0
170009,"Parsnips, cooked, boiled, drained, without salt",1.32,0.3,17.01,71.0,80.24,3.6,69.0,367.0,10.0,4.8,usda,0
170010,"Peas, edible-podded, raw",2.8,0.2,7.55,42.0,88.89,2.6,53.0,200.0,4.0,4.0,usda,0
170011,"Peas, edible-podded, boiled, drained, without salt",3.27,0.23,7.05,42.0,88.91,2.8,55.0,240.0,4.0,3.99,usda,0
170012,"Peas, edible-podded, frozen, unprepared",2.8,0.3,7.2,42.0,89.3,3.1,51.0,192.0,4.0,1.25,usda,0
170013,"Peas, green (includes baby and lesuer types), canned, drained solids, unprepared",4.47,0.8,11.36,68.0,82.29,4.9,67.0,106.0,273.0,2.99,usda,0
170014,"Peas, green, canned, seasoned, solids and liquids",3.09,0.27,9.25,50.0,86.51,2.0,54.0,122.0,254.0,1.25,usda,0
170015,"Peas, green, canned, drained solids, rinsed in tap water",4.33,0.95,11.82,71.0,81.89,0.2,65.0,105.0,231.0,1.25,usda,0
170016,"Peas, green, frozen, unprepared (Includes foods for USDA's Food Distribution Program)",5.22,0.4,13.62,77.0,79.98,4.5,82.0,153.0,108.0,5.0,usda,0
170017,"Peas, green, frozen, cooked, boiled, drained, without salt",5.15,0.27,14.26,78.0,79.52,4.5,77.0,110.0,72.0,4.4,usda,0
170018,"Peas and carrots, frozen, cooked, boiled, drained, without salt",3.09,0.42,10.12,48.0,85.8,3.1,49.0,158.0,68.0,4.36,usda,0
170019,"Peas and onions, canned, solids and liquids",3.28,0.38,8.57,51.0,86.4,2.3,51.0,96.0,442.0,1.25,usda,0
170020,"Peas and onions, frozen, unprepared",3.98,0.32,13.51,70.0,81.5,3.5,59.0,203.0,61.0,1.25,usda,0
170021,"Peas and onions, frozen, cooked, boiled, drained, without salt",2.54,0.2,8.63,45.0,88.18,2.2,34.0,117.0,37.0,3.77,usda,0
170022,"Peppers, sweet, green, frozen, chopped, unprepared",1.08,0.21,4.45,20.0,93.96,1.6,17.0,91.0,5.0,1.25,usda,0
170023,"Peppers, sweet, green, frozen, chopped, boiled, drained, without salt",0.95,0.18,3.9,18.0,94.7,0.9,13.0,72.0,4.0,1.25,usda,0
170024,"Peppers, sweet, green, sauteed",0.78,11.85,4.22,116.0,82.65,1.8,15.0,134.0,17.0,2.17,usda,0
170025,"Pigeonpeas, immature seeds, raw",7.2,1.64,23.88,136.0,65.88,5.1,127.0,552.0,5.0,3.0,usda,0
170026,"Potatoes, flesh and skin, raw",2.05,0.09,17.49,77.0,79.25,2.1,57.0,425.0,6.0,0.82,usda,0
170027,"Potatoes, russet, flesh and skin, raw (Includes foods for USDA's Food Distribution Program)",2.14,0.08,18.07,79.0,78.58,1.3,55.0,417.0,5.0,0.62,usda,0
170028,"Potatoes, white, flesh and skin, raw",1.68,0.1,15.71,69.0,81.58,2.4,62.0,407.0,16.0,1.15,usda,0
170029,"Potatoes, red, flesh and skin, raw",1.89,0.14,15.9,70.0,80.96,1.7,61.0,455.0,18.0,1.29,usda,0
170030,"Potatoes, Russet, flesh and skin, baked",2.63,0.13,21.44,95.0,74.45,2.3,71.0,550.0,14.0,1.08,usda,0
170032,"Potatoes, raw, skin",2.57,0.1,12.44,58.0,83.29,2.5,38.0,413.0,10.0,1.25,usda,0
170033,"Potatoes, baked, flesh, without salt",1.96,0.1,21.55,93.0,75.42,1.5,50.0,391.0,5.0,1.7,usda,0
170034,"Potatoes, baked, skin, without salt",4.29,0.1,46.06,198.0,47.31,7.9,101.0,573.0,21.0,1.4,usda,3
170035,"Potatoes, microwaved, cooked in skin, skin, without salt",4.39,0.1,29.63,132.0,63.5,5.5,82.0,650.0,16.0,1.25,usda,0
170036,"Potatoes, hash brown, home-prepared",3.0,12.52,35.11,265.0,47.25,3.2,70.0,576.0,342.0,1.49,usda,3
170037,"Potatoes, mashed, home-prepared, whole milk and margarine added",1.96,4.2,16.94,113.0,75.25,1.5,48.0,326.0,333.0,1.41,usda,0
170038,"Potatoes, scalloped, home-prepared with butter",2.87,3.68,10.78,88.0,80.94,1.9,63.0,378.0,335.0,1.25,usda,0
170039,"Potatoes, mashed, dehydrated, granules without milk, dry form",8.22,0.54,85.51,372.0,3.63,7.1,245.0,703.0,67.0,3.47,usda,3
170040,"Potatoes, mashed, dehydrated, prepared from granules without milk, whole milk and butter added",2.05,4.96,14.36,108.0,77.49,2.2,60.0,144.0,257.0,1.25,usda,0
170041,"Potatoes, mashed, dehydrated, granules with milk, dry form",10.9,1.1,77.7,357.0,6.3,6.6,237.0,1848.0,82.0,3.37,usda,3
170042,"Potatoes, mashed, dehydrated, prepared from granules with milk, water and margarine added",2.13,4.8,16.13,116.0,76.01,1.3,62.0,155.0,172.0,1.74,usda,0
170043,"Potatoes, hash brown, frozen, plain, unprepared",2.06,0.62,17.72,82.0,78.85,1.4,47.0,285.0,22.0,1.25,usda,0
170044,"Potatoes, hash brown, frozen, plain, prepared, pan fried in canola oil",2.65,11.59,28.51,219.0,55.95,3.2,79.0,496.0,15.0,0.27,usda,3
170045,"Potatoes, hash brown, frozen, with butter sauce, unprepared",1.87,6.66,18.28,135.0,72.51,2.9,29.0,248.0,77.0,1.25,usda,0
170046,"Potatoes, hash brown, frozen, with butter sauce, prepared",2.46,8.79,24.13,178.0,63.71,3.8,38.0,327.0,101.0,1.25,usda,3
170047,"Potato puffs, frozen, unprepared",1.93,8.71,24.8,178.0,62.8,2.3,64.0,247.0,428.0,0.28,usda,3
170048,"Potato puffs, frozen, oven-heated",2.13,9.05,27.29,192.0,59.65,2.0,84.0,287.0,463.0,0.27,usda,3
170049,"Potatoes, frozen, whole, cooked, boiled, drained, without salt",1.98,0.13,14.52,65.0,82.8,1.4,26.0,287.0,20.0,1.25,usda,0
170050,"Tomatoes, red, ripe, cooked",0.95,0.11,4.01,18.0,94.34,0.7,28.0,218.0,11.0,2.49,usda,0
170051,"Tomatoes, red, ripe, canned, packed in tomato juice",0.79,0.25,3.47,16.0,94.75,1.9,17.0,191.0,115.0,2.55,usda,0
170052,"Tomatoes, red, ripe, canned, stewed",0.91,0.19,6.19,26.0,91.54,1.0,20.0,207.0,221.0,3.52,usda,0
170053,"Tomatoes, red, ripe, canned, with green chilies",0.69,0.08,3.62,15.0,94.23,0.2,14.0,107.0,401.0,1.25,usda,0
170054,"Tomato products, canned, sauce",1.2,0.3,5.31,24.0,91.28,1.5,27.0,297.0,474.0,3.56,usda,0
170055,"Tomato products, canned, sauce, with mushrooms",1.45,0.13,8.43,35.0,87.97,1.5,32.0,380.0,452.0,5.77,usda,0
170056,"Tomato products, canned, sauce, with onions",1.56,0.19,9.94,42.0,86.09,1.8,39.0,413.0,551.0,1.25,usda,0
170057,"Tomato products, canned, sauce, with herbs and cheese",2.13,1.93,10.24,59.0,83.43,2.2,54.0,356.0,543.0,1.25,usda,0
170058,"Turnips, cooked, boiled, drained, without salt",0.71,0.08,5.06,22.0,93.6,2.0,26.0,177.0,16.0,2.99,usda,0
170059,"Turnips, frozen, unprepared",1.04,0.16,2.94,16.0,95.67,1.8,20.0,137.0,25.0,1.25,usda,0
170060,"Turnips, frozen, cooked, boiled, drained, without salt",1.53,0.24,4.35,23.0,93.6,2.0,26.0,182.0,36.0,2.35,usda,0
170061,"Turnip greens, raw",1.5,0.3,7.13,32.0,89.67,3.2,42.0,296.0,40.0,0.81,usda,0
170062,"Turnip greens and turnips, frozen, cooked, boiled, drained, without salt",2.99,0.38,4.85,35.0,91.04,3.1,32.0,216.0,19.0,1.07,usda,0
170063,"Vegetable juice cocktail, canned",0.93,0.31,3.87,22.0,94.09,0.5,19.0,185.0,169.0,2.84,usda,0
170064,"Vegetables, mixed, canned, solids and liquids",1.42,0.25,7.13,36.0,90.24,3.8,37.0,138.0,224.0,1.25,usda,0
170065,"Vegetables, mixed, canned, drained solids",2.59,0.25,9.26,49.0,87.01,3.0,42.0,291.0,214.0,2.41,usda,0
170066,"Waterchestnuts, chinese, (matai), raw",1.4,0.1,23.94,97.0,73.46,3.0,63.0,584.0,14.0,4.8,usda,0
170067,"Waterchestnuts, chinese, canned, solids and liquids",0.88,0.06,12.3,50.0,86.42,2.5,19.0,118.0,8.0,2.46,usda,0
170068,"Watercress, raw",2.3,0.1,1.29,11.0,95.11,0.5,60.0,330.0,41.0,0.2,usda,0
170069,"Waxgourd, (chinese preserving melon), raw",0.4,0.2,3.0,13.0,96.1,2.9,19.0,6.0,111.0,1.25,usda,0
170070,"Winged bean tuber, raw",11.6,0.9,28.1,148.0,57.4,0.2,45.0,586.0,35.0,1.25,usda,0
170071,"Yam, raw",1.53,0.17,27.88,118.0,69.6,4.1,55.0,816.0,9.0,0.5,usda,0
170072,"Yam, cooked, boiled, drained, or baked, without salt",1.49,0.14,27.48,116.0,70.13,3.9,49.0,670.0,8.0,0.49,usda,0
170073,"Yambean (jicama), raw",0.72,0.09,8.82,38.0,90.07,4.9,18.0,150.0,4.0,1.8,usda,0
170074,"Yambean (jicama), cooked, boiled, drained, without salt",0.72,0.09,8.82,38.0,90.07,0.2,16.0,135.0,4.0,1.25,usda,0
170075,"Chives, freeze-dried",21.2,3.5,64.29,311.0,2.0,26.2,518.0,2960.0,70.0,1.25,usda,3
170076,"Dock, raw",2.0,0.7,3.2,22.0,93.0,2.9,63.0,390.0,4.0,1.25,usda,0
170077,"Dock, cooked, boiled, drained, without salt",1.83,0.64,2.93,20.0,93.6,2.6,52.0,321.0,3.0,1.25,usda,0
170078,"Eppaw, raw",4.6,1.8,31.68,150.0,60.0,0.2,165.0,340.0,12.0,1.25,usda,0
170079,"Beans, mung, mature seeds, sprouted, canned, drained solids",1.4,0.06,2.14,12.0,96.1,0.8,32.0,27.0,42.0,0.7,usda,0
170080,"Peppers, jalapeno, canned, solids and liquids",0.92,0.94,4.74,27.0,88.89,2.6,18.0,193.0,1671.0,2.14,usda,0
170081,"Radishes, white icicle, raw",1.1,0.1,2.63,14.0,95.37,1.4,28.0,280.0,16.0,1.25,usda,0
170082,"Shallots, freeze-dried",12.3,0.5,80.7,348.0,2.0,15.7,296.0,1650.0,59.0,38.16,usda,3
170083,"Sweet potato, canned, syrup pack, solids and liquids",0.98,0.2,20.93,89.0,77.39,2.5,27.0,185.0,29.0,15.4,usda,0
170084,"Sweet potato, canned, syrup pack, drained solids",1.28,0.32,25.36,108.0,72.47,3.0,25.0,193.0,39.0,5.74,usda,0
170085,"Tomato products, canned, sauce, spanish style",1.44,0.27,7.24,33.0,89.08,1.4,48.0,369.0,472.0,1.25,usda,0
170086,"Beans, pinto, mature seeds, sprouted, raw",5.25,0.9,11.6,62.0,81.3,0.2,94.0,307.0,153.0,1.25,usda,0
170087,"Beans, pinto, mature seeds, sprouted, cooked, boiled, drained, without salt",1.86,0.32,4.1,22.0,93.39,0.2,30.0,98.0,51.0,1.25,usda,0
170088,"Sweet potato, cooked, candied, home-prepared",0.89,3.54,32.12,164.0,62.75,2.1,25.0,178.0,119.0,27.25,usda,0
170089,"Tomatoes, red, ripe, cooked, stewed",1.96,2.68,13.05,79.0,80.63,1.7,38.0,247.0,455.0,1.25,usda,0
170090,"Seaweed, agar, dried",6.21,0.3,80.88,306.0,8.68,7.7,52.0,1125.0,102.0,2.97,usda,3
170091,"Seaweed, spirulina, raw",5.92,0.39,2.42,26.0,90.67,0.4,11.0,127.0,98.0,0.3,usda,0
170092,Potato pancakes,6.08,14.76,27.81,268.0,47.77,3.3,128.0,622.0,764.0,1.79,usda,3
170093,"Potatoes, baked, flesh and skin, without salt",2.5,0.13,21.15,93.0,74.89,2.2,70.0,535.0,10.0,1.18,usda,0
170094,"Potatoes, microwaved, cooked in skin, flesh and skin, without salt",2.44,0.1,24.24,105.0,72.04,2.3,105.0,447.0,8.0,1.25,usda,0
170095,"Radish seeds, sprouted, raw",3.81,2.53,3.6,43.0,90.07,0.2,113.0,86.0,6.0,1.25,usda,0
170096,"Tomatoes, yellow, raw",0.98,0.26,2.98,15.0,95.28,0.7,36.0,258.0,23.0,1.25,usda,0
170097,"Mushrooms, shiitake, cooked, with salt",1.56,0.22,14.39,56.0,83.48,2.1,29.0,117.0,240.0,3.84,usda,0
170098,"Okra, cooked, boiled, drained, with salt",1.87,0.21,4.51,22.0,92.57,2.5,32.0,135.0,241.0,2.4,usda,0
170099,"Okra, frozen, cooked, boiled, drained, with salt",1.63,0.24,6.41,29.0,91.12,2.1,37.0,184.0,239.0,2.87,usda,0
170100,"Onions, cooked, boiled, drained, with salt",1.36,0.19,9.56,42.0,87.86,1.4,35.0,166.0,239.0,4.73,usda,0
170101,"Onions, frozen, chopped, cooked, boiled, drained, with salt",0.77,0.1,6.0,26.0,92.24,1.7,19.0,108.0,248.0,2.9,usda,0
170102,"Peas, green, cooked, boiled, drained, with salt",5.36,0.22,15.63,84.0,77.87,5.5,117.0,271.0,239.0,5.93,usda,0
170103,"Peas, green, canned, no salt added, solids and liquids",3.19,0.3,9.75,53.0,85.92,3.3,53.0,100.0,9.0,3.2,usda,0
170104,"Peas, green, canned, no salt added, drained solids",4.42,0.35,12.58,69.0,81.7,4.1,67.0,173.0,2.0,4.16,usda,0
170105,"Peas, green, frozen, cooked, boiled, drained, with salt",5.15,0.27,14.26,78.0,79.52,4.5,77.0,110.0,323.0,4.4,usda,0
170106,"Peppers, hot chili, red, raw",1.87,0.44,8.81,40.0,88.02,1.5,43.0,322.0,9.0,5.3,usda,0
170107,"Peppers, hot chili, red, canned, excluding seeds, solids and liquids",0.9,0.1,5.1,21.0,92.5,1.3,17.0,187.0,1173.0,3.32,usda,0
170108,"Peppers, sweet, red, raw",0.99,0.3,6.03,26.0,92.21,2.1,26.0,211.0,4.0,4.2,usda,0
170109,"Peppers, sweet, green, cooked, boiled, drained, with salt",0.92,0.2,6.11,26.0,91.87,1.2,18.0,166.0,238.0,3.19,usda,0
170110,"Peppers, sweet, red, cooked, boiled, drained, without salt",0.92,0.2,6.7,28.0,91.87,1.2,18.0,166.0,2.0,4.39,usda,0
170111,"Potatoes, baked, flesh and skin, with salt",2.5,0.13,21.15,93.0,74.89,2.2,70.0,535.0,10.0,1.18,usda,0
170112,"Potatoes, baked, flesh, with salt",1.96,0.1,21.55,93.0,75.42,1.5,50.0,391.0,241.0,1.7,usda,0
170113,"Potatoes, baked, skin only, with salt",4.29,0.1,46.06,198.0,47.31,7.9,101.0,573.0,257.0,1.4,usda,3
170114,"Potatoes, boiled, cooked in skin, flesh, with salt",1.87,0.1,20.13,87.0,76.98,2.0,44.0,379.0,240.0,0.91,usda,0
170115,"Potatoes, microwaved, cooked, in skin, skin with salt",4.39,0.1,29.63,132.0,63.5,5.5,82.0,650.0,252.0,1.25,usda,0
170116,"Potatoes, frozen, whole, cooked, boiled, drained, with salt",1.98,0.13,13.93,63.0,82.8,1.4,26.0,287.0,256.0,1.25,usda,0
170117,"Potatoes, frozen, french fried, par fried, cottage-cut, prepared, heated in oven, with salt",3.44,8.2,34.03,218.0,52.9,3.2,65.0,480.0,281.0,1.25,usda,3
170118,"Potatoes, french fried, all types, salt not added in processing, frozen, oven-heated",2.66,5.22,28.71,168.0,61.51,2.6,97.0,451.0,32.0,0.28,usda,3
170119,"Pumpkin, flowers, cooked, boiled, drained, with salt",1.09,0.08,3.18,15.0,95.2,0.9,34.0,106.0,242.0,2.4,usda,0
170120,"Pumpkin leaves, cooked, boiled, drained, with salt",2.72,0.22,3.39,21.0,92.51,2.7,79.0,438.0,244.0,0.69,usda,0
170121,"Purslane, cooked, boiled, drained, with salt",1.49,0.19,3.55,18.0,93.52,0.2,37.0,488.0,280.0,1.25,usda,0
170122,"Radishes, oriental, cooked, boiled, drained, with salt",0.67,0.24,3.43,17.0,95.04,1.6,24.0,285.0,249.0,1.83,usda,0
170123,"Spinach, canned, no salt added, solids and liquids",2.11,0.37,2.92,19.0,93.22,2.2,32.0,230.0,75.0,0.33,usda,0
170124,"Spinach, frozen, chopped or leaf, cooked, boiled, drained, with salt",4.01,0.87,4.8,34.0,88.94,3.7,50.0,302.0,322.0,0.51,usda,0
170125,"Squash, summer, all varieties, cooked, boiled, drained, with salt",0.91,0.31,4.31,20.0,93.7,1.4,39.0,192.0,237.0,2.59,usda,0
170126,"Squash, summer, crookneck and straightneck, cooked, boiled, drained, with salt",1.04,0.39,3.79,19.0,94.25,1.1,29.0,177.0,237.0,2.48,usda,0
170127,"Squash, winter, all varieties, cooked, baked, with salt",0.89,0.35,8.85,37.0,89.21,2.8,19.0,241.0,237.0,3.3,usda,0
170128,"Squash, winter, acorn, cooked, baked, with salt",1.12,0.14,14.58,56.0,82.9,4.4,45.0,437.0,240.0,1.25,usda,0
170129,"Squash, winter, acorn, cooked, boiled, mashed, with salt",0.67,0.08,8.79,34.0,89.7,2.6,27.0,263.0,239.0,1.25,usda,0
170130,"Squash, winter, butternut, cooked, baked, with salt",0.9,0.09,10.49,40.0,87.8,3.2,27.0,284.0,240.0,1.97,usda,0
170131,"Succotash, (corn and limas), frozen, cooked, boiled, drained, with salt",4.31,0.89,19.95,93.0,74.1,4.1,70.0,265.0,281.0,2.21,usda,0
170132,"Water convolvulus, cooked, boiled, drained, with salt",2.08,0.24,3.7,20.0,92.93,1.9,42.0,284.0,358.0,1.25,usda,0
170133,"Sweet potato leaves, cooked, steamed, with salt",2.18,0.34,7.38,35.0,89.2,1.9,40.0,312.0,249.0,5.48,usda,0
170134,"Sweet potato, cooked, baked in skin, flesh, with salt",2.01,0.15,20.71,90.0,75.78,3.3,54.0,475.0,246.0,6.48,usda,0
170135,"Taro, shoots, cooked, with salt",0.73,0.08,3.19,14.0,95.3,0.2,26.0,344.0,238.0,1.25,usda,0
170136,"Taro, tahitian, cooked, with salt",4.16,0.68,6.85,44.0,86.46,0.2,67.0,623.0,290.0,1.25,usda,0
170137,"Tomatoes, red, ripe, cooked, with salt",0.95,0.11,4.01,18.0,94.34,0.7,28.0,218.0,247.0,2.49,usda,0
170138,"Tomatoes, red, ripe, canned, packed in tomato juice, no salt added",0.79,0.25,3.47,16.0,94.75,1.9,17.0,191.0,10.0,2.55,usda,0
170139,"Turnip greens, cooked, boiled, drained, with salt",1.14,0.23,4.36,20.0,93.2,3.5,29.0,203.0,265.0,0.53,usda,0
170140,"Turnip greens, frozen, cooked, boiled, drained, with salt",3.35,0.42,4.98,29.0,90.4,3.4,34.0,224.0,251.0,0.75,usda,0
170141,"Turnip greens and turnips, frozen, cooked, boiled, drained, with salt",2.99,0.38,4.74,34.0,91.04,3.1,32.0,216.0,255.0,0.95,usda,0
170142,"Vegetables, mixed, frozen, cooked, boiled, drained, with salt",2.86,0.15,13.09,60.0,83.23,4.4,51.0,169.0,271.0,3.12,usda,0
170143,"Mushrooms, portabella, exposed to ultraviolet light, raw",2.11,0.35,3.87,22.0,92.82,1.3,108.0,364.0,9.0,2.5,usda,0
170144,"Seeds, breadfruit seeds, raw",7.4,5.59,29.24,191.0,56.27,5.2,175.0,941.0,25.0,1.25,usda,3
170145,"Seeds, breadfruit seeds, boiled",5.3,2.3,32.0,168.0,59.3,4.8,124.0,875.0,23.0,1.25,usda,3
170146,"Seeds, cottonseed flour, low fat (glandless)",49.83,1.41,36.1,332.0,6.9,0.2,1587.0,1761.0,35.0,1.25,usda,3
170147,"Seeds, cottonseed meal, partially defatted (glandless)",49.1,4.77,38.43,367.0,1.2,0.2,1684.0,1869.0,37.0,1.25,usda,3
170148,"Seeds, hemp seed, hulled",31.56,48.75,8.67,553.0,4.96,4.0,1650.0,1200.0,5.0,1.5,usda,3
170149,"Seeds, lotus seeds, dried",15.41,1.97,64.47,332.0,14.16,0.2,626.0,1368.0,5.0,1.25,usda,3
170150,"Seeds, sesame seeds, whole, dried",17.73,49.67,23.45,573.0,4.69,11.8,629.0,468.0,11.0,0.3,usda,3
170151,"Seeds, sesame seeds, whole, roasted and toasted",16.96,48.0,25.74,565.0,3.3,14.0,638.0,475.0,11.0,1.25,usda,3
170152,"Seeds, sesame seed kernels, toasted, without salt added (decorticated)",16.96,48.0,26.04,567.0,5.0,16.9,774.0,406.0,39.0,0.48,usda,3
170153,"Seeds, sesame flour, partially defatted",40.32,11.89,35.14,382.0,6.61,0.2,810.0,425.0,41.0,1.25,usda,3
170154,"Seeds, sunflower seed kernels, toasted, without salt",17.21,56.8,20.59,619.0,1.0,11.5,1158.0,491.0,3.0,1.25,usda,3
170155,"Seeds, sunflower seed butter, without salt",17.28,55.2,23.32,617.0,0.62,5.7,666.0,576.0,3.0,10.54,usda,3
170156,"Seeds, sunflower seed flour, partially defatted",48.06,1.61,35.83,326.0,7.47,5.2,689.0,67.0,3.0,1.25,usda,3
170157,"Nuts, acorns, raw",6.15,23.86,40.75,387.0,27.9,0.2,79.0,539.0,0.0,1.25,usda,3
170158,"Nuts, almonds, dry roasted, without salt added",20.96,52.54,21.01,598.0,2.41,10.9,471.0,713.0,3.0,4.86,usda,3
170159,"Nuts, almonds, oil roasted, without salt added",21.23,55.17,17.68,607.0,2.8,10.5,466.0,699.0,1.0,4.55,usda,3
170160,"Nuts, almond paste",9.0,27.74,47.81,458.0,14.08,4.8,258.0,314.0,9.0,36.25,usda,3
170161,"Nuts, beechnuts, dried",6.2,50.0,33.5,576.0,6.6,0.2,0.0,1017.0,38.0,1.25,usda,3
170162,"Nuts, cashew nuts, raw",18.22,43.85,30.19,553.0,5.2,3.3,593.0,660.0,12.0,5.91,usda,3
170163,"Nuts, cashew butter, plain, without salt added",17.56,49.41,27.57,587.0,2.96,2.0,457.0,546.0,15.0,1.25,usda,3
170164,"Nuts, chestnuts, chinese, raw",4.2,1.11,49.07,224.0,43.95,0.2,96.0,447.0,3.0,1.25,usda,0
170165,"Nuts, chestnuts, chinese, dried",6.82,1.81,79.76,363.0,8.9,0.2,155.0,726.0,5.0,1.25,usda,3
170166,"Nuts, chestnuts, chinese, boiled and steamed",2.88,0.76,33.64,153.0,61.57,0.2,66.0,306.0,2.0,1.25,usda,0
170167,"Nuts, chestnuts, european, dried, peeled",5.01,3.91,78.43,369.0,9.0,0.2,137.0,991.0,37.0,1.25,usda,3
170168,"Nuts, chestnuts, european, boiled and steamed",2.0,1.38,27.76,131.0,68.15,0.2,99.0,715.0,27.0,1.25,usda,0
170169,"Nuts, coconut meat, raw",3.33,33.49,15.23,354.0,46.99,9.0,113.0,356.0,20.0,6.23,usda,3
170170,"Nuts, coconut meat, dried (desiccated), not sweetened",6.88,64.53,23.65,660.0,3.0,16.3,206.0,543.0,37.0,7.35,usda,3
170171,"Nuts, coconut cream, canned, sweetened",1.17,16.31,53.21,357.0,28.97,0.2,22.0,101.0,36.0,51.5,usda,3
170172,"Nuts, coconut milk, raw (liquid expressed from grated meat and water)",2.29,23.84,5.54,230.0,67.62,2.2,100.0,263.0,15.0,3.34,usda,3
170173,"Nuts, coconut milk, canned (liquid expressed from grated meat and water)",2.02,21.33,2.81,197.0,72.88,0.2,96.0,220.0,13.0,1.25,usda,1
170174,"Nuts, coconut water (liquid from coconuts)",0.72,0.2,3.71,19.0,94.99,1.1,20.0,250.0,105.0,2.61,usda,0
170175,"Nuts, ginkgo nuts, dried",10.35,2.0,72.45,348.0,12.4,0.2,269.0,998.0,13.0,1.25,usda,3
170176,"Nuts, ginkgo nuts, canned",2.29,1.62,22.1,111.0,72.95,9.3,54.0,180.0,307.0,1.25,usda,0
170177,"Nuts, hickorynuts, dried",12.72,64.37,18.25,657.0,2.65,6.4,336.0,436.0,1.0,1.25,usda,3
170178,"Nuts, macadamia nuts, raw",7.91,75.77,13.82,718.0,1.36,8.6,188.0,368.0,5.0,4.57,usda,3
170179,"Nuts, macadamia nuts, dry roasted, without salt added",7.79,76.08,13.38,718.0,1.61,8.0,198.0,363.0,4.0,4.14,usda,3
170180,"Nuts, formulated, wheat-based, unflavored, with salt added",13.82,57.7,23.68,622.0,2.5,5.2,371.0,318.0,505.0,1.25,usda,3
170181,"Nuts, mixed nuts, dry roasted, with peanuts, salt added, CHOSEN ROASTER",18.0,53.2,24.62,608.0,1.52,7.1,412.0,585.0,113.0,3.9,usda,3
170182,"Nuts, pecans",9.17,71.97,13.86,691.0,3.52,9.6,277.0,410.0,0.0,3.97,usda,3
170183,"Nuts, pecans, dry roasted, without salt added",9.5,74.27,13.55,710.0,1.12,9.4,293.0,424.0,1.0,4.06,usda,3
170184,"Nuts, pistachio nuts, raw",20.16,45.32,27.17,560.0,4.37,10.6,490.0,1025.0,1.0,7.66,usda,3
170185,"Nuts, pistachio nuts, dry roasted, without salt added",21.05,45.82,28.28,572.0,1.85,10.3,469.0,1007.0,6.0,7.74,usda,3
170186,"Nuts, walnuts, black, dried",24.06,59.33,9.58,619.0,4.56,6.8,513.0,523.0,2.0,1.1,usda,3
170187,"Nuts, walnuts, english",15.23,65.21,13.71,654.0,4.07,6.7,346.0,441.0,2.0,2.61,usda,3
170188,"Seeds, pumpkin and squash seeds, whole, roasted, without salt",18.55,19.4,53.75,446.0,4.5,18.4,92.0,919.0,18.0,1.25,usda,3
170189,"Seeds, sesame butter, tahini, from roasted and toasted kernels (most common type)",17.0,53.76,21.19,595.0,3.05,9.3,732.0,414.0,115.0,0.49,usda,3
170190,"Nuts, chestnuts, european, roasted",3.17,2.2,52.96,245.0,40.48,5.1,107.0,592.0,2.0,10.6,usda,3
170191,"Seeds, sesame butter, paste",18.08,50.87,24.05,586.0,1.6,5.5,659.0,582.0,12.0,1.25,usda,3
170192,"Seeds, sesame flour, high-fat",30.78,37.1,26.62,526.0,0.9,0.2,807.0,423.0,41.0,1.25,usda,3
170193,"Beef, variety meats and by-products, suet, raw",1.5,94.0,0.0,854.0,4.0,0.0,15.0,16.0,7.0,0.0,usda,2
170194,"Beef, variety meats and by-products, thymus, raw",12.18,20.35,0.0,236.0,67.8,0.0,393.0,360.0,96.0,1.25,usda,1
170195,"Beef, variety meats and by-products, thymus, cooked, braised",21.85,24.98,0.0,319.0,52.83,0.0,364.0,433.0,116.0,1.25,usda,1
170196,"Beef, variety meats and by-products, tongue, raw",14.9,16.09,3.68,224.0,64.53,0.0,133.0,315.0,69.0,1.25,usda,1
170197,"Beef, cured, breakfast strips, raw or unheated",12.5,38.8,0.7,406.0,45.2,0.0,100.0,153.0,955.0,1.25,usda,1
170198,"Beef, cured, breakfast strips, cooked",31.3,34.4,1.4,449.0,26.2,0.0,236.0,412.0,2253.0,0.0,usda,1
170199,"Beef, cured, corned beef, brisket, raw",14.68,14.9,0.14,198.0,66.56,0.0,117.0,297.0,1217.0,1.25,usda,1
170200,"Beef, cured, corned beef, brisket, cooked",18.17,18.98,0.47,251.0,59.79,0.0,125.0,145.0,973.0,0.0,usda,1
170201,"Beef, chuck, under blade center steak, boneless, Denver Cut, separable lean only, trimmed to 0"" fat, choice, cooked, grilled",26.49,13.42,0.28,228.0,58.83,0.0,207.0,318.0,73.0,0.0,usda,1
170202,"Beef, cured, luncheon meat, jellied",19.0,3.3,0.0,111.0,74.6,0.0,139.0,402.0,1322.0,1.25,usda,1
170203,"Beef, chuck, under blade center steak, boneless, Denver Cut, separable lean only, trimmed to 0"" fat, select, cooked, grilled",26.53,11.46,0.0,209.0,61.06,0.0,202.0,306.0,74.0,0.0,usda,1
170204,"Beef, cured, pastrami",21.8,5.82,0.36,147.0,69.53,0.0,175.0,210.0,1078.0,0.1,usda,1
170205,"Beef, chuck, under blade center steak, boneless, Denver Cut, separable lean only, trimmed to 0"" fat, all grades, raw",19.42,9.99,0.49,170.0,69.19,0.0,181.0,321.0,77.0,0.0,usda,1
170206,"Beef, composite of trimmed retail cuts, separable lean and fat, trimmed to 0"" fat, choice, cooked",28.17,12.53,0.0,233.0,58.7,0.0,222.0,321.0,62.0,0.0,usda,1
170207,"Beef, composite of trimmed retail cuts, separable lean and fat, trimmed to 0"" fat, select, cooked",28.61,9.18,0.0,203.0,61.79,0.0,231.0,333.0,62.0,0.0,usda,1
170208,"Beef, composite of trimmed retail cuts, separable lean only, trimmed to 0"" fat, all grades, cooked",29.9,8.37,0.0,203.0,61.02,0.0,237.0,339.0,64.0,0.0,usda,1
170209,"Beef, composite of trimmed retail cuts, separable lean only, trimmed to 0"" fat, choice, cooked",29.51,8.87,0.0,206.0,60.93,0.0,235.0,338.0,63.0,0.0,usda,1
170210,"Beef, brisket, flat half, separable lean only, trimmed to 0"" fat, all grades, cooked, braised",33.26,6.99,0.0,205.0,59.55,0.0,205.0,267.0,54.0,0.0,usda,1
170211,"Beef, brisket, point half, separable lean and fat, trimmed to 0"" fat, all grades, cooked, braised",23.53,28.5,0.0,358.0,46.05,0.0,187.0,233.0,68.0,0.0,usda,1
170212,"Beef, brisket, point half, separable lean only, trimmed to 0"" fat, all grades, cooked, braised",28.05,13.8,0.0,244.0,55.7,0.0,226.0,273.0,77.0,0.0,usda,1
170213,"Beef, chuck, arm pot roast, separable lean and fat, trimmed to 0"" fat, all grades, cooked, braised",28.94,19.17,0.0,297.0,51.9,0.0,174.0,231.0,47.0,0.0,usda,1
170214,"Beef, chuck, under blade pot roast, boneless, separable lean and fat, trimmed to 0"" fat, select, cooked, braised",27.17,19.02,0.0,288.0,53.39,0.0,171.0,261.0,64.0,0.0,usda,1
170215,"Beef, chuck, blade roast, separable lean only, trimmed to 0"" fat, all grades, cooked, braised",31.06,13.3,0.0,253.0,54.8,0.0,235.0,263.0,71.0,0.0,usda,1
170216,"Beef, chuck, under blade pot roast, boneless, separable lean only, trimmed to 0"" fat, choice, cooked, braised",30.45,11.14,0.0,231.0,57.85,0.0,207.0,307.0,63.0,0.0,usda,1
170217,"Beef, chuck, under blade pot roast, boneless, separable lean only, trimmed to 0"" fat, select, cooked, braised",30.68,9.44,0.0,216.0,58.79,0.0,204.0,306.0,67.0,0.0,usda,1
170218,"Beef, rib, large end (ribs 6-9), separable lean only, trimmed to 0"" fat, select, cooked, roasted",27.53,11.4,0.0,220.0,59.3,0.0,209.0,357.0,73.0,1.25,usda,1
170219,"Beef, rib, small end (ribs 10-12), separable lean and fat, trimmed to 0"" fat, all grades, cooked, broiled",27.27,14.74,0.0,249.0,57.52,0.0,212.0,340.0,56.0,0.0,usda,1
170220,"Beef, rib, small end (ribs 10-12), separable lean and fat, trimmed to 0"" fat, choice, cooked, broiled",24.73,22.84,0.0,312.0,51.08,0.0,183.0,342.0,64.0,1.25,usda,1
170221,"Beef, rib, small end (ribs 10-12), separable lean and fat, trimmed to 0"" fat, select, cooked, broiled",24.91,19.79,0.0,285.0,52.79,0.0,184.0,344.0,64.0,1.25,usda,1
170222,"Beef, round, bottom round, roast, separable lean and fat, trimmed to 0"" fat, all grades, cooked, roasted",27.42,7.72,0.0,187.0,64.46,0.0,171.0,223.0,36.0,0.0,usda,1
170223,"Beef, round, bottom round, steak, separable lean and fat, trimmed to 0"" fat, choice, cooked, braised",32.73,10.0,0.0,230.0,56.74,0.0,199.0,264.0,42.0,0.0,usda,1
170224,"Beef, round, bottom round, roast, separable lean and fat, trimmed to 0"" fat, choice, cooked, roasted",26.76,9.37,0.0,199.0,63.54,0.0,162.0,215.0,35.0,0.0,usda,1
170225,"Beef, round, bottom round, steak, separable lean and fat, trimmed to 0"" fat, select, cooked, braised",34.39,7.72,0.0,217.0,57.92,0.0,216.0,279.0,45.0,0.0,usda,1
170226,"Beef, round, bottom round, steak, separable lean only, trimmed to 0"" fat, select, cooked, braised",34.93,6.3,0.0,206.0,58.82,0.0,222.0,289.0,46.0,0.0,usda,1
170227,"Beef, round, bottom round roast, separable lean only, trimmed to 0"" fat, select, cooked, roasted",28.29,5.33,0.0,169.0,65.9,0.0,183.0,238.0,38.0,0.0,usda,1
170228,"Beef, round, eye of round roast, boneless, separable lean and fat, trimmed to 0"" fat, all grades, cooked, roasted",29.66,4.46,0.0,167.0,65.05,0.0,279.0,401.0,67.0,0.0,usda,1
170229,"Beef, round, eye of round roast, boneless, separable lean and fat, trimmed to 0"" fat, choice, cooked, roasted",29.79,4.83,0.0,171.0,64.5,0.0,279.0,408.0,66.0,0.0,usda,1
170230,"Beef, round, tip round, roast, separable lean and fat, trimmed to 0"" fat, all grades, cooked, roasted",26.79,8.21,0.0,188.0,64.67,0.0,166.0,217.0,35.0,0.0,usda,1
170231,"Beef, round, tip round, roast, separable lean and fat, trimmed to 0"" fat, choice, cooked, roasted",27.01,8.9,0.0,196.0,63.8,0.0,164.0,216.0,35.0,0.0,usda,1
170232,"Beef, round, tip round, roast, separable lean and fat, trimmed to 0"" fat, select, cooked, roasted",26.57,7.53,0.0,181.0,65.54,0.0,169.0,218.0,35.0,0.0,usda,1
170233,"Beef, round, tip round, roast, separable lean only, trimmed to 0"" fat, all grades, cooked, roasted",27.53,6.2,0.0,174.0,66.75,0.0,174.0,226.0,36.0,0.0,usda,1
170234,"Beef, round, top round, separable lean and fat, trimmed to 0"" fat, select, cooked, braised",35.62,5.33,0.0,200.0,58.49,0.0,223.0,330.0,45.0,0.0,usda,1
170235,"Beef, round, top round, separable lean only, trimmed to 0"" fat, choice, cooked, braised",36.12,5.8,0.0,207.0,58.1,0.0,226.0,334.0,45.0,0.0,usda,1
170236,"Beef, round, top round, separable lean only, trimmed to 0"" fat, select, cooked, braised",36.12,4.0,0.0,190.0,59.3,0.0,226.0,334.0,45.0,0.0,usda,1
170237,"Beef, loin, tenderloin steak, boneless, separable lean and fat, trimmed to 0"" fat, all grades, cooked, grilled",30.5,8.91,0.0,211.0,60.38,0.0,257.0,350.0,57.0,0.0,usda,1
170238,"Beef, loin, tenderloin steak, boneless, separable lean and fat, trimmed to 0"" fat, choice, cooked, grilled",30.21,9.71,0.0,217.0,59.78,0.0,258.0,356.0,58.0,0.0,usda,1
170239,"Beef, loin, top loin steak, boneless, lip off, separable lean and fat, trimmed to 0"" fat, all grades, cooked, grilled",28.57,11.15,0.0,223.0,59.98,0.0,265.0,366.0,59.0,0.0,usda,1
170240,"Beef, loin, top loin steak, boneless, lip off, separable lean and fat, trimmed to 0"" fat, choice, cooked, grilled",28.19,12.51,0.0,233.0,58.83,0.0,262.0,361.0,59.0,0.0,usda,1
170241,"Puddings, banana, dry mix, regular, with added oil",0.0,5.0,88.4,387.0,4.1,0.3,5.0,17.0,788.0,1.25,usda,2
170242,"Puddings, lemon, dry mix, regular, with added oil, potassium, sodium",0.1,1.5,90.3,366.0,5.2,0.1,3.0,257.0,849.0,1.25,usda,3
170243,"Puddings, tapioca, dry mix, with no added salt",0.1,0.1,94.3,369.0,4.0,0.2,4.0,5.0,8.0,1.25,usda,2
170244,"Snacks, corn-based, extruded, puffs or twists, cheese-flavor, unenriched",5.76,35.76,54.1,558.0,1.5,2.2,108.0,197.0,896.0,2.76,usda,3
170245,"Snacks, corn-based, extruded, chips, barbecue-flavor, made with enriched masa flour",7.0,32.7,56.2,523.0,1.2,0.2,207.0,236.0,763.0,1.25,usda,3
170246,"Snacks, popcorn, air-popped (Unsalted)",12.0,4.2,77.9,382.0,4.1,15.1,300.0,301.0,4.0,1.25,usda,3
170247,"Snacks, popcorn, oil-popped, white popcorn, salt added",9.0,28.1,57.2,500.0,2.8,10.0,250.0,225.0,884.0,1.25,usda,3
170248,"Snacks, potato chips, plain, made with partially hydrogenated soybean oil, salted",7.0,34.6,52.9,536.0,1.9,4.8,165.0,1275.0,594.0,1.25,usda,3
170249,"Snacks, pretzels, hard, plain, made with enriched flour, unsalted",9.1,3.5,79.2,381.0,3.3,2.8,113.0,146.0,250.0,2.21,usda,3
170250,"Snacks, rice cakes, brown rice, plain, unsalted",8.2,2.8,81.5,387.0,5.8,4.2,360.0,290.0,26.0,0.88,usda,3
170251,"Snacks, rice cakes, brown rice, buckwheat, unsalted",9.0,3.5,80.1,380.0,5.9,0.2,380.0,299.0,4.0,1.25,usda,3
170252,"Snacks, rice cakes, brown rice, multigrain, unsalted",8.5,3.5,80.1,387.0,6.3,0.2,370.0,294.0,4.0,1.25,usda,3
170253,"Potato chips, without salt, reduced fat",7.1,20.8,67.8,487.0,1.0,6.1,193.0,1744.0,8.0,0.22,usda,3
170254,"Snacks, tortilla chips, low fat, unsalted",11.0,5.7,80.1,416.0,1.7,5.3,318.0,272.0,15.0,0.85,usda,3
170255,"Frozen novelties, juice type, POPSICLE SCRIBBLERS",0.0,0.24,19.68,81.0,79.96,0.0,2.0,23.0,13.0,14.57,usda,0
170256,"Snacks, tortilla chips, nacho-flavor, made with enriched masa flour",7.8,25.6,62.3,511.0,1.7,5.3,244.0,216.0,708.0,1.25,usda,3
170257,"Sweeteners, tabletop, sucralose, SPLENDA packets",0.0,0.0,91.17,336.0,8.83,0.0,0.0,4.0,0.0,80.33,usda,2
170258,"Frozen novelties, No Sugar Added, FUDGSICLE pops",3.67,1.87,23.11,124.0,69.93,1.5,160.0,253.0,96.0,5.1,usda,0
170259,"Frozen novelties, ice type, sugar free, orange, cherry, and grape POPSICLE pops",0.0,0.0,5.14,21.0,94.03,0.0,0.0,11.0,10.0,1.52,usda,0
170270,"Ice creams, regular, low carbohydrate, chocolate",3.8,12.7,26.8,237.0,55.7,4.8,107.0,249.0,76.0,6.35,usda,3
170271,"Chocolate, dark, 45- 59% cacao solids",4.88,31.28,61.17,546.0,0.97,7.0,206.0,559.0,24.0,47.9,usda,3
170272,"Chocolate, dark, 60-69% cacao solids",6.12,38.31,52.42,579.0,1.25,8.0,260.0,567.0,10.0,36.71,usda,3
170273,"Chocolate, dark, 70-85% cacao solids",7.79,42.63,45.9,598.0,1.37,10.9,308.0,715.0,20.0,23.99,usda,3
170274,"Candies, chocolate, dark, NFS (45-59% cacao solids 90%; 60-69% cacao solids 5%; 70-85% cacao solids 5%)",5.09,32.2,59.97,550.0,1.0,7.2,214.0,568.0,23.0,46.14,usda,3
170275,"Candies, crispy bar with peanut butter filling",9.53,31.34,55.53,542.0,1.6,3.3,144.0,295.0,264.0,40.33,usda,3
170277,"Sweetener, syrup, agave",0.09,0.45,76.37,310.0,22.94,0.2,1.0,4.0,4.0,68.03,usda,2
170278,"Candies, NESTLE, BUTTERFINGER Crisp",6.67,18.33,68.45,465.0,5.05,1.7,153.0,429.0,13.0,48.33,usda,3
170279,"Candies, fruit snacks, with high vitamin C",0.08,0.0,87.97,352.0,11.84,0.0,3.0,8.0,23.0,68.18,usda,0
170280,"Jams, preserves, marmalades, sweetened with fruit juice",0.0,0.0,52.93,212.0,46.84,0.9,6.0,65.0,0.0,42.0,usda,0
170281,"Candies, Tamarind",0.0,0.0,91.96,331.0,2.52,2.5,56.0,309.0,1643.0,78.57,usda,3
170282,"Candies, coconut bar, not chocolate covered",2.13,27.65,55.87,481.0,13.26,6.4,93.0,294.0,128.0,36.16,usda,3
170283,"Barley, hulled",12.48,2.3,73.48,354.0,9.44,17.3,264.0,452.0,12.0,0.8,usda,3
170284,"Barley, pearled, raw",9.91,1.16,77.72,352.0,10.09,15.6,221.0,280.0,9.0,0.8,usda,3
170285,"Barley, pearled, cooked",2.26,0.44,28.22,123.0,68.8,3.8,54.0,93.0,3.0,0.28,usda,0
170286,Buckwheat,13.25,3.4,71.5,343.0,9.75,10.0,347.0,460.0,1.0,1.25,usda,3
170287,"Bulgur, cooked",3.08,0.24,18.58,83.0,77.76,4.5,40.0,68.0,5.0,0.1,usda,0
170288,"Corn grain, yellow",9.42,4.74,74.26,365.0,10.37,7.3,210.0,287.0,35.0,0.64,usda,3
170289,"Corn bran, crude",8.36,0.92,85.64,224.0,4.71,79.0,72.0,44.0,7.0,0.0,usda,3
170290,"Corn flour, whole-grain, yellow",6.93,3.86,76.85,361.0,10.91,7.3,272.0,315.0,5.0,0.64,usda,3
170291,"Fast foods, nachos, with cheese",4.32,21.5,34.91,343.0,37.4,3.2,198.0,362.0,313.0,2.17,usda,3
170292,"Fast foods, nachos, with cheese, beans, ground beef, and tomatoes",6.21,12.48,21.39,219.0,58.15,3.7,153.0,298.0,348.0,1.63,usda,3
170293,"Fast foods, cheeseburger, double, regular patty and bun, with condiments",16.24,16.18,17.97,282.0,47.16,1.0,165.0,226.0,617.0,4.16,usda,3
170294,"Fast foods, cheeseburger; single, large patty; plain",17.29,15.97,24.07,310.0,40.67,1.7,163.0,210.0,481.0,4.67,usda,3
170295,"Fast foods, chicken fillet sandwich, plain with pickles",16.28,11.19,20.89,250.0,48.94,1.4,185.0,245.0,753.0,3.64,usda,3
170296,"Fast foods, fish sandwich, with tartar sauce",10.29,12.45,26.69,257.0,48.44,1.0,116.0,206.0,602.0,3.53,usda,3
170297,"Fast foods, fish sandwich, with tartar sauce and cheese",11.26,14.64,26.39,279.0,45.76,0.8,137.0,220.0,434.0,3.67,usda,3
170298,"Fast foods, submarine sandwich, roast beef on white bread with lettuce and tomato",12.17,2.73,20.34,156.0,63.08,0.7,118.0,188.0,329.0,3.0,usda,3
170299,"Fast foods, submarine sandwich, tuna on white bread with lettuce and tomato",12.33,12.04,15.95,218.0,58.17,0.7,109.0,177.0,329.0,1.93,usda,1
170300,"Fast foods, coleslaw",0.95,9.91,14.89,153.0,73.42,1.9,20.0,129.0,203.0,12.19,usda,0
170301,"Fast foods, hush puppies",6.16,13.25,40.21,296.0,36.58,2.9,410.0,256.0,813.0,3.8,usda,3
170302,"Fast food, biscuit",7.08,18.92,42.82,370.0,27.88,2.5,474.0,131.0,979.0,3.88,usda,3
170303,"CHICK-FIL-A, Chick-n-Strips",21.4,11.2,10.39,228.0,54.35,0.9,264.0,497.0,577.0,1.24,usda,1
170304,"CHICK-FIL-A, hash browns",3.0,18.5,30.51,301.0,45.82,3.2,100.0,456.0,454.0,0.54,usda,3
170305,"School Lunch, pizza, BIG DADDY'S LS 16"" 51% Whole Grain Rolled Edge Cheese Pizza, frozen",13.89,8.81,27.1,243.0,48.02,2.7,270.0,288.0,400.0,4.77,usda,3
170306,"Fast foods, submarine sandwich, sweet onion chicken teriyaki on white bread with lettuce, tomato and sweet onion sauce",10.91,2.37,22.54,155.0,62.4,1.2,139.0,285.0,305.0,6.06,usda,3
170307,"SUBWAY, SUBWAY CLUB sub on white bread with lettuce and tomato",10.66,2.42,20.36,146.0,64.7,1.4,131.0,265.0,348.0,3.19,usda,3
170308,"Fast foods, submarine sandwich, turkey, roast beef and ham on white bread with lettuce and tomato",10.66,2.42,20.36,146.0,64.7,1.4,131.0,265.0,348.0,3.19,usda,3
170309,"Fast foods, submarine sandwich, oven roasted chicken on white bread with lettuce and tomato",10.84,3.15,21.35,157.0,63.15,1.2,145.0,198.0,268.0,2.99,usda,3
170310,"SUBWAY, steak & cheese sub on white bread with American cheese, lettuce and tomato",12.29,5.34,21.49,183.0,58.88,1.2,132.0,183.0,444.0,3.41,usda,3
170311,"Fast foods, submarine sandwich, steak and cheese on white bread with cheese, lettuce and tomato",12.29,5.34,21.49,183.0,58.88,1.2,132.0,183.0,444.0,3.41,usda,3
170312,"SUBWAY, B.L.T. sub on white bread with bacon, lettuce and tomato",10.06,6.41,26.66,205.0,55.03,1.6,101.0,186.0,354.0,3.61,usda,3
170313,"Fast foods, submarine sandwich, bacon, lettuce, and tomato on white bread",10.06,6.41,26.66,205.0,55.03,1.6,101.0,186.0,354.0,3.61,usda,3
170314,"SUBWAY, oven roasted chicken sub on white bread with lettuce and tomato",10.84,3.15,21.35,157.0,63.15,1.2,145.0,198.0,268.0,2.99,usda,3
170315,"SUBWAY, cold cut sub on white bread with lettuce and tomato",10.52,10.04,20.43,214.0,56.51,1.2,112.0,282.0,575.0,3.18,usda,3
170316,"SUBWAY, tuna sub on white bread with lettuce and tomato",12.33,12.04,15.95,221.0,58.17,0.7,109.0,177.0,329.0,1.93,usda,1
170317,"Pizza, cheese topping, regular crust, frozen, cooked",10.36,12.28,29.02,268.0,46.28,2.2,179.0,152.0,447.0,3.57,usda,3
170318,"Fast Foods, crispy chicken filet sandwich, with lettuce and mayonnaise",10.94,13.59,27.4,276.0,45.84,1.4,144.0,179.0,617.0,3.4,usda,3
170319,"McDONALD'S, FILET-O-FISH",11.26,14.64,26.39,282.0,45.76,1.4,137.0,220.0,434.0,3.67,usda,3
170320,"McDONALD'S, Cheeseburger",12.97,11.79,27.81,263.0,45.0,1.1,140.0,200.0,626.0,6.22,usda,3
170321,"McDONALD'S, QUARTER POUNDER",14.1,11.55,22.17,244.0,50.37,1.6,124.0,227.0,427.0,5.13,usda,3
170322,"WENDY'S, CLASSIC SINGLE Hamburger, with cheese",14.87,11.6,14.2,221.0,57.5,1.4,126.0,187.0,476.0,1.25,usda,1
170323,"WENDY'S, Jr. Hamburger, without cheese",12.62,8.75,28.45,243.0,48.25,1.7,107.0,175.0,539.0,1.25,usda,3
170324,"WENDY'S, Jr. Hamburger, with cheese",13.06,11.5,24.97,256.0,48.06,1.4,134.0,178.0,660.0,1.25,usda,3
170325,"WENDY'S, CLASSIC DOUBLE, with cheese",16.52,14.2,11.71,241.0,55.84,1.1,134.0,214.0,422.0,1.25,usda,1
170326,"WENDY'S, Frosty Dairy Dessert",3.49,2.6,23.62,132.0,69.25,3.3,112.0,185.0,98.0,1.25,usda,0
170327,"BURGER KING, french fries",3.23,12.48,38.7,280.0,43.95,2.9,119.0,467.0,279.0,0.51,usda,3
170328,"BURGER KING, Hamburger",14.85,10.55,26.76,261.0,45.97,1.0,126.0,217.0,461.0,5.6,usda,3
170329,"BURGER KING, Cheeseburger",14.57,14.81,23.71,286.0,44.59,1.0,143.0,178.0,602.0,4.49,usda,3
170330,"BURGER KING, Premium Fish Sandwich",10.29,12.45,26.69,260.0,48.44,0.9,116.0,206.0,602.0,3.53,usda,3
170331,"BURGER KING, Original Chicken Sandwich",12.14,14.69,26.22,286.0,44.7,2.4,128.0,196.0,638.0,3.02,usda,3
170332,"TACO BELL, Original Taco with beef, cheese and lettuce",8.86,12.7,19.85,229.0,57.02,3.9,178.0,209.0,397.0,0.9,usda,3
170333,"TACO BELL, Soft Taco with beef, cheese and lettuce",9.25,9.75,20.23,206.0,58.78,2.9,167.0,161.0,560.0,1.57,usda,3
170334,"TACO BELL, BURRITO SUPREME with chicken",9.84,6.42,20.51,179.0,61.0,2.4,163.0,264.0,564.0,1.25,usda,3
170335,"TACO BELL, BURRITO SUPREME with steak",9.13,7.27,20.32,183.0,61.21,2.4,131.0,228.0,534.0,1.25,usda,3
170336,"TACO BELL, Nachos",4.32,21.5,34.91,350.0,37.4,3.2,198.0,362.0,313.0,2.17,usda,3
170337,"TACO BELL, Nachos Supreme",6.21,12.48,21.39,223.0,58.15,3.7,153.0,298.0,348.0,1.63,usda,3
170338,"POPEYES, Spicy Chicken Strips, analyzed 2006",19.61,11.2,18.52,253.0,47.11,1.2,276.0,289.0,997.0,0.0,usda,1
170339,"KFC, biscuit",7.5,17.05,43.55,358.0,28.4,2.0,538.0,115.0,1070.0,4.04,usda,3
170340,"KFC, Coleslaw",0.91,8.64,15.65,144.0,73.99,2.0,20.0,140.0,189.0,13.54,usda,0
170341,"KFC, Crispy Chicken Strips",20.25,15.42,13.66,274.0,47.93,1.4,298.0,333.0,948.0,0.0,usda,1
170342,"KFC, Fried Chicken, ORIGINAL RECIPE, Wing, meat only, skin and breading removed",28.65,10.49,1.76,216.0,56.44,0.2,249.0,286.0,738.0,1.25,usda,1
170343,"KFC, Fried Chicken, EXTRA CRISPY, Skin and Breading",10.96,36.61,22.54,464.0,26.98,1.5,149.0,170.0,828.0,0.0,usda,3
170344,"KFC, Fried Chicken, EXTRA CRISPY, Breast, meat only, skin and breading removed",27.25,4.82,0.25,153.0,65.71,0.2,253.0,309.0,477.0,1.25,usda,1
170345,"KFC, Fried Chicken, EXTRA CRISPY, Drumstick, meat only, skin and breading removed",25.9,7.43,0.0,170.0,64.78,0.2,224.0,273.0,526.0,1.25,usda,1
170346,"KFC, Fried Chicken, ORIGINAL RECIPE, Thigh, meat and skin with breading",18.9,17.73,8.46,269.0,52.09,0.0,230.0,237.0,781.0,0.0,usda,1
170347,"KFC, Fried Chicken, ORIGINAL RECIPE, Wing, meat and skin with breading",21.7,18.9,9.93,297.0,46.4,0.0,250.0,266.0,884.0,0.0,usda,1
170348,"KFC, Fried Chicken, EXTRA CRISPY, Breast, meat and skin with breading",21.24,16.55,8.47,268.0,51.42,0.2,215.0,258.0,607.0,1.25,usda,1
170349,"KFC, Fried Chicken, EXTRA CRISPY, Drumstick, meat and skin with breading",20.62,17.73,7.96,274.0,51.44,0.2,198.0,237.0,632.0,1.25,usda,1
170350,"POPEYES, Fried Chicken, Mild, Skin and Breading",13.96,32.32,21.54,433.0,29.63,1.0,119.0,192.0,769.0,0.0,usda,3
170351,"POPEYES, Fried Chicken, Mild, Thigh, meat only, skin and breading removed",24.31,9.66,0.85,188.0,63.18,0.2,187.0,294.0,601.0,1.25,usda,1
170352,"POPEYES, Fried Chicken, Mild, Wing, meat only, skin and breading removed",28.94,9.42,2.9,212.0,55.85,0.2,188.0,314.0,814.0,1.25,usda,1
170353,"POPEYES, Fried Chicken, Mild, Breast, meat and skin with breading",21.67,16.47,9.83,274.0,49.48,0.4,191.0,283.0,540.0,0.0,usda,1
170354,"POPEYES, Fried Chicken, Mild, Drumstick, meat and skin with breading",20.44,19.14,9.84,293.0,48.14,0.2,171.0,261.0,588.0,1.25,usda,1
170355,"Yogurt parfait, lowfat, with fruit and granola",3.36,1.01,15.86,84.0,78.98,1.1,93.0,189.0,49.0,11.68,usda,0
170356,"Fast Foods, Fried Chicken, Breast, meat only, skin and breading removed",27.93,4.54,0.0,153.0,65.61,0.0,237.0,306.0,512.0,0.0,usda,1
170357,"Fast Foods, Fried Chicken, Drumstick, meat only, skin and breading removed",26.24,7.41,0.0,172.0,64.24,0.0,211.0,291.0,492.0,0.0,usda,1
170358,"Fast Foods, Fried Chicken, Thigh, meat only, skin and breading removed",23.21,9.41,0.24,178.0,64.96,0.0,206.0,248.0,577.0,0.0,usda,1
170359,"Fast Foods, Fried Chicken, Thigh, meat and skin and breading",19.23,18.07,8.68,274.0,51.37,0.1,210.0,240.0,747.0,0.0,usda,1
170360,"Fast Foods, Fried Chicken, Wing, meat and skin and breading",21.14,20.09,11.19,310.0,44.57,0.1,220.0,262.0,867.0,0.0,usda,1
170361,"DIGIORNO Pizza, cheese topping, cheese stuffed crust, frozen, baked",13.48,11.68,29.86,279.0,41.78,1.9,354.0,185.0,806.0,1.25,usda,3
170362,"DIGIORNO Pizza, cheese topping, rising crust, frozen, baked",12.8,8.6,31.78,256.0,43.95,2.4,241.0,196.0,696.0,5.0,usda,3
170363,"DIGIORNO Pizza, supreme topping, rising crust, frozen, baked",11.74,10.68,27.93,255.0,46.8,2.3,211.0,210.0,712.0,4.71,usda,3
170364,"DIGIORNO Pizza, supreme topping, thin crispy crust, frozen, baked",11.41,10.8,28.05,255.0,47.31,2.8,187.0,278.0,555.0,1.25,usda,3
170365,"Fast Food, Pizza Chain, 14"" pizza, sausage topping, thick crust",11.06,12.94,30.36,282.0,43.22,2.3,193.0,190.0,637.0,2.82,usda,3
170366,"Fast Food, Pizza Chain, 14"" pizza, sausage topping, thin crust",13.36,17.71,27.0,321.0,38.83,2.5,254.0,225.0,782.0,3.02,usda,3
170367,"Fast Food, Pizza Chain, 14"" pizza, sausage topping, regular crust",11.5,12.35,30.62,280.0,43.06,2.3,193.0,197.0,633.0,3.32,usda,3
170368,"Fast Foods, grilled chicken filet sandwich, with lettuce, tomato and spread",17.34,4.57,16.78,182.0,60.44,0.9,142.0,197.0,427.0,3.08,usda,1
170369,"PIZZA HUT 14"" Pepperoni Pizza, THIN 'N CRISPY Crust",14.13,16.17,32.66,333.0,33.57,2.1,244.0,222.0,967.0,2.79,usda,3
170370,"DOMINO'S 14"" Pepperoni Pizza, Crunchy Thin Crust",13.88,19.05,25.35,328.0,38.53,2.6,263.0,224.0,783.0,3.65,usda,3
170371,"DOMINO'S 14"" Sausage Pizza, Crunchy Thin Crust",12.77,18.52,25.3,319.0,40.38,2.6,270.0,231.0,725.0,3.42,usda,3
170372,"PIZZA HUT 14"" Sausage Pizza, Pan Crust",11.08,13.85,29.56,287.0,43.33,2.0,179.0,192.0,596.0,1.82,usda,3
170373,"Pizza, cheese topping, thin crust, frozen, cooked",11.91,11.07,28.8,263.0,46.01,3.0,215.0,201.0,471.0,3.71,usda,3
170374,"BURGER KING, Double Cheeseburger",16.83,16.13,17.43,282.0,47.37,0.2,168.0,231.0,562.0,4.17,usda,1
170375,"Beet greens, raw",2.2,0.13,4.33,22.0,91.02,3.7,41.0,762.0,226.0,0.5,usda,0
170376,"Beet greens, cooked, boiled, drained, without salt",2.57,0.2,5.46,27.0,89.13,2.9,41.0,909.0,241.0,0.6,usda,0
170377,"Broadbeans, immature seeds, raw",5.6,0.6,11.7,72.0,81.0,4.2,95.0,250.0,50.0,1.25,usda,0
170378,"Broadbeans, immature seeds, cooked, boiled, drained, without salt",4.8,0.5,10.1,62.0,83.7,3.6,73.0,193.0,41.0,1.25,usda,0
170379,"Broccoli, raw",2.82,0.37,6.64,34.0,89.3,2.6,66.0,316.0,33.0,1.7,usda,0
170380,"Broccoli, frozen, spears, cooked, boiled, drained, without salt",3.1,0.11,5.36,28.0,90.72,3.0,55.0,180.0,24.0,1.47,usda,0
170381,"Broccoli raab, raw",3.17,0.49,2.85,22.0,92.55,2.7,73.0,196.0,33.0,0.38,usda,0
170382,"Broccoli raab, cooked",3.83,0.52,3.12,25.0,91.41,2.8,82.0,343.0,56.0,0.62,usda,0
170383,"Brussels sprouts, raw",3.38,0.3,8.95,43.0,86.0,3.8,69.0,389.0,25.0,2.2,usda,0
170384,"Burdock root, cooked, boiled, drained, without salt",2.09,0.14,21.15,88.0,75.64,1.8,93.0,360.0,4.0,3.55,usda,0
170385,"Butterbur, (fuki), raw",0.39,0.04,3.61,14.0,94.5,0.2,12.0,655.0,7.0,1.25,usda,0
170386,"Butterbur, cooked, boiled, drained, without salt",0.23,0.02,2.16,8.0,96.7,0.2,7.0,354.0,4.0,1.25,usda,0
170387,"Butterbur, canned",0.11,0.13,0.38,3.0,97.92,0.2,4.0,12.0,4.0,1.25,usda,0
170388,"Cabbage, savoy, raw",2.0,0.1,6.1,27.0,91.0,3.1,42.0,230.0,28.0,2.27,usda,0
170389,"Cabbage, savoy, cooked, boiled, drained, without salt",1.8,0.09,5.41,24.0,92.0,2.8,33.0,184.0,24.0,1.25,usda,0
170390,"Cabbage, chinese (pak-choi), raw",1.5,0.2,2.18,13.0,95.32,1.0,37.0,252.0,65.0,1.18,usda,0
170391,"Cabbage, chinese (pak-choi), cooked, boiled, drained, without salt",1.56,0.16,1.78,12.0,95.55,1.0,29.0,371.0,34.0,0.83,usda,0
170392,"Cabbage, kimchi",1.1,0.5,2.4,15.0,94.3,1.6,24.0,151.0,498.0,1.06,usda,0
170393,"Carrots, raw",0.93,0.24,9.58,41.0,88.29,2.8,35.0,320.0,69.0,4.74,usda,0
170394,"Carrots, cooked, boiled, drained, without salt",0.76,0.18,8.22,35.0,90.17,3.0,30.0,235.0,58.0,3.45,usda,0
170395,"Carrots, canned, regular pack, solids and liquids",0.58,0.14,5.37,23.0,92.99,1.8,20.0,173.0,240.0,2.46,usda,0
170396,"Carrots, canned, regular pack, drained solids",0.64,0.19,5.54,25.0,92.95,1.5,24.0,179.0,242.0,2.48,usda,0
170397,"Cauliflower, cooked, boiled, drained, without salt",1.84,0.45,4.11,23.0,93.0,2.3,32.0,142.0,15.0,2.08,usda,0
170398,"Cauliflower, frozen, unprepared",2.01,0.27,4.68,24.0,92.51,2.3,35.0,193.0,24.0,2.22,usda,0
170399,"Cauliflower, frozen, cooked, boiled, drained, without salt",1.61,0.22,3.75,19.0,94.0,2.7,24.0,139.0,18.0,1.05,usda,0
170400,"Celeriac, raw",1.5,0.3,9.2,42.0,88.0,1.8,115.0,300.0,100.0,1.6,usda,0
170401,"Chard, swiss, cooked, boiled, drained, without salt",1.88,0.08,4.13,20.0,92.65,2.1,33.0,549.0,179.0,1.1,usda,0
170402,"Chayote, fruit, raw",0.82,0.13,4.51,19.0,94.24,1.7,18.0,125.0,2.0,1.66,usda,0
170403,"Chayote, fruit, cooked, boiled, drained, without salt",0.62,0.48,5.09,24.0,93.43,2.8,29.0,173.0,1.0,1.89,usda,0
170404,"Chicory, witloof, raw",0.9,0.1,4.0,17.0,94.52,3.1,26.0,211.0,2.0,1.25,usda,0
170405,"Chrysanthemum, garland, cooked, boiled, drained, without salt",1.64,0.09,4.31,20.0,92.49,2.3,43.0,569.0,53.0,2.01,usda,0
170406,"Collards, raw",3.02,0.61,5.42,32.0,89.62,4.0,25.0,213.0,17.0,0.46,usda,0
170407,"Collards, cooked, boiled, drained, without salt",2.71,0.72,5.65,33.0,90.18,4.0,32.0,117.0,15.0,0.4,usda,0
170408,"Collards, frozen, chopped, unprepared",2.69,0.37,6.46,33.0,89.53,3.6,27.0,253.0,48.0,1.25,usda,0
170409,"Corn, sweet, yellow, canned, brine pack, regular pack, solids and liquids",1.95,0.77,13.86,61.0,82.61,1.7,46.0,136.0,195.0,4.15,usda,0
170410,"Onions, frozen, chopped, unprepared",0.79,0.1,6.82,29.0,91.99,1.8,22.0,124.0,12.0,1.25,usda,0
170411,"Onions, frozen, chopped, cooked, boiled, drained, without salt",0.77,0.1,6.59,28.0,92.24,1.8,19.0,108.0,12.0,2.9,usda,0
170412,"Onions, frozen, whole, unprepared",0.89,0.06,8.45,35.0,90.22,1.7,23.0,142.0,10.0,3.81,usda,0
170413,"Onions, frozen, whole, cooked, boiled, drained, without salt",0.71,0.05,6.7,28.0,92.24,1.4,2.0,101.0,8.0,2.9,usda,0
170414,"Onion rings, breaded, par fried, frozen, unprepared",3.15,14.1,30.53,258.0,51.22,1.8,49.0,190.0,246.0,1.25,usda,3
170415,"Onion rings, breaded, par fried, frozen, prepared, heated in oven",4.14,14.3,33.79,276.0,46.37,2.2,71.0,123.0,370.0,5.1,usda,3
170416,"Parsley, fresh",2.97,0.79,6.33,36.0,87.71,3.3,58.0,554.0,56.0,0.85,usda,0
170417,"Parsnips, raw",1.2,0.3,17.99,75.0,79.53,4.9,71.0,375.0,10.0,4.8,usda,0
170418,"Peas, edible-podded, frozen, cooked, boiled, drained, without salt",3.5,0.38,9.02,52.0,86.6,3.1,58.0,217.0,5.0,4.82,usda,0
170419,"Peas, green, raw",5.42,0.4,14.45,81.0,78.86,5.7,108.0,244.0,5.0,5.67,usda,0
170420,"Peas, green, cooked, boiled, drained, without salt",5.36,0.22,15.63,84.0,77.87,5.5,117.0,271.0,3.0,5.93,usda,0
170421,"Peas, green, canned, regular pack, solids and liquids",3.01,0.48,10.6,58.0,85.13,3.3,63.0,106.0,185.0,3.2,usda,0
170422,"Peas, mature seeds, sprouted, raw",8.8,0.68,27.11,124.0,62.27,0.2,165.0,381.0,20.0,1.25,usda,0
170423,"Peas, mature seeds, sprouted, cooked, boiled, drained, without salt",7.05,0.51,17.08,98.0,74.37,0.2,24.0,268.0,3.0,1.25,usda,0
170424,"Peas and carrots, canned, regular pack, solids and liquids",2.17,0.27,8.48,38.0,88.15,2.0,46.0,100.0,260.0,1.25,usda,0
170425,"Peas and carrots, frozen, unprepared",3.4,0.47,11.15,53.0,84.36,3.4,60.0,194.0,79.0,1.25,usda,0
170426,"Peppers, hot chili, green, canned, pods, excluding seeds, solids and liquids",0.9,0.1,5.1,21.0,92.5,1.3,17.0,187.0,1173.0,3.12,usda,0
170427,"Peppers, sweet, green, raw",0.86,0.17,4.64,20.0,93.89,1.7,20.0,175.0,3.0,2.4,usda,0
170428,"Peppers, sweet, green, cooked, boiled, drained, without salt",0.92,0.2,6.7,28.0,91.87,1.2,18.0,166.0,2.0,3.19,usda,0
170429,"Peppers, sweet, green, canned, solids and liquids",0.8,0.3,3.9,18.0,91.25,1.2,20.0,146.0,1369.0,1.25,usda,0
170430,"Pigeonpeas, immature seeds, cooked, boiled, drained, without salt",5.96,1.36,19.49,111.0,71.8,4.2,118.0,456.0,5.0,2.48,usda,0
170431,Poi,0.38,0.14,27.23,112.0,71.64,0.4,39.0,183.0,12.0,0.39,usda,0
170432,"Pokeberry shoots, (poke), raw",2.6,0.4,3.7,23.0,91.6,1.7,44.0,242.0,23.0,1.25,usda,0
170433,"Pokeberry shoots, (poke), cooked, boiled, drained, without salt",2.3,0.4,3.1,20.0,92.9,1.5,33.0,184.0,18.0,1.6,usda,0
170434,"Potatoes, white, flesh and skin, baked",2.1,0.15,21.08,92.0,75.43,2.1,75.0,544.0,7.0,1.53,usda,0
170435,"Potatoes, red, flesh and skin, baked",2.3,0.15,19.59,87.0,76.67,1.8,72.0,545.0,12.0,1.43,usda,0
170436,"Potatoes, french fried, crinkle or regular cut, salt added in processing, frozen, as purchased",2.34,4.99,23.96,146.0,67.11,2.0,81.0,380.0,349.0,0.21,usda,3
170437,"Potatoes, french fried, crinkle or regular cut, salt added in processing, frozen, oven-heated",2.51,5.13,27.5,161.0,63.07,2.3,97.0,471.0,391.0,0.29,usda,3
170438,"Potatoes, boiled, cooked in skin, flesh, without salt",1.87,0.1,20.13,87.0,76.98,1.8,44.0,379.0,4.0,0.91,usda,0
170439,"Potatoes, boiled, cooked in skin, skin, without salt",2.86,0.1,17.21,78.0,77.8,3.3,54.0,407.0,14.0,1.25,usda,0
170440,"Potatoes, boiled, cooked without skin, flesh, without salt",1.71,0.1,20.01,86.0,77.46,1.8,40.0,328.0,5.0,0.89,usda,0
170441,"Potatoes, microwaved, cooked in skin, flesh, without salt",2.1,0.1,23.28,100.0,73.55,1.6,109.0,411.0,7.0,1.25,usda,0
170442,"Potatoes, au gratin, home-prepared from recipe using butter",5.06,7.59,11.26,134.0,74.0,1.8,113.0,396.0,433.0,1.25,usda,1
170443,"Potatoes, canned, solids and liquids",1.2,0.11,9.89,44.0,87.83,1.4,22.0,205.0,217.0,1.25,usda,0
170444,"Potatoes, canned, drained solids",1.41,0.21,13.61,60.0,84.28,2.3,28.0,229.0,219.0,1.25,usda,0
170445,"Potatoes, mashed, dehydrated, flakes without milk, dry form",8.34,0.41,81.17,354.0,6.58,6.6,156.0,1098.0,77.0,3.36,usda,3
170446,"Potatoes, mashed, dehydrated, prepared from flakes without milk, whole milk and butter added",1.77,5.13,10.87,97.0,81.2,0.8,39.0,164.0,164.0,1.61,usda,0
170447,"Potatoes, au gratin, dry mix, unprepared",8.9,3.7,74.31,314.0,4.97,4.1,404.0,990.0,2095.0,1.25,usda,3
170448,"Potatoes, au gratin, dry mix, prepared with water, whole milk and butter",2.3,4.12,12.84,93.0,78.98,0.9,95.0,219.0,439.0,1.25,usda,0
170449,"Potatoes, scalloped, dry mix, unprepared",7.77,4.59,73.93,358.0,6.22,8.6,197.0,905.0,1578.0,1.25,usda,3
170450,"Potatoes, scalloped, dry mix, prepared with water, whole milk and butter",2.12,4.3,12.77,93.0,79.17,1.1,56.0,203.0,341.0,1.25,usda,0
170451,"Potatoes, french fried, shoestring, salt added in processing, frozen, as purchased",2.16,6.24,25.59,163.0,64.51,2.3,90.0,379.0,323.0,0.2,usda,3
170452,"Potatoes, french fried, shoestring, salt added in processing, frozen, oven-heated",2.9,6.76,31.66,194.0,56.62,2.8,112.0,505.0,400.0,0.31,usda,3
170453,"Potatoes, o'brien, frozen, unprepared",1.83,0.14,17.47,76.0,79.97,1.9,49.0,249.0,33.0,1.25,usda,0
170454,"Potatoes, o'brien, frozen, prepared",2.22,13.21,21.86,204.0,61.96,1.7,93.0,473.0,43.0,1.25,usda,3
170455,"Taro, tahitian, cooked, without salt",4.16,0.68,6.85,44.0,86.46,0.2,67.0,623.0,54.0,1.25,usda,0
170456,"Tomatoes, green, raw",1.2,0.2,5.1,23.0,93.0,1.1,28.0,204.0,13.0,4.0,usda,0
170457,"Tomatoes, red, ripe, raw, year round average",0.88,0.2,3.89,18.0,94.52,1.2,24.0,237.0,5.0,2.63,usda,0
170458,"Tomato juice, canned, with salt added",0.85,0.29,3.53,17.0,94.24,0.4,19.0,217.0,253.0,2.58,usda,0
170459,"Tomato products, canned, paste, without salt added (Includes foods for USDA's Food Distribution Program)",4.32,0.47,18.91,82.0,73.5,4.1,83.0,1014.0,59.0,12.18,usda,0
170460,"Tomato products, canned, puree, without salt added",1.65,0.21,8.98,38.0,87.88,1.9,40.0,439.0,28.0,4.83,usda,0
170461,Tomato powder,12.91,0.44,74.68,302.0,3.06,16.5,295.0,1927.0,134.0,43.9,usda,3
170462,"Tomato products, canned, sauce, with onions, green peppers, and celery",0.94,0.74,8.77,41.0,88.28,1.4,38.0,398.0,368.0,7.36,usda,0
170463,"Tomato products, canned, sauce, with tomato tidbits",1.32,0.39,7.09,32.0,89.09,1.4,42.0,373.0,15.0,1.25,usda,0
170464,"Tree fern, cooked, without salt",0.29,0.07,10.98,40.0,88.6,3.7,4.0,5.0,5.0,1.25,usda,0
170465,"Turnips, raw",0.9,0.1,6.43,28.0,91.87,1.8,27.0,191.0,67.0,3.8,usda,0
170466,"Turnip greens, cooked, boiled, drained, without salt",1.14,0.23,4.36,20.0,93.2,3.5,29.0,203.0,29.0,0.53,usda,0
170467,"Turnip greens, canned, solids and liquids",1.36,0.3,2.42,14.0,94.69,1.7,21.0,141.0,277.0,1.25,usda,0
170468,"Turnip greens, frozen, unprepared",2.47,0.31,3.67,22.0,92.93,2.5,27.0,184.0,12.0,1.25,usda,0
170469,"Turnip greens, frozen, cooked, boiled, drained, without salt",3.35,0.42,4.98,29.0,90.4,3.4,34.0,224.0,15.0,0.75,usda,0
170470,"Turnip greens and turnips, frozen, unprepared",2.46,0.19,3.39,21.0,93.13,2.4,24.0,82.0,18.0,1.25,usda,0
170471,"Vegetables, mixed, frozen, unprepared",3.33,0.52,13.47,72.0,82.08,4.0,59.0,212.0,47.0,1.25,usda,0
170472,"Vegetables, mixed, frozen, cooked, boiled, drained, without salt",2.86,0.15,13.09,65.0,83.23,4.4,51.0,169.0,35.0,3.12,usda,0
170473,"Vegetable juice cocktail, low sodium, canned",0.91,0.32,3.83,19.0,94.13,0.5,19.0,204.0,55.0,2.78,usda,0
170474,"Vinespinach, (basella), raw",1.8,0.3,3.4,19.0,93.1,0.2,52.0,510.0,24.0,1.25,usda,0
170475,"Waxgourd, (chinese preserving melon), cooked, boiled, drained, without salt",0.4,0.2,3.04,14.0,96.06,1.0,17.0,5.0,107.0,1.18,usda,0
170476,"Winged beans, immature seeds, raw",6.95,0.87,4.31,49.0,87.04,0.2,37.0,223.0,4.0,1.25,usda,0
170477,"Winged beans, immature seeds, cooked, boiled, drained, without salt",5.31,0.66,3.21,38.0,90.11,0.2,25.0,274.0,4.0,1.25,usda,0
170478,"Winged bean leaves, raw",5.85,1.1,14.1,74.0,76.85,0.2,63.0,176.0,9.0,1.25,usda,0
170479,"Beets, harvard, canned, solids and liquids",0.84,0.06,18.18,73.0,80.16,2.5,17.0,164.0,162.0,1.25,usda,0
170480,"Beets, pickled, canned, solids and liquids",0.8,0.08,16.28,65.0,81.88,0.8,17.0,115.0,149.0,11.05,usda,0
170481,"Borage, raw",1.8,0.7,3.06,21.0,93.0,0.2,53.0,470.0,80.0,1.25,usda,0
170482,"Borage, cooked, boiled, drained, without salt",2.09,0.81,3.55,25.0,91.88,0.2,55.0,491.0,88.0,1.25,usda,0
170483,"Drumstick pods, raw",2.1,0.2,8.53,37.0,88.2,3.2,50.0,461.0,42.0,1.25,usda,0
170484,"Drumstick pods, cooked, boiled, drained, without salt",2.09,0.19,8.18,36.0,88.42,4.2,49.0,457.0,43.0,1.25,usda,0
170485,"Leeks, (bulb and lower-leaf portion), freeze-dried",15.2,2.1,74.65,321.0,2.0,10.4,346.0,2400.0,35.0,1.25,usda,3
170486,"Parsley, freeze-dried",31.3,5.2,42.38,271.0,2.0,32.7,548.0,6300.0,391.0,1.25,usda,3
170487,"Squash, summer, all varieties, raw",1.21,0.18,3.35,16.0,94.64,1.1,38.0,262.0,2.0,2.2,usda,0
170488,"Squash, summer, all varieties, cooked, boiled, drained, without salt",0.91,0.31,4.31,20.0,93.7,1.4,39.0,192.0,1.0,2.59,usda,0
170489,"Squash, winter, all varieties, raw",0.95,0.13,8.59,34.0,89.76,1.5,23.0,350.0,4.0,2.2,usda,0
170490,"Squash, winter, all varieties, cooked, baked, without salt",0.89,0.35,8.85,37.0,89.21,2.8,19.0,241.0,1.0,3.3,usda,0
170491,"Carrot juice, canned",0.95,0.15,9.28,40.0,88.87,0.8,42.0,292.0,66.0,3.91,usda,0
170492,"Corn pudding, home prepared",4.42,5.04,16.97,131.0,72.33,1.2,90.0,176.0,282.0,6.59,usda,3
170493,"Potatoes, mashed, home-prepared, whole milk added",1.91,0.57,17.57,83.0,78.48,1.5,46.0,296.0,302.0,1.48,usda,0
170494,Spinach souffle,7.89,12.95,5.9,172.0,70.73,0.7,139.0,231.0,566.0,1.85,usda,1
170495,"Seaweed, spirulina, dried",57.47,7.72,23.9,290.0,4.68,3.6,118.0,1363.0,1048.0,3.1,usda,3
170496,"Seaweed, wakame, raw",3.03,0.64,9.14,45.0,79.99,0.5,80.0,50.0,872.0,0.65,usda,0
170497,"Peppers, hot chili, green, raw",2.0,0.2,9.46,40.0,87.74,1.5,46.0,340.0,7.0,5.1,usda,0
170498,"Potatoes, o'brien, home-prepared",2.35,1.28,15.47,81.0,79.6,0.2,50.0,266.0,217.0,1.25,usda,0
170499,"Shallots, raw",2.5,0.1,16.8,72.0,79.8,3.2,60.0,334.0,12.0,7.87,usda,0
170500,"Carrot, dehydrated",8.1,1.49,79.57,341.0,4.0,23.6,346.0,2540.0,275.0,38.82,usda,3
170501,"Tomatoes, crushed, canned",1.64,0.28,7.29,32.0,89.44,1.9,32.0,293.0,186.0,4.4,usda,0
170502,"Tomatoes, orange, raw",1.16,0.19,3.18,16.0,94.78,0.9,29.0,212.0,42.0,1.25,usda,0
170503,"Mustard greens, cooked, boiled, drained, with salt",2.56,0.47,4.51,26.0,91.78,2.0,42.0,162.0,252.0,1.41,usda,0
170504,"Mustard greens, frozen, cooked, boiled, drained, with salt",2.27,0.25,3.11,19.0,93.8,2.8,24.0,139.0,261.0,0.32,usda,0
170505,"Mustard spinach, (tendergreen), cooked, boiled, drained, with salt",1.7,0.2,2.8,16.0,94.5,2.0,18.0,285.0,250.0,1.25,usda,0
170506,"New zealand spinach, cooked, boiled, drained, with salt",1.3,0.17,2.13,12.0,94.8,1.4,22.0,102.0,343.0,0.25,usda,0
170507,"Onions, frozen, whole, cooked, boiled, drained, with salt",0.71,0.05,6.11,26.0,92.24,1.4,2.0,101.0,244.0,2.9,usda,0
170508,"Parsnips, cooked, boiled, drained, with salt",1.32,0.3,17.01,71.0,80.24,4.0,69.0,367.0,246.0,4.8,usda,0
170509,"Peas, edible-podded, cooked, boiled, drained, with salt",3.27,0.23,6.46,40.0,88.91,2.8,55.0,240.0,240.0,3.99,usda,0
170510,"Peas, edible-podded, frozen, cooked, boiled, drained, with salt",3.5,0.38,8.43,50.0,86.6,3.1,58.0,217.0,241.0,4.82,usda,0
170511,"Peas, mature seeds, sprouted, cooked, boiled, drained, with salt",7.05,0.51,17.08,98.0,74.37,0.2,24.0,268.0,239.0,1.25,usda,0
170512,"Peas and carrots, canned, no salt added, solids and liquids",2.17,0.27,8.48,38.0,88.15,3.3,46.0,100.0,4.0,2.83,usda,0
170513,"Peas and carrots, frozen, cooked, boiled, drained, with salt",3.09,0.42,10.12,48.0,85.8,3.1,49.0,158.0,304.0,4.36,usda,0
170514,"Peas and onions, frozen, cooked, boiled, drained, with salt",2.54,0.2,8.63,45.0,88.18,2.2,34.0,117.0,273.0,3.77,usda,0
170515,"Peppers, sweet, red, cooked, boiled, drained, with salt",0.92,0.2,6.11,26.0,91.87,1.2,18.0,166.0,238.0,4.39,usda,0
170516,"Peppers, sweet, green, frozen, chopped, cooked, boiled, drained, with salt",0.95,0.18,3.31,16.0,94.7,0.9,13.0,72.0,240.0,1.25,usda,0
170517,"Pigeonpeas, immature seeds, cooked, boiled, drained, with salt",5.96,1.36,19.49,111.0,71.8,4.2,118.0,456.0,240.0,2.48,usda,3
170518,"Pokeberry shoots, (poke), cooked, boiled, drained, with salt",2.3,0.4,3.1,20.0,92.9,1.5,33.0,184.0,254.0,1.6,usda,0
170519,"Potatoes, boiled, cooked in skin, skin, with salt",2.86,0.1,17.2,78.0,77.8,3.3,54.0,407.0,250.0,1.25,usda,0
170520,"Potatoes, boiled, cooked without skin, flesh, with salt",1.71,0.1,20.01,86.0,77.46,2.0,40.0,328.0,241.0,0.89,usda,0
170521,"Potatoes, microwaved, cooked, in skin, flesh and skin, with salt",2.44,0.1,24.24,105.0,72.04,2.3,105.0,447.0,244.0,1.25,usda,0
170522,"Potatoes, microwaved, cooked in skin, flesh, with salt",2.1,0.1,23.28,100.0,73.55,1.6,109.0,411.0,243.0,1.25,usda,0
170523,"Potatoes, french fried, all types, salt not added in processing, frozen, as purchased",2.24,4.66,24.81,147.0,66.61,1.9,83.0,408.0,23.0,0.2,usda,0
170524,"Potatoes, au gratin, home-prepared from recipe using margarine",5.06,7.59,11.27,132.0,74.0,1.8,113.0,396.0,433.0,1.25,usda,1
170525,"Potatoes, scalloped, home-prepared with margarine",2.87,3.68,10.78,88.0,80.94,1.9,63.0,378.0,335.0,1.25,usda,0
170526,"Pumpkin, cooked, boiled, drained, with salt",0.72,0.07,4.31,18.0,93.69,1.1,30.0,230.0,237.0,2.08,usda,0
170527,"Pumpkin, canned, with salt",1.1,0.28,8.09,34.0,89.97,2.9,35.0,206.0,241.0,3.3,usda,0
170528,"Rutabagas, cooked, boiled, drained, with salt",0.93,0.18,6.84,30.0,91.54,1.8,41.0,216.0,254.0,3.95,usda,0
170529,"Salsify, cooked, boiled, drained, with salt",2.73,0.17,15.36,68.0,81.0,3.1,56.0,283.0,252.0,2.9,usda,0
170530,"Soybeans, green, cooked, boiled, drained, with salt",12.35,6.4,11.05,141.0,68.6,4.2,158.0,539.0,250.0,1.25,usda,3
170531,"Spinach, cooked, boiled, drained, with salt",2.97,0.26,3.75,23.0,91.21,2.4,56.0,466.0,306.0,0.43,usda,0
170532,"Squash, summer, crookneck and straightneck, frozen, cooked, boiled, drained, with salt",1.28,0.2,5.54,25.0,92.24,1.4,41.0,253.0,242.0,2.33,usda,0
170533,"Squash, summer, scallop, cooked, boiled, drained, with salt",1.03,0.17,3.3,16.0,95.0,1.9,28.0,140.0,237.0,1.5,usda,0
170534,"Squash, summer, zucchini, includes skin, cooked, boiled, drained, with salt",1.14,0.36,2.69,15.0,95.22,1.0,37.0,264.0,239.0,1.71,usda,0
170535,"Squash, summer, zucchini, includes skin, frozen, cooked, boiled, drained, with salt",1.15,0.13,2.97,14.0,94.74,1.3,25.0,194.0,238.0,1.69,usda,0
170536,"Squash, winter, butternut, frozen, cooked, boiled, with salt",1.23,0.07,10.04,39.0,87.8,0.2,14.0,133.0,238.0,1.25,usda,0
170537,"Squash, winter, hubbard, baked, with salt",2.48,0.62,10.81,50.0,85.1,4.9,23.0,358.0,244.0,4.9,usda,0
170538,"Squash, winter, hubbard, cooked, boiled, mashed, with salt",1.48,0.37,6.46,30.0,91.1,2.9,14.0,214.0,241.0,2.93,usda,0
170540,"Succotash, (corn and limas), cooked, boiled, drained, with salt",5.07,0.8,24.37,111.0,68.37,0.2,117.0,410.0,253.0,1.25,usda,0
170541,"Sweet potato, cooked, boiled, without skin, with salt",1.37,0.14,17.72,76.0,80.13,2.5,32.0,230.0,263.0,5.74,usda,0
170542,"Sweet potato, frozen, cooked, baked, with salt",1.71,0.12,23.4,100.0,73.7,1.8,44.0,377.0,244.0,1.25,usda,0
170543,"Taro, cooked, with salt",0.52,0.11,34.6,142.0,63.8,5.1,76.0,484.0,251.0,0.49,usda,0
170544,"Taro, leaves, cooked, steamed, with salt",2.72,0.41,3.89,24.0,92.15,2.0,27.0,460.0,238.0,1.25,usda,0
170545,"Tomato juice, canned, without salt added",0.85,0.29,3.53,17.0,94.24,0.4,19.0,217.0,10.0,2.58,usda,0
170546,"Tomato products, canned, puree, with salt added",1.65,0.21,8.98,38.0,87.88,1.9,40.0,439.0,202.0,4.83,usda,0
170547,"Turnips, cooked, boiled, drained, with salt",0.71,0.08,5.06,22.0,93.6,2.0,19.0,135.0,286.0,2.99,usda,0
170548,"Turnips, frozen, cooked, boiled, drained, with salt",1.53,0.24,3.73,21.0,93.6,2.0,26.0,182.0,272.0,1.73,usda,0
170549,"Waxgourd, (chinese preserving melon), cooked, boiled, drained, with salt",0.4,0.2,2.45,11.0,96.06,1.0,17.0,5.0,343.0,1.18,usda,0
170550,"Winged bean, immature seeds, cooked, boiled, drained, with salt",5.31,0.66,3.21,37.0,90.11,0.2,25.0,274.0,240.0,1.25,usda,0
170551,"Yam, cooked, boiled, drained, or baked, with salt",1.49,0.14,26.99,114.0,70.13,3.9,49.0,670.0,244.0,0.49,usda,0
170552,"Seeds, breadnut tree seeds, raw",5.97,0.99,46.28,217.0,45.0,0.2,67.0,1183.0,31.0,1.25,usda,0
170553,"Seeds, breadnut tree seeds, dried",8.62,1.68,79.39,367.0,6.5,14.9,178.0,2011.0,53.0,1.25,usda,3
170554,"Seeds, chia seeds, dried",16.54,30.74,42.12,486.0,5.8,34.4,860.0,407.0,16.0,1.25,usda,3
170555,"Seeds, cottonseed flour, partially defatted (glandless)",40.96,6.2,40.54,359.0,6.3,3.0,1597.0,1772.0,35.0,1.25,usda,3
170556,"Seeds, pumpkin and squash seed kernels, dried",30.23,49.05,10.71,559.0,5.23,6.0,1233.0,809.0,7.0,1.4,usda,3
170557,"Seeds, pumpkin and squash seed kernels, roasted, without salt",29.84,49.05,14.71,574.0,2.03,6.5,1174.0,788.0,18.0,1.29,usda,3
170558,"Seeds, safflower seed kernels, dried",16.18,38.45,34.29,517.0,5.62,0.2,644.0,687.0,3.0,1.25,usda,3
170559,"Seeds, safflower seed meal, partially defatted",35.62,2.39,48.73,342.0,6.41,0.2,638.0,68.0,3.0,1.25,usda,3
170560,"Seeds, sesame flour, low-fat",50.14,1.75,35.51,333.0,7.1,0.2,757.0,397.0,39.0,1.25,usda,3
170561,"Seeds, sesame meal, partially defatted",16.96,48.0,26.04,567.0,5.0,0.2,774.0,406.0,39.0,1.25,usda,3
170562,"Seeds, sunflower seed kernels, dried",20.78,51.46,20.0,584.0,4.73,8.6,660.0,645.0,9.0,2.62,usda,3
170563,"Seeds, sunflower seed kernels, dry roasted, without salt",19.33,49.8,24.07,582.0,1.2,11.1,1155.0,850.0,3.0,2.73,usda,3
170564,"Seeds, sunflower seed kernels, oil roasted, without salt",20.06,51.3,22.89,592.0,1.54,10.6,1139.0,483.0,3.0,3.11,usda,3
170565,"Nuts, acorns, dried",8.1,31.41,53.66,509.0,5.06,0.2,103.0,709.0,0.0,1.25,usda,3
170566,"Nuts, acorn flour, full fat",7.49,30.17,54.65,501.0,6.0,0.2,103.0,712.0,0.0,1.25,usda,3
170567,"Nuts, almonds",21.15,49.93,21.55,579.0,4.41,12.5,481.0,733.0,1.0,4.35,usda,3
170568,"Nuts, almonds, blanched",21.4,52.52,18.67,590.0,4.51,9.9,481.0,659.0,19.0,4.63,usda,3
170569,"Nuts, brazilnuts, dried, unblanched",14.32,67.1,11.74,659.0,3.42,7.5,725.0,659.0,3.0,2.33,usda,3
170570,"Nuts, butternuts, dried",24.9,56.98,12.05,612.0,3.34,4.7,446.0,421.0,1.0,1.25,usda,3
170571,"Nuts, cashew nuts, dry roasted, without salt added",15.31,46.35,32.69,574.0,1.7,3.0,490.0,565.0,16.0,5.01,usda,3
170572,"Nuts, cashew nuts, oil roasted, without salt added",16.84,47.77,29.87,580.0,3.48,3.3,531.0,632.0,13.0,5.01,usda,3
170573,"Nuts, chestnuts, chinese, roasted",4.48,1.19,52.36,239.0,40.2,0.2,102.0,477.0,4.0,1.25,usda,0
170574,"Nuts, chestnuts, european, raw, unpeeled",2.42,2.26,45.54,213.0,48.65,8.1,93.0,518.0,3.0,1.25,usda,3
170575,"Nuts, chestnuts, european, raw, peeled",1.63,1.25,44.17,196.0,52.0,0.2,38.0,484.0,2.0,1.25,usda,0
170576,"Nuts, chestnuts, european, dried, unpeeled",6.39,4.45,77.31,374.0,9.45,11.7,175.0,986.0,37.0,1.25,usda,3
170577,"Nuts, coconut meat, dried (desiccated), sweetened, flaked, packaged",3.13,27.99,51.85,456.0,15.46,9.9,100.0,361.0,285.0,36.75,usda,3
170578,"Nuts, coconut meat, dried (desiccated), sweetened, flaked, canned",3.35,31.69,40.91,443.0,23.27,4.5,103.0,324.0,20.0,1.25,usda,3
170579,"Nuts, coconut meat, dried (desiccated), toasted",5.3,47.0,44.4,592.0,1.0,0.2,211.0,554.0,37.0,1.25,usda,3
170580,"Nuts, coconut cream, raw (liquid expressed from grated meat)",3.63,34.68,6.65,330.0,53.9,2.2,122.0,325.0,4.0,1.25,usda,3
170581,"Nuts, hazelnuts or filberts",14.95,60.75,16.7,628.0,5.31,9.7,290.0,680.0,0.0,4.34,usda,3
170582,"Nuts, hazelnuts or filberts, blanched",13.7,61.15,17.0,629.0,5.79,11.0,310.0,658.0,0.0,3.49,usda,3
170583,"Nuts, hazelnuts or filberts, dry roasted, without salt added",15.03,62.4,17.6,646.0,2.52,9.4,310.0,755.0,0.0,4.89,usda,3
170584,"Nuts, ginkgo nuts, raw",4.32,1.68,37.6,182.0,55.2,0.2,124.0,510.0,7.0,1.25,usda,0
170585,"Nuts, mixed nuts, dry roasted, with peanuts, without salt added",19.5,53.5,22.42,607.0,2.13,6.4,438.0,643.0,4.0,5.0,usda,3
170586,"Nuts, mixed nuts, dry roasted, with peanuts, salt added, PLANTERS pistachio blend",23.28,47.52,23.07,572.0,2.87,8.1,493.0,758.0,232.0,4.45,usda,3
170587,"Nuts, mixed nuts, oil roasted, with peanuts, without salt added",20.04,53.95,21.05,607.0,2.08,7.0,456.0,632.0,5.0,4.15,usda,3
170588,"Nuts, mixed nuts, oil roasted, without peanuts, without salt added",15.52,56.17,22.27,615.0,3.15,5.5,449.0,544.0,11.0,1.25,usda,3
170589,"Nuts, pecans, oil roasted, without salt added",9.2,75.23,13.01,715.0,1.13,9.5,263.0,392.0,1.0,3.97,usda,3
170590,"Nuts, pilinuts, dried",10.8,79.55,3.98,719.0,2.77,0.2,575.0,507.0,3.0,1.25,usda,3
170591,"Nuts, pine nuts, dried",13.69,68.37,13.08,673.0,2.28,3.7,575.0,597.0,2.0,3.59,usda,3
170592,"Nuts, pine nuts, pinyon, dried",11.57,60.98,19.3,629.0,5.9,10.7,35.0,628.0,72.0,1.25,usda,3
170594,"Nuts, walnuts, dry roasted, with salt added",14.29,60.71,17.86,643.0,4.39,7.1,329.0,459.0,643.0,3.57,usda,3
170595,"Seeds, breadfruit seeds, roasted",6.2,2.7,40.1,207.0,49.7,6.0,175.0,1082.0,28.0,1.25,usda,3
170596,"Seeds, cottonseed kernels, roasted (glandless)",32.59,36.29,21.9,506.0,4.65,5.5,800.0,1350.0,25.0,1.25,usda,3
170597,"Beef, variety meats and by-products, spleen, cooked, braised",25.1,4.2,0.0,145.0,69.98,0.0,305.0,284.0,57.0,1.25,usda,1
170598,"Beef, variety meats and by-products, tongue, cooked, simmered",19.29,22.3,0.0,284.0,57.87,0.0,145.0,184.0,65.0,0.0,usda,1
170599,"Beef, variety meats and by-products, tripe, raw",12.07,3.69,0.0,85.0,84.16,0.0,64.0,67.0,97.0,0.0,usda,1
170600,"Beef, sandwich steaks, flaked, chopped, formed and thinly sliced, raw",16.5,27.0,0.0,309.0,56.0,0.0,133.0,233.0,68.0,0.0,usda,1
170601,"Beef, brisket, flat half, separable lean only, trimmed to 0"" fat, choice, cooked, braised",32.62,8.07,0.0,212.0,59.18,0.0,198.0,256.0,52.0,0.0,usda,1
170602,"Beef, cured, corned beef, canned",27.1,14.93,0.0,250.0,57.72,0.0,111.0,136.0,897.0,0.0,usda,1
170603,"Beef, chuck, under blade pot roast or steak, boneless, separable lean only, trimmed to 0"" fat, select, raw",21.03,5.41,0.19,134.0,72.3,0.0,206.0,380.0,81.0,0.0,usda,1
170604,"Beef, cured, dried",31.1,1.94,2.76,153.0,53.8,0.0,181.0,235.0,2790.0,2.7,usda,1
170605,"Beef, chuck, under blade center steak, boneless, Denver Cut, separable lean only, trimmed to 0"" fat, all grades, cooked, grilled",26.5,12.64,0.14,220.0,59.72,0.0,205.0,314.0,73.0,0.0,usda,1
170606,"Sausage, beef, cured, cooked, smoked",14.11,26.91,2.42,312.0,53.56,0.0,105.0,176.0,1131.0,1.25,usda,1
170607,"Beef, chopped, cured, smoked",20.19,4.42,1.86,133.0,68.93,0.0,181.0,377.0,1258.0,1.25,usda,1
170608,"Beef, chuck, under blade center steak, boneless, Denver Cut, separable lean only, trimmed to 0"" fat, choice, raw",19.23,10.96,0.67,178.0,68.24,0.0,180.0,317.0,76.0,0.0,usda,1
170609,"Beef, composite of trimmed retail cuts, separable lean and fat, trimmed to 0"" fat, all grades, cooked",28.4,12.42,0.0,230.0,58.61,0.0,224.0,323.0,62.0,0.0,usda,1
170610,"Beef, composite of trimmed retail cuts, separable lean only, trimmed to 0"" fat, select, cooked",29.88,7.12,0.0,188.0,62.48,0.0,237.0,346.0,64.0,0.0,usda,1
170611,"Beef, brisket, whole, separable lean and fat, trimmed to 0"" fat, all grades, cooked, braised",26.79,19.52,0.0,291.0,51.54,0.0,216.0,259.0,65.0,0.0,usda,1
170612,"Beef, brisket, whole, separable lean only, trimmed to 0"" fat, all grades, cooked, braised",29.75,10.08,0.0,218.0,57.71,0.0,241.0,285.0,70.0,0.0,usda,1
170613,"Beef, brisket, flat half, separable lean and fat, trimmed to 0"" fat, all grades, cooked, braised",32.9,8.01,0.0,213.0,58.9,0.0,200.0,264.0,54.0,0.0,usda,1
170614,"Beef, chuck, arm pot roast, separable lean and fat, trimmed to 0"" fat, select, cooked, braised",29.23,17.56,0.0,283.0,53.44,0.0,178.0,235.0,48.0,0.0,usda,1
170615,"Beef, chuck, arm pot roast, separable lean only, trimmed to 0"" fat, choice, cooked, braised",33.36,7.67,0.0,212.0,58.83,0.0,202.0,262.0,54.0,0.0,usda,1
170616,"Beef, chuck, arm pot roast, separable lean only, trimmed to 0"" fat, select, cooked, braised",33.37,5.8,0.0,195.0,61.2,0.0,207.0,270.0,55.0,0.0,usda,1
170617,"Beef, chuck, blade roast, separable lean and fat, trimmed to 0"" fat, all grades, cooked, braised",27.18,24.14,0.0,334.0,47.92,0.0,205.0,236.0,65.0,0.0,usda,1
170618,"Beef, chuck, under blade pot roast, boneless, separable lean and fat, trimmed to 0"" fat, choice, cooked, braised",26.39,21.48,0.0,306.0,51.93,0.0,174.0,262.0,61.0,0.0,usda,1
170619,"Beef, rib, large end (ribs 6-9), separable lean and fat, trimmed to 0"" fat, choice, cooked, roasted",22.8,30.49,0.0,372.0,46.1,0.0,172.0,290.0,64.0,1.25,usda,1
170620,"Beef, rib, large end (ribs 6-9), separable lean and fat, trimmed to 0"" fat, select, cooked, roasted",23.48,25.54,0.0,331.0,49.53,0.0,177.0,300.0,65.0,1.25,usda,1
170621,"Beef, rib, large end (ribs 6-9), separable lean only, trimmed to 0"" fat, all grades, cooked, roasted",27.53,13.4,0.0,238.0,57.9,0.0,209.0,357.0,73.0,0.0,usda,1
170622,"Beef, rib, large end (ribs 6-9), separable lean only, trimmed to 0"" fat, choice, cooked, roasted",27.53,15.0,0.0,253.0,56.8,0.0,209.0,357.0,73.0,1.25,usda,1
170623,"Beef, rib, small end (ribs 10-12), separable lean only, trimmed to 0"" fat, all grades, cooked, broiled",29.41,7.53,0.0,193.0,62.59,0.0,233.0,376.0,61.0,0.0,usda,1
170624,"Beef, rib, small end (ribs 10-12), separable lean only, trimmed to 0"" fat, choice, cooked, broiled",28.04,11.7,0.0,225.0,58.7,0.0,208.0,394.0,69.0,1.25,usda,1
170625,"Beef, rib, small end (ribs 10-12), separable lean only, trimmed to 0"" fat, select, cooked, broiled",28.04,8.7,0.0,198.0,60.3,0.0,208.0,394.0,69.0,1.25,usda,1
170626,"Beef, round, bottom round, steak, separable lean and fat, trimmed to 0"" fat, all grades, cooked, braised",33.56,8.86,0.0,223.0,57.33,0.0,208.0,271.0,44.0,0.0,usda,1
170627,"Beef, round, bottom round, roast, separable lean and fat, trimmed to 0"" fat, select, cooked, roasted",28.08,6.06,0.0,175.0,65.37,0.0,179.0,232.0,37.0,0.0,usda,1
170628,"Beef, round, bottom round, steak, separable lean only, trimmed to 0"" fat, all grades, cooked, braised",34.0,7.67,0.0,214.0,58.09,0.0,214.0,278.0,44.0,0.0,usda,1
170629,"Beef, round, bottom round, roast, separable lean only, trimmed to 0"" fat, all grades, cooked, roasted",27.76,6.48,0.0,177.0,65.37,0.0,176.0,228.0,36.0,0.0,usda,1
170630,"Beef, round, bottom round, steak, separable lean only, trimmed to 0"" fat, choice, cooked, braised",33.08,9.03,0.0,223.0,57.36,0.0,209.0,271.0,43.0,0.0,usda,1
170631,"Beef, round, bottom round, roast, separable lean only, trimmed to 0"" fat, choice, cooked, roasted",27.23,7.63,0.0,185.0,64.83,0.0,172.0,222.0,36.0,0.0,usda,1
170632,"Beef, round, eye of round roast, boneless, separable lean and fat, trimmed to 0"" fat, select, cooked, roasted",29.45,3.97,0.0,162.0,65.92,0.0,280.0,392.0,63.0,0.0,usda,1
170633,"Beef, round, eye of round roast, boneless, separable lean only, trimmed to 0"" fat, all grades, cooked, roasted",29.85,3.9,0.0,163.0,65.35,0.0,281.0,404.0,67.0,0.0,usda,1
170634,"Beef, round, eye of round roast, boneless, separable lean only, trimmed to 0"" fat, choice, cooked, roasted",29.94,4.26,0.0,166.0,64.83,0.0,280.0,411.0,66.0,0.0,usda,1
170635,"Beef, round, eye of round roast, boneless, separable lean only, trimmed to 0"" fat, select, cooked, roasted",29.52,3.43,0.0,157.0,66.2,0.0,281.0,394.0,63.0,0.0,usda,1
170636,"Beef, round, tip round, roast, separable lean only, trimmed to 0"" fat, choice, cooked, roasted",27.68,6.42,0.0,176.0,65.62,0.0,174.0,225.0,36.0,0.0,usda,1
170637,"Beef, round, tip round, roast, separable lean only, trimmed to 0"" fat, select, cooked, roasted",27.37,4.38,0.0,149.0,67.88,0.0,177.0,230.0,36.0,0.0,usda,1
170638,"Beef, round, top round, separable lean and fat, trimmed to 0"" fat, all grades, cooked, braised",35.62,6.31,0.0,209.0,57.9,0.0,223.0,330.0,45.0,0.0,usda,1
170639,"Beef, round, top round, separable lean and fat, trimmed to 0"" fat, choice, cooked, braised",35.62,7.09,0.0,216.0,57.31,0.0,223.0,330.0,45.0,0.0,usda,1
170640,"Beef, loin, tenderloin steak, boneless, separable lean and fat, trimmed to 0"" fat, select, cooked, grilled",30.93,7.7,0.0,202.0,61.29,0.0,257.0,348.0,54.0,0.0,usda,1
170641,"Beef, loin, tenderloin steak, boneless, separable lean only, trimmed to 0"" fat, all grades, cooked, grilled",30.7,8.32,0.0,198.0,60.76,0.0,285.0,390.0,59.0,0.0,usda,1
170642,"Beef, loin, tenderloin steak, boneless, separable lean only, trimmed to 0"" fat, choice, cooked, grilled",30.45,9.03,0.0,211.0,60.21,0.0,321.0,443.0,71.0,0.0,usda,1
170643,"Beef, loin, tenderloin steak, boneless, separable lean only, trimmed to 0"" fat, select, cooked, grilled",31.09,7.25,0.0,198.0,61.58,0.0,265.0,359.0,55.0,0.0,usda,1
170644,"Puddings, vanilla, dry mix, regular, with added oil",0.3,1.1,92.4,369.0,3.9,0.0,3.0,20.0,754.0,1.25,usda,2
170645,"Jams and preserves, apricot",0.7,0.2,64.4,242.0,34.5,0.3,3.0,77.0,40.0,43.4,usda,0
170646,"Syrups, table blends, pancake, with 2% maple, with added potassium",0.0,0.1,69.6,265.0,30.1,0.0,10.0,22.0,61.0,1.25,usda,0
170647,"Snacks, corn cakes, very low sodium",8.1,2.4,83.4,387.0,4.6,0.2,157.0,157.0,28.0,1.25,usda,3
170648,"Snacks, potato chips, plain, made with partially hydrogenated soybean oil, unsalted",7.0,34.6,52.9,536.0,1.9,4.8,165.0,1275.0,8.0,1.25,usda,3
170649,"Snacks, potato chips, plain, unsalted",7.0,34.6,52.9,536.0,1.9,4.8,165.0,1275.0,8.0,0.22,usda,3
170650,"Snacks, pretzels, hard, plain, made with unenriched flour, salted",9.1,3.5,79.2,381.0,3.3,2.8,113.0,146.0,1715.0,1.25,usda,3
170651,"Snacks, pretzels, hard, plain, made with unenriched flour, unsalted",9.1,3.5,79.2,381.0,3.3,2.8,113.0,146.0,289.0,1.25,usda,3
170652,"Snacks, rice cakes, brown rice, sesame seed, unsalted",7.6,3.8,81.5,392.0,5.9,0.2,375.0,290.0,4.0,1.25,usda,3
170653,"Snacks, sesame sticks, wheat-based, unsalted",10.9,36.7,46.5,541.0,2.0,0.2,138.0,177.0,29.0,1.25,usda,3
170654,"Snacks, trail mix, regular, unsalted",13.8,29.4,44.9,462.0,9.2,0.2,345.0,685.0,10.0,1.25,usda,3
170655,"Snacks, trail mix, regular, with chocolate chips, unsalted nuts and seeds",14.2,31.9,44.9,484.0,6.6,0.2,387.0,648.0,27.0,1.25,usda,3
170656,"Candies, sugar-coated almonds",10.0,17.93,68.26,465.0,2.3,2.5,166.0,255.0,13.0,62.5,usda,3
170657,"Cocoa, dry powder, hi-fat or breakfast, processed with alkali",16.8,23.71,49.71,479.0,3.0,33.9,758.0,2509.0,20.0,1.53,usda,3
170658,"Candies, soft fruit and nut squares",2.31,9.52,73.81,390.0,13.88,2.4,54.0,82.0,131.0,45.95,usda,3
170659,"Ice creams, vanilla, fat free",4.48,0.0,30.06,138.0,64.35,1.0,150.0,302.0,97.0,6.3,usda,0
170669,"Candies, REESE's Fast Break, milk chocolate, peanut butter, soft nougats, candy bar",8.93,23.21,63.9,495.0,1.66,3.6,156.0,257.0,321.0,53.57,usda,3
170671,"Ice creams, regular, low carbohydrate, vanilla",3.17,12.7,22.23,216.0,61.0,4.8,105.0,199.0,48.0,6.35,usda,3
170672,"Sweeteners, for baking, brown, contains sugar and sucralose",0.0,0.0,97.11,388.0,2.44,0.2,2.0,130.0,11.0,45.66,usda,0
170673,"Sweeteners, for baking, contains sugar and sucralose",0.0,0.0,99.53,398.0,0.43,0.2,0.0,2.0,2.0,47.05,usda,2
170674,"Sugar, turbinado",0.0,0.0,99.8,399.0,0.03,0.2,1.0,29.0,3.0,99.19,usda,2
170675,"Sweeteners, sugar substitute, granulated, brown",2.06,0.0,84.77,347.0,9.14,0.6,8.0,39.0,572.0,4.03,usda,0
170676,"Candies, M&M MARS 3 MUSKETEERS Truffle Crisp",6.41,28.85,63.15,538.0,0.18,0.0,165.0,296.0,63.0,57.69,usda,3
170677,"Syrups, chocolate, HERSHEY'S Sugar free, Genuine Chocolate Flavored, Lite Syrup",2.87,2.03,14.2,43.0,78.89,2.9,113.0,388.0,343.0,0.27,usda,0
170678,"Candies, M&M MARS Pretzel Chocolate Candies",5.0,15.0,72.94,447.0,4.84,2.5,135.0,253.0,475.0,50.0,usda,3
170679,"Sweetener, herbal extract powder from Stevia leaf",0.0,0.0,100.0,0.0,0.0,0.0,0.0,0.0,0.0,0.0,usda,2
170680,"Candies, HERSHEYS, PAYDAY Bar",13.44,25.0,52.88,490.0,6.97,3.8,197.0,725.0,231.0,40.32,usda,3
170681,"Syrup, NESTLE, chocolate",0.0,0.0,67.21,269.0,31.92,0.0,58.0,122.0,150.0,60.0,usda,0
170682,"Amaranth grain, uncooked",13.56,7.02,65.25,371.0,11.29,6.7,557.0,508.0,4.0,1.69,usda,3
170683,"Amaranth grain, cooked",3.8,1.58,18.69,102.0,75.16,2.1,148.0,135.0,6.0,1.25,usda,0
170684,Arrowroot flour,0.3,0.1,88.15,357.0,11.37,3.4,5.0,11.0,2.0,1.25,usda,0
170685,"Buckwheat groats, roasted, dry",11.73,2.71,74.95,346.0,8.41,10.3,319.0,320.0,11.0,1.25,usda,3
170686,"Buckwheat groats, roasted, cooked",3.38,0.62,19.94,92.0,75.63,2.7,70.0,88.0,4.0,0.9,usda,0
170687,"Buckwheat flour, whole-groat",12.62,3.1,70.59,335.0,11.15,10.0,337.0,577.0,11.0,2.6,usda,3
170688,"Bulgur, dry",12.29,1.33,75.87,342.0,9.0,12.5,300.0,410.0,17.0,0.41,usda,3
170689,"Fast foods, taco with beef, cheese and lettuce, hard shell",8.86,12.7,19.85,226.0,57.02,3.9,178.0,209.0,397.0,0.9,usda,3
170690,"Fast foods, cheeseburger; single, regular patty; plain",16.51,14.72,28.03,308.0,38.63,2.0,161.0,196.0,515.0,4.88,usda,3
170691,"Fast foods, cheeseburger; single, regular patty, with condiments",13.49,12.9,25.46,270.0,45.78,1.9,142.0,184.0,628.0,5.24,usda,3
170692,"Fast foods, cheeseburger; single, regular patty, with condiments and vegetables",13.06,11.5,24.97,254.0,48.06,1.4,134.0,178.0,546.0,5.11,usda,3
170693,"Fast foods, hamburger; single, regular patty; plain",16.52,12.01,31.5,297.0,38.45,1.7,134.0,197.0,331.0,4.88,usda,3
170694,"Fast foods, hamburger; single, regular patty; with condiments",13.3,10.18,29.57,263.0,44.82,1.8,110.0,197.0,487.0,5.95,usda,3
170695,"Fast foods, roast beef sandwich, plain",15.17,10.3,22.21,244.0,49.91,1.3,200.0,224.0,653.0,3.84,usda,3
170696,"Fast foods, submarine sandwich, cold cut on white bread with lettuce and tomato",10.52,10.04,20.43,213.0,56.51,1.2,112.0,282.0,575.0,3.18,usda,3
170697,"Fast foods, onion rings, breaded and fried",3.86,25.23,43.58,411.0,24.52,2.7,158.0,167.0,776.0,5.43,usda,3
170698,"Fast foods, potato, french fried in vegetable oil",3.43,14.73,41.44,312.0,38.55,3.8,125.0,579.0,210.0,0.3,usda,3
170699,"Fast foods, potato, mashed",1.65,2.82,14.65,89.0,79.62,1.3,59.0,286.0,306.0,0.5,usda,0
170700,"BURGER KING, Vanilla Shake",3.19,8.74,19.03,168.0,68.13,0.0,97.0,153.0,100.0,11.67,usda,0
170701,"School Lunch, pizza, BIG DADDY'S LS 16"" 51% Whole Grain Rolled Edge Turkey Pepperoni Pizza, frozen",13.63,9.33,27.35,248.0,47.57,4.1,290.0,293.0,450.0,3.83,usda,3
170702,"School Lunch, pizza, TONY'S SMARTPIZZA Whole Grain 4x6 Cheese Pizza 50/50 Cheese, frozen",12.08,7.51,29.27,233.0,48.83,3.8,300.0,331.0,400.0,6.76,usda,3
170703,"School Lunch, pizza, TONY'S SMARTPIZZA Whole Grain 4x6 Pepperoni Pizza 50/50 Cheese, frozen",12.14,8.19,28.84,238.0,48.47,4.1,300.0,363.0,470.0,7.24,usda,3
170704,"School Lunch, pizza, TONY'S Breakfast Pizza Sausage, frozen",10.39,10.04,26.99,240.0,50.2,2.0,210.0,229.0,600.0,5.87,usda,3
170705,"SUBWAY, sweet onion chicken teriyaki sub on white bread with lettuce, tomato and sweet onion sauce",10.91,2.37,22.54,155.0,62.4,1.2,139.0,285.0,305.0,6.06,usda,3
170706,"Fast foods, submarine sandwich, turkey breast on white bread with lettuce and tomato",9.12,2.31,22.42,147.0,64.33,1.3,122.0,253.0,317.0,3.09,usda,3
170707,"Fast foods, submarine sandwich, ham on white bread with lettuce and tomato",9.12,2.53,22.91,151.0,63.26,1.3,116.0,367.0,396.0,3.54,usda,3
170708,"SUBWAY, meatball marinara sub on white bread (no toppings)",9.77,8.45,26.01,219.0,53.59,2.1,97.0,275.0,437.0,4.98,usda,3
170709,"Fast foods, submarine sandwich, meatball marinara on white bread",9.77,8.45,26.01,219.0,53.59,2.1,97.0,275.0,437.0,4.98,usda,3
170710,"Fast foods, hamburger, large, single patty, with condiments",15.68,11.6,22.14,256.0,48.81,1.1,121.0,225.0,374.0,3.67,usda,3
170711,"SUBWAY, turkey breast sub on white bread with lettuce and tomato",9.12,2.31,22.42,147.0,64.33,1.3,122.0,253.0,317.0,3.09,usda,3
170712,"SUBWAY, black forest ham sub on white bread with lettuce and tomato",9.12,2.53,22.91,151.0,63.26,1.3,116.0,367.0,396.0,3.54,usda,3
170713,"SUBWAY, roast beef sub on white bread with lettuce and tomato",12.17,2.73,20.34,155.0,63.08,0.7,118.0,188.0,329.0,3.0,usda,3
170714,"Pizza, cheese topping, rising crust, frozen, cooked",12.37,8.78,32.91,260.0,43.46,2.5,238.0,175.0,556.0,5.09,usda,3
170715,"Pizza, meat and vegetable topping, regular crust, frozen, cooked",11.28,14.43,25.14,276.0,46.71,2.2,181.0,209.0,555.0,4.85,usda,3
170716,"Pizza, meat and vegetable topping, rising crust, frozen, cooked",12.63,11.75,28.78,271.0,44.24,2.3,211.0,189.0,640.0,7.26,usda,3
170717,"McDONALD'S, Hamburger",12.92,10.09,30.28,264.0,44.53,1.3,107.0,192.0,494.0,6.03,usda,3
170718,"Fast foods, chicken, breaded and fried, boneless pieces, plain",15.92,20.36,14.93,307.0,46.53,0.9,272.0,251.0,594.0,0.08,usda,1
170719,"McDONALD'S, QUARTER POUNDER with Cheese",14.59,14.22,19.95,258.0,48.9,1.4,161.0,219.0,579.0,4.91,usda,3
170720,"McDONALD'S, BIG MAC",11.82,14.96,20.08,257.0,51.3,1.6,122.0,181.0,460.0,3.97,usda,3
170721,"McDONALD'S, french fries",3.41,15.47,42.58,323.0,36.63,3.9,127.0,596.0,189.0,0.21,usda,3
170722,"WENDY'S, CLASSIC SINGLE Hamburger, no cheese",12.63,10.6,16.82,213.0,58.41,1.3,103.0,195.0,395.0,1.25,usda,1
170723,"WENDY'S, Homestyle Chicken Fillet Sandwich",13.78,8.1,21.55,214.0,54.94,1.3,161.0,228.0,401.0,1.25,usda,3
170724,"WENDY'S, Ultimate Chicken Grill Sandwich",14.73,5.0,18.88,179.0,59.67,1.1,168.0,221.0,427.0,1.25,usda,1
170725,"WENDY'S, Chicken Nuggets",16.46,22.55,14.31,326.0,44.15,0.2,271.0,250.0,708.0,0.08,usda,1
170726,"WENDY'S, french fries",3.73,14.1,39.73,301.0,40.62,4.0,126.0,625.0,219.0,0.4,usda,3
170727,"BURGER KING, WHOPPER, no cheese",10.74,12.84,18.55,233.0,56.43,1.8,90.0,169.0,313.0,4.22,usda,3
170728,"BURGER KING, WHOPPER, with cheese",11.19,15.33,16.7,250.0,54.92,1.0,113.0,169.0,453.0,4.11,usda,3
170729,"BURGER KING, DOUBLE WHOPPER, no cheese",13.94,15.66,13.74,252.0,55.29,1.4,111.0,192.0,289.0,3.52,usda,3
170730,"BURGER KING, DOUBLE WHOPPER, with cheese",14.47,17.06,13.52,266.0,53.28,1.6,128.0,189.0,387.0,3.61,usda,3
170731,"BURGER KING, Chicken Strips",18.2,15.25,20.49,292.0,43.02,1.3,291.0,315.0,859.0,0.0,usda,1
170732,"TACO BELL, Soft Taco with chicken, cheese and lettuce",13.3,6.35,19.69,189.0,58.42,1.2,244.0,217.0,613.0,1.3,usda,3
170733,"TACO BELL, Soft Taco with steak",11.81,12.1,17.22,225.0,56.82,1.6,155.0,183.0,551.0,1.25,usda,3
170734,"TACO BELL, Bean Burrito",7.35,6.05,31.23,209.0,53.17,4.2,163.0,261.0,563.0,1.73,usda,3
170735,"TACO BELL, BURRITO SUPREME with beef",7.03,6.8,23.37,183.0,60.9,3.7,131.0,204.0,451.0,2.1,usda,3
170736,"TACO BELL, Taco Salad",6.69,9.17,15.1,170.0,67.32,3.0,103.0,229.0,363.0,1.25,usda,3
170737,"KFC, Popcorn Chicken",17.67,21.74,21.18,351.0,35.62,1.0,299.0,288.0,1140.0,0.0,usda,1
170738,"KFC, Fried Chicken, ORIGINAL RECIPE, Skin and Breading",14.17,28.01,18.79,384.0,35.52,0.0,252.0,244.0,1042.0,0.0,usda,1
170739,"KFC, Fried Chicken, ORIGINAL RECIPE, Breast, meat only, skin and breading removed",26.89,4.56,0.0,149.0,66.44,0.2,255.0,285.0,499.0,1.25,usda,1
170740,"KFC, Fried Chicken, ORIGINAL RECIPE, Drumstick, meat only, skin and breading removed",26.3,7.66,0.11,175.0,63.77,0.2,223.0,273.0,524.0,1.25,usda,1
170741,"KFC, Fried Chicken, ORIGINAL RECIPE, Thigh, meat only, skin and breading removed",22.78,9.31,0.01,175.0,65.65,0.2,213.0,230.0,568.0,1.25,usda,1
170742,"KFC, Fried Chicken, EXTRA CRISPY, Thigh, meat only, skin and breading removed",22.41,9.96,0.0,179.0,65.68,0.2,223.0,271.0,558.0,1.25,usda,1
170743,"KFC, Fried Chicken, EXTRA CRISPY, Wing, meat only, skin and breading removed",28.67,12.13,2.97,236.0,53.85,0.2,226.0,265.0,714.0,1.25,usda,1
170744,"KFC, Fried Chicken, ORIGINAL RECIPE, Breast, meat and skin with breading",21.94,13.11,6.28,231.0,56.16,0.2,225.0,267.0,606.0,0.0,usda,1
170745,"KFC, Fried Chicken, ORIGINAL RECIPE, Drumstick, meat and skin with breading",22.3,14.22,5.39,239.0,55.6,0.2,211.0,250.0,625.0,1.25,usda,1
170746,"KFC, Fried Chicken, EXTRA CRISPY, Thigh, meat and skin with breading",17.17,22.14,10.3,309.0,47.99,0.2,189.0,225.0,682.0,1.25,usda,1
170747,"KFC, Fried Chicken, EXTRA CRISPY, Wing, meat and skin with breading",20.8,23.0,11.66,337.0,41.91,0.2,192.0,223.0,765.0,1.25,usda,1
170748,"POPEYES, Fried Chicken, Mild, Breast, meat only, skin and breading removed",28.98,4.52,0.0,157.0,64.77,0.2,219.0,327.0,526.0,1.25,usda,1
170749,"POPEYES, Fried Chicken, Mild, Drumstick, meat only, skin and breading removed",26.51,7.14,0.04,170.0,64.18,0.2,206.0,321.0,478.0,1.25,usda,1
170750,"POPEYES, Fried Chicken, Mild, Thigh, meat and skin with breading",19.14,20.99,11.2,310.0,46.4,0.5,153.0,243.0,685.0,0.0,usda,1
170751,"POPEYES, Fried Chicken, Mild, Wing, meat and skin with breading",20.4,22.48,13.52,338.0,40.9,0.6,149.0,245.0,788.0,0.0,usda,1
170752,"Fast foods, grilled chicken, bacon and tomato club sandwich, with cheese, lettuce, and mayonnaise",17.19,8.05,19.87,220.0,52.52,1.2,215.0,226.0,630.0,4.68,usda,3
170753,"Fast foods, crispy chicken, bacon, and tomato club sandwich, with cheese, lettuce, and mayonnaise",15.38,11.76,22.61,257.0,48.02,1.2,224.0,256.0,605.0,4.99,usda,3
170754,"Fast Foods, Fried Chicken, Wing, meat only, skin and breading removed",28.77,10.2,2.13,215.0,56.16,0.0,225.0,296.0,761.0,0.0,usda,1
170755,"Fast Foods, Fried Chicken, Skin and breading from all pieces",14.11,29.22,19.56,398.0,33.87,0.3,215.0,230.0,965.0,0.0,usda,1
170756,"Fast Foods, Fried Chicken, Breast, meat and skin and breading",23.51,12.44,6.03,230.0,55.45,0.1,230.0,282.0,657.0,0.0,usda,1
170757,"Fast Foods, Fried Chicken, Drumstick, meat and skin with breading",21.13,16.92,7.59,267.0,51.92,0.5,188.0,253.0,591.0,0.0,usda,1
170758,"DIGIORNO Pizza, cheese topping, thin crispy crust, frozen, baked",12.96,9.91,26.47,247.0,48.15,3.0,236.0,233.0,506.0,1.25,usda,3
170759,"DIGIORNO Pizza, pepperoni topping, cheese stuffed crust, frozen, baked",13.92,11.71,29.46,279.0,41.87,2.1,270.0,179.0,753.0,1.25,usda,3
170760,"DIGIORNO Pizza, pepperoni topping, rising crust, frozen, baked",12.46,10.11,31.15,265.0,43.32,2.3,225.0,212.0,743.0,5.1,usda,3
170761,"DIGIORNO Pizza, pepperoni topping, thin crispy crust, frozen, baked",13.22,12.86,28.67,283.0,42.38,2.8,213.0,268.0,663.0,1.25,usda,3
170762,"Fast Food, Pizza Chain, 14"" pizza, pepperoni topping, thin crust",14.01,17.61,29.0,331.0,36.05,2.3,253.0,223.0,875.0,3.22,usda,3
170763,"Fast foods, taco with beef, cheese and lettuce, soft",9.25,9.75,20.23,206.0,58.78,2.9,167.0,161.0,560.0,1.57,usda,3
170764,"Fast foods, taco with chicken, lettuce and cheese, soft",13.3,6.35,19.69,189.0,58.42,1.2,244.0,217.0,613.0,1.3,usda,3
170765,"Fast foods, quesadilla, with chicken",15.05,15.25,24.04,294.0,42.62,1.7,313.0,183.0,745.0,1.88,usda,3
170766,"DOMINO'S 14"" Sausage Pizza, Classic Hand-Tossed Crust",11.08,11.2,31.84,273.0,43.55,2.4,196.0,183.0,594.0,3.92,usda,3
170767,"DOMINO'S 14"" Sausage Pizza, Ultimate Deep Dish Crust",11.03,12.03,31.17,277.0,43.12,2.6,207.0,188.0,677.0,3.82,usda,3
170768,"PIZZA HUT 14"" Sausage Pizza, THIN 'N CRISPY Crust",13.95,16.9,28.7,323.0,37.28,2.4,238.0,220.0,839.0,2.62,usda,3
170769,"PIZZA HUT 14"" Sausage Pizza, Hand-Tossed Crust",11.92,13.5,29.39,287.0,42.57,2.3,191.0,211.0,671.0,2.72,usda,3
170770,"WEND'YS, Crispy Chicken Sandwich",11.72,13.93,26.36,278.0,45.92,0.2,182.0,185.0,566.0,3.13,usda,3
170771,"BURGER KING, Onion Rings",3.86,25.23,43.58,417.0,24.52,2.7,158.0,167.0,776.0,5.43,usda,3
170772,"WENDY'S, DAVE'S Hot 'N Juicy 1/4 LB, single",13.69,15.8,17.73,268.0,50.92,1.1,125.0,208.0,473.0,4.5,usda,3
170773,"Fast Food, Pizza Chain, 14"" pizza, cheese topping, stuffed crust",12.23,11.63,30.0,274.0,43.37,1.7,249.0,229.0,615.0,2.9,usda,3
170774,"PIZZA HUT 14"" Cheese Pizza, Stuffed Crust",12.23,11.63,30.0,274.0,43.37,1.7,249.0,229.0,615.0,2.9,usda,3
170775,"Fast foods, strawberry banana smoothie made with ice and low-fat yogurt",0.86,0.14,15.05,65.0,83.61,0.9,11.0,131.0,14.0,12.68,usda,0
170776,"McDONALD'S, Southern Style Chicken Biscuit",11.93,14.93,30.56,304.0,39.4,1.4,355.0,206.0,868.0,2.62,usda,3
170777,"McDONALD'S, RANCH SNACK WRAP, Crispy",11.48,15.1,23.22,275.0,47.88,1.3,186.0,173.0,607.0,2.48,usda,3
170778,"McDONALD'S, RANCH SNACK WRAP, Grilled",13.77,10.31,18.43,222.0,55.17,0.9,184.0,192.0,577.0,1.53,usda,1
170779,"School Lunch, pizza, cheese topping, thick crust, whole grain, frozen, cooked",14.62,9.27,28.08,254.0,45.73,2.9,284.0,303.0,421.0,5.02,usda,3
170780,"School Lunch, pizza, pepperoni topping, thin crust, whole grain, frozen, cooked",12.78,8.62,31.24,254.0,44.88,4.3,316.0,382.0,495.0,7.62,usda,3
170781,"School Lunch, pizza, pepperoni topping, thick crust, whole grain, frozen, cooked",14.35,9.82,28.3,259.0,45.3,4.3,305.0,308.0,474.0,4.03,usda,3
170782,"School Lunch, pizza, sausage topping, thin crust, whole grain, frozen, cooked",12.63,7.83,32.24,250.0,45.3,3.9,318.0,385.0,457.0,7.53,usda,3
170783,"Beef, chuck, short ribs, boneless, separable lean only, trimmed to 0"" fat, choice, raw",19.38,10.7,0.29,175.0,68.73,0.0,187.0,313.0,81.0,0.0,usda,1
170784,"WENDY'S, Double Stack, with cheese",18.53,16.6,15.35,285.0,47.58,0.2,157.0,258.0,477.0,3.87,usda,1
170785,"Fast foods, crispy chicken in tortilla, with lettuce, cheese, and ranch sauce",11.48,15.1,23.22,275.0,47.88,1.3,186.0,173.0,607.0,2.48,usda,3
170786,"Fast foods, grilled chicken in tortilla, with lettuce, cheese, and ranch sauce",13.77,10.31,18.43,222.0,55.17,0.9,184.0,192.0,577.0,1.53,usda,1
170787,"Fast foods, breakfast burrito, with egg, cheese, and sausage",11.1,15.63,22.97,277.0,47.55,1.2,168.0,150.0,744.0,2.57,usda,3
170788,"Fast foods, breadstick, soft, prepared with garlic and parmesan cheese",12.2,12.88,44.48,343.0,28.38,2.4,129.0,132.0,539.0,1.11,usda,3
170789,"PIZZA HUT, breadstick, parmesan garlic",12.2,12.88,44.48,343.0,28.38,2.4,129.0,132.0,539.0,1.11,usda,3
170790,"CHICK-FIL-A, chicken sandwich",16.28,11.19,20.89,249.0,48.94,1.4,185.0,245.0,753.0,3.64,usda,3
170791,"ARBY'S, roast beef sandwich, classic",15.17,10.3,22.21,242.0,49.91,1.3,200.0,224.0,653.0,3.84,usda,3
170792,"School Lunch, pizza, cheese topping, thin crust, whole grain, frozen, cooked",12.72,7.91,31.31,247.0,45.64,4.0,316.0,348.0,421.0,7.12,usda,3
170793,"School Lunch, pizza, sausage topping, thick crust, whole grain, frozen, cooked",13.26,9.07,30.58,257.0,45.31,4.0,279.0,282.0,433.0,3.72,usda,3
170794,"School Lunch, chicken patty, whole grain breaded",17.64,13.93,12.5,246.0,53.84,2.3,221.0,278.0,467.0,0.55,usda,1
170795,"School Lunch, chicken nuggets, whole grain breaded",15.67,12.9,22.86,270.0,46.53,2.2,183.0,231.0,511.0,0.49,usda,3
170796,"Beef, chuck, short ribs, boneless, separable lean only, trimmed to 0"" fat, all grades, raw",19.68,10.02,0.05,169.0,69.33,0.0,185.0,307.0,85.0,0.0,usda,1
170797,"Beef, chuck eye Country-Style ribs, boneless, separable lean only, trimmed to 0"" fat, choice, cooked, braised",30.95,12.22,0.0,234.0,56.64,0.0,200.0,279.0,69.0,0.0,usda,1
170798,"Beef, chuck eye Country-Style ribs, boneless, separable lean only, trimmed to 0"" fat, select, cooked, braised",32.1,10.24,0.0,221.0,57.54,0.0,212.0,292.0,70.0,0.0,usda,1
170799,"Beef, chuck eye Country-Style ribs, boneless, separable lean only, trimmed to 0"" fat, all grades, cooked, braised",31.41,11.43,0.0,228.0,57.0,0.0,203.0,286.0,69.0,0.0,usda,1
170800,"Beef, chuck eye Country-Style ribs, boneless, separable lean only, trimmed to 0"" fat, choice, raw",20.87,7.67,0.0,152.0,70.58,0.0,195.0,330.0,81.0,0.0,usda,1
170801,"Beef, chuck eye steak, boneless, separable lean only, trimmed to 0"" fat, all grades, cooked, grilled",27.94,10.79,0.0,209.0,60.79,0.0,228.0,380.0,75.0,0.0,usda,1
170802,"Beef, chuck eye steak, boneless, separable lean only, trimmed to 0"" fat, choice, raw",21.31,8.29,0.0,160.0,69.48,0.0,201.0,371.0,70.0,0.0,usda,1
170803,"Beef, chuck eye steak, boneless, separable lean only, trimmed to 0"" fat, select, raw",21.28,6.47,0.0,143.0,71.41,0.0,209.0,388.0,73.0,0.0,usda,1
170804,"Beef, chuck eye steak, boneless, separable lean only, trimmed to 0"" fat, all grades, raw",21.29,7.56,0.0,153.0,70.25,0.0,202.0,371.0,70.0,0.0,usda,1
170805,"Beef, chuck, mock tender steak, boneless, separable lean only, trimmed to 0"" fat, select, cooked, braised",32.96,5.44,0.0,181.0,60.8,0.0,239.0,298.0,70.0,0.0,usda,1
170806,"Beef, chuck, mock tender steak, boneless, separable lean only, trimmed to 0"" fat, all grades, cooked, braised",33.31,6.34,0.0,190.0,59.82,0.0,239.0,309.0,68.0,0.0,usda,1
170807,"Beef, chuck, mock tender steak, boneless, separable lean only, trimmed to 0"" fat, choice, raw",21.36,4.6,0.0,127.0,73.2,0.0,230.0,349.0,83.0,0.0,usda,1
170808,"Beef, chuck, mock tender steak, boneless, separable lean only, trimmed to 0"" fat, select, raw",21.22,3.53,0.0,117.0,74.46,0.0,216.0,344.0,76.0,0.0,usda,1
170809,"Beef, chuck for stew, separable lean and fat, select, raw",21.9,3.99,0.21,124.0,72.79,0.0,209.0,359.0,81.0,0.0,usda,1
170810,"Beef, chuck for stew, separable lean and fat, choice, raw",21.64,4.81,0.12,130.0,72.32,0.0,217.0,373.0,79.0,0.0,usda,1
170811,"Beef, chuck, under blade steak, boneless, separable lean only, trimmed to 0"" fat, choice, cooked, braised",30.91,10.91,0.0,222.0,57.56,0.0,210.0,312.0,65.0,0.0,usda,1
170812,"Beef, chuck, under blade steak, boneless, separable lean only, trimmed to 0"" fat, select, cooked, braised",32.01,9.66,0.0,215.0,58.92,0.0,202.0,303.0,66.0,0.0,usda,1
170813,"Beef, chuck, under blade pot roast or steak, boneless, separable lean and fat, trimmed to 0"" fat, all grades, raw",19.17,13.26,0.0,196.0,66.7,0.0,184.0,336.0,76.0,0.0,usda,1
170814,"Beef, chuck, under blade pot roast or steak, boneless, separable lean and fat, trimmed to 0"" fat, choice, raw",19.15,13.93,0.0,202.0,66.0,0.0,181.0,329.0,76.0,0.0,usda,1
170815,"Beef, chuck, under blade pot roast or steak, boneless, separable lean and fat, trimmed to 0"" fat, select, raw",19.2,12.27,0.0,187.0,67.76,0.0,188.0,347.0,77.0,0.0,usda,1
170816,"Beef, chuck, under blade center steak, boneless, Denver Cut, separable lean and fat, trimmed to 0"" fat, all grades, cooked, grilled",26.18,13.54,0.21,227.0,59.08,0.0,202.0,310.0,73.0,0.0,usda,1
170817,"Beef, chuck, under blade center steak, boneless, Denver Cut, separable lean and fat, trimmed to 0"" fat, select, raw",19.2,10.5,0.09,172.0,69.3,0.0,181.0,320.0,76.0,0.0,usda,1
170818,"Beef, shoulder pot roast or steak, boneless, separable lean and fat, trimmed to 0"" fat, choice, raw",21.17,5.33,0.07,133.0,72.3,0.0,234.0,403.0,74.0,0.0,usda,1
170819,"Beef, shoulder pot roast or steak, boneless, separable lean and fat, trimmed to 0"" fat, select, raw",21.72,4.44,0.0,127.0,73.01,0.0,233.0,383.0,70.0,0.0,usda,1
170820,"Beef, chuck eye roast, boneless, America's Beef Roast, separable lean and fat, trimmed to 0"" fat, all grades, cooked, roasted",24.63,15.29,0.0,236.0,60.3,0.0,187.0,308.0,76.0,0.0,usda,1
170821,"Beef, chuck, mock tender steak, boneless, separable lean and fat, trimmed to 0"" fat, all grades, cooked, braised",32.07,10.18,0.0,220.0,57.29,0.0,230.0,298.0,67.0,0.0,usda,1
170822,"Beef, chuck, mock tender steak, boneless, separable lean and fat, trimmed to 0"" fat, choice, cooked, braised",32.21,10.74,0.0,225.0,56.78,0.0,230.0,303.0,66.0,0.0,usda,1
170823,"Beef, chuck, mock tender steak, boneless, separable lean and fat, trimmed to 0"" fat, select, cooked, braised",31.86,9.34,0.0,211.0,58.05,0.0,230.0,288.0,69.0,0.0,usda,1
170824,"Beef, chuck, mock tender steak, boneless, separable lean and fat, trimmed to 0"" fat, all grades, raw",21.13,4.79,0.0,128.0,73.3,0.0,223.0,343.0,80.0,0.0,usda,1
170825,"Beef, chuck, short ribs, boneless, separable lean and fat, trimmed to 0"" fat, select, cooked, braised",25.81,20.38,0.0,287.0,53.99,0.0,180.0,269.0,71.0,0.0,usda,1
170826,"Beef, chuck, short ribs, boneless, separable lean and fat, trimmed to 0"" fat, all grades, raw",17.48,18.33,0.0,235.0,63.84,0.0,165.0,277.0,78.0,0.0,usda,1
170827,"Beef, chuck, short ribs, boneless, separable lean and fat, trimmed to 0"" fat, choice, raw",17.22,19.03,0.0,240.0,63.23,0.0,167.0,282.0,75.0,0.0,usda,1
170828,"Beef, chuck, short ribs, boneless, separable lean and fat, trimmed to 0"" fat, select, raw",17.87,17.28,0.0,227.0,64.76,0.0,162.0,273.0,85.0,0.0,usda,1
170829,"Beef, chuck eye Country-Style ribs, boneless, separable lean and fat, trimmed to 0"" fat, choice, cooked, braised",27.16,21.56,0.0,303.0,51.36,0.0,169.0,241.0,65.0,0.0,usda,1
170830,"Beef, chuck eye Country-Style ribs, boneless, separable lean and fat, trimmed to 0"" fat, select, cooked, braised",28.47,19.03,0.0,285.0,52.74,0.0,181.0,255.0,66.0,0.0,usda,1
170831,"Beef, chuck eye Country-Style ribs, boneless, separable lean and fat, trimmed to 0"" fat, all grades, raw",18.97,14.32,0.0,205.0,66.33,0.0,175.0,291.0,77.0,0.0,usda,1
170832,"Beef, chuck eye Country-Style ribs, boneless, separable lean and fat, trimmed to 0"" fat, choice, raw",18.87,14.99,0.0,210.0,65.78,0.0,177.0,302.0,76.0,0.0,usda,1
170833,"Beef, chuck eye Country-Style ribs, boneless, separable lean and fat, trimmed to 0"" fat, select, raw",19.1,13.33,0.0,196.0,67.17,0.0,172.0,271.0,77.0,0.0,usda,1
170834,"Beef, chuck eye steak, boneless, separable lean and fat, trimmed to 0"" fat, choice, raw",18.86,16.85,0.0,227.0,63.98,0.0,179.0,330.0,66.0,0.0,usda,1
170835,"Beef, chuck eye steak, boneless, separable lean and fat, trimmed to 0"" fat, select, raw",18.86,15.6,0.0,216.0,65.24,0.0,184.0,342.0,68.0,0.0,usda,1
170836,"Beef, rib eye roast, bone-in, lip-on, separable lean only, trimmed to 1/8"" fat, all grades, cooked, roasted",27.12,13.64,0.0,231.0,58.66,0.0,173.0,295.0,69.0,0.0,usda,1
170837,"Beef, rib eye roast, bone-in, lip-on, separable lean only, trimmed to 1/8"" fat, select, cooked, roasted",27.03,12.29,0.0,219.0,60.3,0.0,170.0,295.0,70.0,0.0,usda,1
170838,"Beef, rib eye steak/roast, bone-in, lip-on, separable lean only, trimmed to 1/8"" fat, select, raw",21.65,7.64,0.0,155.0,70.21,0.0,148.0,281.0,63.0,0.0,usda,1
170839,"Beef, rib eye steak/roast, boneless, lip-on, separable lean only, trimmed to 1/8"" fat, all grades, raw",21.99,7.54,0.0,156.0,70.14,0.0,156.0,276.0,56.0,0.0,usda,1
170840,"Beef, rib eye steak/roast, boneless, lip-on, separable lean only, trimmed to 1/8"" fat, choice, raw",21.62,8.29,0.0,161.0,69.65,0.0,153.0,262.0,56.0,0.0,usda,1
170841,"Beef, rib eye steak/roast, boneless, lip-on, separable lean only, trimmed to 1/8"" fat, select, raw",22.55,6.41,0.0,148.0,70.89,0.0,160.0,297.0,55.0,0.0,usda,1
170842,"Beef, rib eye roast, boneless, lip-on, separable lean only, trimmed to 1/8"" fat, choice, cooked, roasted",27.87,13.01,0.0,229.0,58.26,0.0,175.0,319.0,54.0,0.0,usda,1
170843,"Cheese, fontina",25.6,31.14,1.55,389.0,37.92,0.0,346.0,64.0,800.0,1.55,usda,1
170844,"Cheese, monterey",24.48,30.28,0.68,373.0,41.01,0.0,444.0,81.0,600.0,0.5,usda,1
170845,"Cheese, mozzarella, whole milk",22.17,22.14,2.4,299.0,50.01,0.0,354.0,76.0,486.0,0.0,usda,1
170846,"Cheese, mozzarella, whole milk, low moisture",21.6,24.64,2.47,318.0,48.38,0.0,412.0,75.0,710.0,1.01,usda,1
170847,"Cheese, mozzarella, part skim milk",24.26,15.92,2.77,254.0,53.78,0.0,463.0,84.0,619.0,1.13,usda,1
170848,"Cheese, parmesan, hard",35.75,25.0,3.22,392.0,30.0,0.0,694.0,92.0,1175.0,0.11,usda,1
170849,"Cheese, port de salut",23.78,28.2,0.57,352.0,45.45,0.0,360.0,136.0,534.0,0.57,usda,1
170850,"Cheese, provolone",25.58,26.62,2.14,351.0,40.95,0.0,496.0,138.0,727.0,0.56,usda,1
170851,"Cheese, ricotta, whole milk",7.54,10.18,7.27,150.0,73.69,0.0,154.0,219.0,110.0,0.27,usda,1
170852,"Cheese, tilsit",24.41,25.98,1.88,340.0,42.86,0.0,500.0,65.0,753.0,1.25,usda,1
170853,"Cheese, pasteurized process, American, fortified with vitamin D",18.13,30.71,4.78,366.0,39.61,0.0,641.0,132.0,1671.0,2.26,usda,1
170854,"Cheese, pasteurized process, pimento",22.13,31.2,1.73,375.0,39.08,0.1,744.0,162.0,915.0,0.62,usda,1
170855,"Cheese, pasteurized process, swiss",24.73,25.01,2.1,334.0,42.31,0.0,762.0,216.0,1370.0,1.23,usda,1
170856,"Cheese food, cold pack, American",19.66,24.46,8.32,331.0,43.12,0.0,400.0,363.0,966.0,1.25,usda,1
170857,"Cream, fluid, light (coffee cream or table cream)",2.96,19.1,3.66,195.0,73.75,0.0,92.0,136.0,72.0,3.67,usda,1
170858,"Cream, fluid, light whipping",2.17,30.91,2.96,292.0,63.5,0.0,61.0,97.0,34.0,2.96,usda,1
170859,"Cream, fluid, heavy whipping",2.84,36.08,2.84,340.0,57.71,0.0,58.0,95.0,27.0,2.92,usda,1
170860,"Cream, whipped, cream topping, pressurized",3.2,22.22,12.49,257.0,61.33,0.0,89.0,147.0,8.0,8.0,usda,1
170861,"Milk, filled, fluid, with blend of hydrogenated vegetable oils",3.33,3.46,4.74,63.0,87.67,0.0,97.0,139.0,57.0,1.25,usda,0
170862,"Milk, filled, fluid, with lauric acid oil",3.33,3.4,4.74,63.0,87.73,0.0,97.0,139.0,57.0,4.74,usda,0
170863,"Cheese, American, nonfat or fat free",21.05,0.0,10.53,126.0,65.47,0.0,316.0,393.0,1316.0,5.26,usda,1
170865,"Dessert topping, powdered",4.9,39.92,52.54,577.0,1.47,0.0,74.0,166.0,122.0,52.54,usda,3
170866,"Dessert topping, powdered, 1.5 ounce prepared with 1/2 cup milk",3.61,12.72,17.13,194.0,65.74,0.0,86.0,151.0,66.0,17.13,usda,3
170867,"Dessert topping, pressurized",0.98,22.3,16.07,264.0,60.37,0.0,18.0,19.0,62.0,16.07,usda,0
170868,"Dessert topping, semi solid, frozen",1.25,25.31,23.05,318.0,50.21,0.0,8.0,18.0,25.0,23.05,usda,0
170869,"Sour cream, imitation, cultured",2.4,19.52,6.63,208.0,71.15,0.0,45.0,161.0,102.0,6.63,usda,1
170870,"Milk, reduced fat, fluid, 2% milkfat, with added nonfat milk solids and vitamin A and vitamin D",3.48,1.92,4.97,51.0,88.86,0.0,100.0,162.0,52.0,1.25,usda,0
170871,"Milk, reduced fat, fluid, 2% milkfat, protein fortified, with added vitamin A and vitamin D",3.95,1.98,5.49,56.0,87.71,0.0,112.0,182.0,59.0,5.26,usda,0
170872,"Milk, lowfat, fluid, 1% milkfat, with added vitamin A and vitamin D",3.37,0.97,4.99,42.0,89.92,0.0,95.0,150.0,44.0,5.2,usda,0
170873,"Milk, lowfat, fluid, 1% milkfat, with added nonfat milk solids, vitamin A and vitamin D",3.48,0.97,4.97,43.0,89.81,0.0,100.0,162.0,52.0,1.25,usda,0
170874,"Milk, buttermilk, fluid, cultured, lowfat",3.31,1.07,4.79,40.0,90.13,0.0,89.0,151.0,148.0,5.36,usda,0
170875,"Milk, low sodium, fluid",3.1,3.46,4.46,61.0,88.2,0.0,86.0,253.0,3.0,4.46,usda,0
170876,"Milk, dry, whole, with added vitamin D",26.32,26.71,38.42,496.0,2.47,0.0,776.0,1330.0,371.0,38.42,usda,3
170877,"Milk, dry, nonfat, regular, without added vitamin A and vitamin D",36.16,0.77,51.98,362.0,3.16,0.0,968.0,1794.0,535.0,51.98,usda,3
170878,"Milk, canned, evaporated, nonfat, with added vitamin A and vitamin D",7.55,0.2,11.35,78.0,79.4,0.0,195.0,332.0,115.0,11.35,usda,0
170879,"Milk, chocolate, fluid, commercial, whole, with added vitamin A and vitamin D",3.17,3.39,10.34,83.0,82.3,0.8,101.0,167.0,60.0,9.54,usda,0
170880,"Milk, chocolate, fluid, commercial, reduced fat, with added vitamin A and vitamin D",2.99,1.9,12.13,76.0,82.17,0.7,102.0,169.0,66.0,9.55,usda,0
170881,"Milk, chocolate, lowfat, with added vitamin A and vitamin D",3.46,1.11,10.15,64.0,84.5,0.1,96.0,172.0,65.0,9.94,usda,0
170882,"Milk, sheep, fluid",5.98,7.0,5.36,108.0,80.7,0.0,158.0,137.0,44.0,1.25,usda,1
170883,"Milk shakes, thick chocolate",3.05,2.7,21.15,119.0,72.2,0.3,126.0,224.0,111.0,20.85,usda,0
170884,"Milk shakes, thick vanilla",3.86,3.03,17.75,112.0,74.45,0.0,115.0,183.0,95.0,17.75,usda,0
170885,"Whey, acid, fluid",0.76,0.09,5.12,24.0,93.42,0.0,78.0,143.0,48.0,5.12,usda,0
170886,"Yogurt, plain, low fat",5.25,1.55,7.04,63.0,85.07,0.0,144.0,234.0,70.0,7.04,usda,0
170887,"Yogurt, plain, skim milk",5.73,0.18,7.68,56.0,85.23,0.0,157.0,255.0,77.0,7.68,usda,0
170888,"Yogurt, vanilla, low fat.",4.93,1.25,13.8,85.0,79.0,0.0,135.0,219.0,66.0,13.8,usda,0
170889,"Yogurt, fruit, low fat,9 g protein/8 oz",3.98,1.15,18.64,99.0,75.3,0.0,109.0,177.0,53.0,18.64,usda,0
170890,"Milk dessert bar, frozen, made from lowfat milk",4.41,1.47,32.0,147.0,61.43,6.6,83.0,316.0,92.0,22.06,usda,3
170892,"Nutritional supplement for people with diabetes, liquid",4.4,3.08,11.88,88.0,79.74,2.2,110.0,176.0,92.0,2.64,usda,0
170893,"Egg, whole, raw, frozen, salted, pasteurized",10.97,10.07,0.83,138.0,67.83,0.0,186.0,128.0,3663.0,0.07,usda,1
170894,"Yogurt, Greek, plain, nonfat (Includes foods for USDA's Food Distribution Program)",10.19,0.39,3.6,59.0,85.1,0.0,135.0,141.0,36.0,3.24,usda,0
170895,"Egg, white, dried, stabilized, glucose reduced",84.08,0.32,4.51,357.0,5.48,0.0,104.0,884.0,1299.0,0.0,usda,1
170896,"Cheese spread, American or Cheddar cheese base, reduced fat",13.41,8.88,10.71,176.0,61.82,0.0,931.0,250.0,1102.0,7.06,usda,1
170897,"Cheese, Swiss, nonfat or fat free",28.4,0.0,3.4,127.0,63.6,0.0,605.0,111.0,1000.0,1.33,usda,1
170898,"Cheese, mexican, queso cotija",20.0,30.0,3.97,366.0,38.0,0.0,729.0,125.0,1400.0,0.0,usda,1
170899,"Cheese, cheddar, sharp, sliced",24.25,33.82,2.13,410.0,36.15,0.0,460.0,76.0,644.0,0.27,usda,1
170900,"Cheese, mozzarella, low moisture, part-skim, shredded",23.63,19.72,8.06,304.0,44.81,0.0,537.0,131.0,682.0,2.24,usda,1
170901,"Yogurt, Greek, strawberry, nonfat",8.05,0.15,12.07,82.0,79.13,0.6,113.0,132.0,33.0,11.27,usda,0
170902,"Yogurt, Greek, vanilla, nonfat",8.64,0.18,10.37,78.0,80.26,0.5,119.0,123.0,34.0,9.54,usda,0
170903,"Yogurt, Greek, plain, lowfat",9.95,1.92,3.94,73.0,83.56,0.0,137.0,141.0,34.0,3.56,usda,0
170904,"Kefir, lowfat, plain, LIFEWAY",3.79,1.02,4.77,43.0,89.7,0.0,105.0,164.0,40.0,4.61,usda,0
170905,"Yogurt, Greek, fruit, whole milk",7.33,3.0,12.29,106.0,76.81,0.0,109.0,113.0,37.0,12.0,usda,0
170906,"Yogurt, vanilla, non-fat",2.94,0.0,17.04,78.0,79.0,0.0,88.0,141.0,47.0,5.88,usda,0
170907,"Yogurt, Greek, vanilla, lowfat",8.64,2.5,9.54,95.0,78.76,0.0,119.0,123.0,40.0,9.54,usda,0
170908,"Yogurt, frozen, flavors other than chocolate, lowfat",8.0,2.5,21.0,139.0,68.08,0.0,62.0,108.0,45.0,21.0,usda,0
170910,"Milk, chocolate, lowfat, reduced sugar",3.43,1.04,7.68,57.0,87.09,0.0,98.0,168.0,66.0,7.29,usda,0
170911,"Ice cream, lowfat, no sugar added, cone, added peanuts and chocolate sauce",5.33,9.33,40.01,265.0,43.85,9.3,143.0,213.0,113.0,10.67,usda,3
170915,"Yogurt, Greek, nonfat, Fruit on Bottom, Strawberry, CHOBANI",7.28,0.23,11.86,79.0,80.0,0.4,112.0,132.0,31.0,10.41,usda,0
170917,"Spices, bay leaf",7.61,8.36,74.97,313.0,5.44,26.3,113.0,529.0,23.0,1.25,usda,3
170918,"Spices, caraway seed",19.77,14.59,49.9,333.0,9.87,38.0,568.0,1351.0,17.0,0.64,usda,3
170919,"Spices, cardamom",10.76,6.7,68.47,311.0,8.28,28.0,178.0,1119.0,18.0,1.25,usda,3
170920,"Spices, celery seed",18.07,25.27,41.35,392.0,6.04,11.8,547.0,1400.0,160.0,0.67,usda,3
170921,"Spices, coriander leaf, dried",21.93,4.78,52.1,279.0,7.3,10.4,481.0,4466.0,211.0,7.27,usda,3
170922,"Spices, coriander seed",12.37,17.77,54.99,298.0,8.86,41.9,409.0,1267.0,35.0,1.25,usda,3
170923,"Spices, cumin seed",17.81,22.27,44.24,375.0,8.06,10.5,499.0,1788.0,168.0,2.25,usda,3
170924,"Spices, curry powder",14.29,14.01,55.83,325.0,8.8,53.2,367.0,1170.0,52.0,2.76,usda,3
170925,"Spices, dill seed",15.98,14.54,55.17,305.0,7.7,21.1,277.0,1186.0,20.0,1.25,usda,3
170926,"Spices, ginger, ground",8.98,4.24,71.62,335.0,9.94,14.1,168.0,1320.0,27.0,3.39,usda,3
170927,"Spices, mace, ground",6.71,32.38,50.5,475.0,8.17,20.2,110.0,463.0,80.0,1.25,usda,3
170928,"Spices, marjoram, dried",12.66,7.04,60.56,271.0,7.64,40.3,306.0,1522.0,77.0,4.09,usda,3
170929,"Spices, mustard seed, ground",26.08,36.24,28.09,508.0,5.27,12.2,828.0,738.0,13.0,6.79,usda,3
170930,"Spices, parsley, dried",26.63,5.48,50.64,292.0,5.89,26.7,436.0,2683.0,452.0,7.27,usda,3
170931,"Spices, pepper, black",10.39,3.26,63.95,251.0,12.46,25.3,158.0,1329.0,20.0,0.64,usda,3
170932,"Spices, pepper, red or cayenne",12.01,17.27,56.63,318.0,8.05,27.2,293.0,2014.0,30.0,10.34,usda,3
170933,"Spices, pepper, white",10.4,2.12,68.61,296.0,11.42,26.2,176.0,73.0,5.0,1.25,usda,3
170934,"Spices, saffron",11.43,5.85,65.37,310.0,11.9,3.9,252.0,1724.0,148.0,1.25,usda,3
170935,"Spices, sage, ground",10.63,12.75,60.73,315.0,7.96,40.3,91.0,1070.0,11.0,1.71,usda,3
170936,"Spices, savory, ground",6.73,5.91,68.73,272.0,9.0,45.7,140.0,1051.0,24.0,1.25,usda,3
170937,"Spices, tarragon, dried",22.77,7.24,50.22,295.0,7.74,7.4,313.0,3020.0,62.0,1.25,usda,3
170938,"Spices, thyme, dried",9.11,7.43,63.94,276.0,7.79,37.0,201.0,814.0,55.0,1.71,usda,3
170939,"Babyfood, vegetables, peas, strained",3.27,0.43,8.36,50.0,87.52,2.0,50.0,106.0,5.0,2.01,usda,0
170940,"Babyfood, peas, dices, toddler",3.9,0.8,10.3,64.0,84.6,3.9,67.0,81.0,48.0,4.13,usda,0
170941,"Babyfood, vegetables, spinach, creamed, strained",2.5,1.3,5.7,37.0,89.6,1.8,54.0,191.0,49.0,2.33,usda,0
170942,"Babyfood, fruit, apricot with tapioca, junior",0.3,0.0,17.3,63.0,82.1,1.5,10.0,125.0,0.0,1.4,usda,0
170943,"Babyfood, fruit, pears, junior",0.3,0.1,11.6,44.0,87.8,2.8,12.0,115.0,1.0,7.34,usda,0
170944,"Babyfood, fruit, plums with tapioca, without ascorbic acid, strained",0.1,0.0,19.7,71.0,80.0,1.2,6.0,85.0,0.0,13.34,usda,0
170945,"Babyfood, fruit, plums with tapioca, without ascorbic acid, junior",0.1,0.0,20.5,74.0,79.2,1.2,6.0,83.0,0.0,13.64,usda,0
170946,"Babyfood, fruit, prunes with tapioca, without ascorbic acid, strained",0.6,0.1,18.5,69.0,80.3,2.7,15.0,177.0,5.0,10.97,usda,0
170947,"Babyfood, fruit, applesauce and apricots, strained",0.2,0.2,11.64,44.0,87.7,1.8,9.0,120.0,0.0,9.25,usda,0
170948,"Babyfood, fruit, applesauce and apricots, junior",0.2,0.2,12.4,47.0,86.9,1.8,10.0,109.0,0.0,8.72,usda,0
170949,"Babyfood, fruit, applesauce and cherries, strained",0.0,0.0,14.1,51.0,85.63,1.1,8.0,132.0,1.0,10.81,usda,0
170950,"Babyfood, fruit, applesauce and cherries, junior",0.0,0.0,14.1,51.0,85.6,1.1,8.0,132.0,1.0,10.61,usda,0
170951,"Babyfood, fruit, applesauce with banana, junior",0.37,0.1,16.16,66.0,83.14,1.6,12.0,131.0,3.0,4.35,usda,0
170952,"Babyfood, fruit and vegetable, apple and sweet potato",0.3,0.22,15.3,64.0,84.0,1.4,17.0,149.0,3.0,11.6,usda,0
170953,"Babyfood, fruit, bananas and pineapple with tapioca, junior",0.2,0.1,18.4,68.0,81.1,1.6,5.0,78.0,0.0,8.41,usda,0
170954,"Babyfood, fruit, bananas and pineapple with tapioca, strained",0.2,0.0,17.8,65.0,81.7,1.6,5.0,68.0,0.0,10.73,usda,0
170955,"Babyfood, fruit, pears and pineapple, strained",0.3,0.1,10.9,41.0,88.5,2.6,9.0,116.0,0.0,7.79,usda,0
170956,"Babyfood, fruit, bananas with apples and pears, strained",0.9,0.22,19.31,83.0,79.0,1.4,19.0,233.0,2.0,12.76,usda,0
170957,"Babyfood, fruit, apple and blueberry, strained",0.2,0.2,16.3,61.0,83.1,1.8,8.0,69.0,1.0,13.93,usda,0
170958,"Babyfood, fruit, apple and blueberry, junior",0.2,0.2,16.6,62.0,82.8,1.8,7.0,65.0,1.0,8.83,usda,0
170959,"Babyfood, juice, apple",0.0,0.1,11.7,47.0,88.0,0.1,5.0,91.0,8.0,10.7,usda,0
170960,"Babyfood, juice, orange and apple and banana",0.4,0.1,11.5,47.0,87.6,0.1,8.0,134.0,0.0,10.03,usda,0
170961,"Babyfood, juice, orange and apricot",0.8,0.1,10.9,46.0,87.8,0.1,12.0,199.0,6.0,1.25,usda,0
170962,"Babyfood, juice, orange and banana",0.7,0.1,11.9,50.0,86.9,0.2,13.0,200.0,3.0,1.25,usda,0
170963,"Babyfood, juice, orange and pineapple",0.5,0.1,11.7,48.0,87.3,0.1,9.0,141.0,2.0,1.25,usda,0
170964,"Babyfood, cereal, mixed, dry fortified",6.66,6.66,78.21,399.0,6.7,6.7,333.0,467.0,33.0,26.66,usda,3
170965,"Babyfood, cereal, mixed, with bananas, dry",10.7,4.6,77.1,391.0,4.5,7.8,367.0,668.0,0.0,6.68,usda,3
170966,"Babyfood, cereal, mixed, with applesauce and bananas, strained",0.71,0.51,18.38,82.0,80.0,1.0,29.0,111.0,5.0,11.1,usda,0
170967,"Babyfood, cereal, mixed, with applesauce and bananas, junior, fortified",0.71,0.51,18.79,84.0,79.6,1.0,29.0,111.0,5.0,11.1,usda,0
170968,"Babyfood, cereal, oatmeal, with honey, dry",13.5,7.0,69.3,391.0,5.8,0.2,733.0,259.0,47.0,1.25,usda,3
170969,"Babyfood, cereal, rice, dry fortified",6.65,2.19,83.14,390.0,5.13,1.3,273.0,281.0,32.0,4.85,usda,3
170970,"Babyfood, cereal, rice, with applesauce and bananas, strained",1.2,0.4,17.1,80.0,81.0,1.0,12.0,28.0,4.0,2.24,usda,0
170971,"Babyfood, cereal, with egg yolks, strained",1.9,1.8,7.0,51.0,88.8,0.9,40.0,39.0,33.0,1.25,usda,0
170972,"Babyfood, crackers, vegetable",8.4,19.6,66.85,477.0,2.0,4.0,198.0,245.0,633.0,13.0,usda,3
170973,"Babyfood, cereal, high protein, with apple and orange, dry",25.4,6.5,57.6,374.0,5.3,7.1,539.0,1330.0,104.0,1.25,usda,3
170974,"Babyfood, cereal, rice, with bananas, dry",8.7,4.2,79.9,404.0,4.7,1.0,410.0,769.0,0.0,16.7,usda,3
170975,"Babyfood, cookies",11.8,13.2,67.1,433.0,5.9,0.2,179.0,501.0,300.0,24.2,usda,3
170976,"Babyfood, dessert, dutch apple, strained",0.2,0.4,19.74,75.0,79.5,1.4,3.0,33.0,0.0,17.89,usda,0
170977,"Babyfood, dessert, dutch apple, junior",0.2,0.16,19.18,79.0,80.32,1.4,7.0,67.0,3.0,17.89,usda,0
170978,"Babyfood, cherry cobbler, junior",0.3,0.1,19.2,78.0,79.8,0.2,6.0,45.0,0.0,10.39,usda,0
170979,"Babyfood, dessert, cherry vanilla pudding, strained",0.2,0.3,17.8,68.0,81.5,0.3,7.0,34.0,0.0,9.15,usda,0
170980,"Babyfood, dessert, peach melba, strained",0.2,0.0,16.5,60.0,82.9,0.2,5.0,83.0,9.0,1.25,usda,0
170981,"Babyfood, dessert, peach melba, junior",0.3,0.0,16.4,60.0,83.0,0.2,5.0,93.0,9.0,1.25,usda,0
170982,"Babyfood, dessert, fruit pudding, pineapple, strained",1.3,0.3,20.3,81.0,77.6,0.7,31.0,81.0,0.0,10.28,usda,0
170983,"Babyfood, dessert, fruit dessert, without ascorbic acid, strained",0.3,0.0,16.0,59.0,83.4,0.6,7.0,94.0,0.0,12.6,usda,0
170984,"Babyfood, juice, fruit punch, with calcium",0.2,0.1,12.7,52.0,86.5,0.4,11.0,86.0,4.0,10.6,usda,0
170985,"Babyfood, juice, apple, with calcium",0.06,0.1,11.1,46.0,88.3,0.4,8.0,92.0,3.0,9.0,usda,0
170986,"Infant Formula, MEAD JOHNSON, ENFAMIL, ENFACARE, ready-to-feed, with ARA and DHA",2.0,3.8,7.73,73.0,86.0,0.0,48.0,76.0,27.0,3.2,usda,0
170987,"Babyfood, yogurt, whole milk, with fruit, multigrain cereal and added DHA fortified",3.4,3.53,13.22,98.0,79.16,0.3,95.0,149.0,41.0,11.46,usda,0
170988,"Infant formula, ABBOTT NUTRITION, ALIMENTUM ADVANCE, with iron, powder, not reconstituted, with DHA and ARA",13.99,28.19,51.91,517.0,1.5,0.0,382.0,598.0,224.0,34.18,usda,3
170989,"Babyfood, mashed cheddar potatoes and broccoli, toddlers",1.11,1.47,7.47,48.0,88.97,1.2,24.0,118.0,176.0,1.17,usda,0
170990,"Babyfood, yogurt, whole milk, with fruit, multigrain cereal and added iron fortified",3.05,3.08,13.0,92.0,80.21,0.6,86.0,143.0,38.0,11.46,usda,0
170991,"Infant formula, NESTLE, GOOD START SOY, with DHA and ARA, liquid concentrate",3.31,6.67,14.71,132.0,74.2,0.0,84.0,154.0,53.0,11.74,usda,0
170992,"Toddler formula, MEAD JOHNSON, ENFAGROW, Toddler Transitions, with ARA and DHA, powder",12.9,26.9,52.8,505.0,2.4,0.0,650.0,650.0,179.0,33.0,usda,3
170993,"Toddler formula, MEAD JOHNSON, ENFAGROW PREMIUM (formerly ENFAMIL, LIPIL, NEXT STEP), ready-to-feed",1.78,3.63,7.18,64.0,87.5,0.0,89.0,89.0,25.0,7.18,usda,0
170994,"Infant Formula, MEAD JOHNSON, ENFAMIL, Newborn, with DHA and ARA, ready-to-feed",1.38,3.48,7.81,68.0,87.0,0.0,28.0,71.0,18.0,6.8,usda,0
170995,"Infant formula, GERBER, GOOD START 2 Soy, with iron, ready-to-feed",1.84,3.28,7.15,65.0,87.68,0.0,70.0,76.0,26.0,7.14,usda,0
170996,"Infant formula, GERBER, GOOD START, PROTECT PLUS, ready-to-feed",1.44,3.36,7.17,65.0,87.86,0.0,25.0,71.0,18.0,7.17,usda,0
170997,"Infant Formula, GERBER GOOD START 2, GENTLE PLUS, ready-to-feed",1.44,3.34,7.61,66.0,87.5,0.0,70.0,71.0,18.0,7.61,usda,0
170998,"Babyfood, fruit, banana and strawberry, junior",0.71,0.37,25.78,109.0,72.23,1.4,24.0,395.0,1.0,19.29,usda,0
170999,"Babyfood, banana with mixed berries, strained",1.01,0.36,21.31,92.0,76.68,1.0,20.0,283.0,0.0,15.0,usda,0
171000,"Babyfood, Multigrain whole grain cereal, dry fortified",6.67,6.67,80.06,407.0,4.58,6.7,333.0,467.0,33.0,26.67,usda,3
171001,"Babyfood, Baby MUM MUM Rice Biscuits",12.5,0.87,83.21,391.0,2.42,0.0,127.0,504.0,313.0,12.5,usda,3
171002,"Salad dressing, KRAFT Mayo Light Mayonnaise",0.6,32.9,8.5,334.0,55.4,0.1,58.0,52.0,633.0,4.2,usda,3
171003,"Salad dressing, KRAFT Mayo Fat Free Mayonnaise Dressing",0.2,0.0,15.8,64.0,81.8,2.0,27.0,50.0,750.0,6.8,usda,0
171004,"Salad dressing, KRAFT MIRACLE WHIP FREE Nonfat Dressing",0.2,2.7,15.5,84.0,78.7,1.9,5.0,49.0,788.0,10.3,usda,0
171005,"Salad dressing, russian dressing",0.69,26.18,31.9,355.0,38.53,0.7,20.0,173.0,1133.0,17.68,usda,3
171006,"Salad dressing, sesame seed dressing, regular",3.1,45.2,8.6,443.0,39.2,1.0,37.0,157.0,1000.0,8.32,usda,3
171007,"Salad dressing, russian dressing, low calorie",0.5,4.0,27.6,141.0,65.0,0.3,37.0,157.0,868.0,21.87,usda,0
171008,"Salad dressing, thousand island dressing, reduced fat",0.83,11.32,24.06,195.0,60.73,1.2,14.0,202.0,955.0,17.31,usda,3
171009,"Salad dressing, mayonnaise, regular",0.96,74.85,0.57,680.0,21.65,0.0,21.0,20.0,635.0,0.57,usda,2
171010,"Salad dressing, mayonnaise, soybean and safflower oil, with salt",1.1,79.4,2.7,717.0,15.3,0.0,28.0,34.0,568.0,0.48,usda,1
171011,"Shortening, household, soybean (partially hydrogenated)-cottonseed (partially hydrogenated)",0.0,100.0,0.0,884.0,0.0,0.0,0.0,0.0,0.0,0.0,usda,2
171012,"Oil, soybean, salad or cooking, (partially hydrogenated)",0.0,100.0,0.0,884.0,0.0,0.0,0.0,0.0,0.0,0.0,usda,2
171013,"Oil, rice bran",0.0,100.0,0.0,884.0,0.0,0.0,0.0,0.0,0.0,0.0,usda,2
171014,"Oil, wheat germ",0.0,100.0,0.0,884.0,0.0,0.0,0.0,0.0,0.0,0.0,usda,2
171015,"Oil, palm",0.0,100.0,0.0,884.0,0.0,0.0,0.0,0.0,0.0,0.0,usda,2
171016,"Oil, sesame, salad or cooking",0.0,100.0,0.0,884.0,0.0,0.0,0.0,0.0,0.0,0.0,usda,2
171017,"Oil, sunflower, linoleic (less than 60%)",0.0,100.0,0.0,884.0,0.0,0.0,0.0,0.0,0.0,0.0,usda,2
171018,"Margarine, regular, hard, soybean (hydrogenated)",0.9,80.5,0.9,719.0,15.7,0.0,23.0,42.0,943.0,0.0,usda,1
171019,"Salad dressing, italian dressing, commercial, regular",0.41,21.12,12.12,240.0,63.4,0.0,15.0,84.0,993.0,10.77,usda,0
171020,"Salad dressing, french dressing, commercial, regular, without salt",0.77,44.81,15.58,459.0,36.56,0.0,19.0,67.0,0.0,15.95,usda,0
171021,"Salad dressing, french dressing, reduced fat, without salt",0.58,13.46,29.28,233.0,54.28,1.1,16.0,107.0,30.0,28.45,usda,0
171022,"Salad dressing, italian dressing, commercial, regular, without salt",0.38,28.37,10.43,292.0,56.4,0.0,9.0,48.0,30.0,8.32,usda,0
171023,"Salad dressing, italian dressing, reduced fat, without salt",0.47,6.38,4.57,76.0,84.68,0.0,11.0,85.0,30.0,4.55,usda,0
171024,"Oil, cottonseed, salad or cooking",0.0,100.0,0.0,884.0,0.0,0.0,0.0,0.0,0.0,0.0,usda,2
171025,"Oil, sunflower, linoleic, (approx. 65%)",0.0,100.0,0.0,884.0,0.0,0.0,0.0,0.0,0.0,0.0,usda,2
171026,"Oil, safflower, salad or cooking, linoleic, (over 70%)",0.0,100.0,0.0,884.0,0.0,0.0,0.0,0.0,0.0,0.0,usda,2
171027,"Oil, safflower, salad or cooking, high oleic (primary safflower oil of commerce)",0.0,100.0,0.0,884.0,0.0,0.0,0.0,0.0,0.0,0.0,usda,2
171028,"Oil, grapeseed",0.0,100.0,0.0,884.0,0.0,0.0,0.0,0.0,0.0,0.0,usda,2
171029,"Oil, corn, industrial and retail, all purpose salad or cooking",0.0,100.0,0.0,900.0,0.0,0.0,0.0,0.0,0.0,0.0,usda,2
171030,"Oil, walnut",0.0,100.0,0.0,884.0,0.0,0.0,0.0,0.0,0.0,0.0,usda,2
171031,"Oil, almond",0.0,100.0,0.0,884.0,0.0,0.0,0.0,0.0,0.0,0.0,usda,2
171032,"Oil, apricot kernel",0.0,100.0,0.0,884.0,0.0,0.0,0.0,0.0,0.0,0.0,usda,2
171034,"Salad dressing, honey mustard dressing, reduced calorie",0.98,10.0,28.26,207.0,57.19,0.8,28.0,55.0,701.0,18.33,usda,0
171035,"Margarine-like spread, BENECOL Light Spread",0.0,38.71,5.71,357.0,53.73,0.2,4.0,4.0,670.0,1.25,usda,2
171037,"Salad Dressing, mayonnaise, light, SMART BALANCE, Omega Plus light",1.53,34.18,9.39,333.0,52.44,0.2,27.0,63.0,848.0,5.38,usda,3
171038,"Margarine-like, vegetable oil spread, 60% fat, tub, with salt, with added vitamin D",0.17,59.81,0.86,533.0,37.58,0.0,16.0,30.0,785.0,0.0,usda,1
171039,"Margarine-like vegetable-oil spread, stick/tub/bottle, 60% fat, with added vitamin D",0.6,59.17,0.0,535.0,38.68,0.0,16.0,30.0,785.0,0.0,usda,1
171040,"Margarine, regular, 80% fat, composite, stick, without salt, with added vitamin D",0.16,80.71,0.7,717.0,16.52,0.0,5.0,18.0,2.0,0.0,usda,2
171041,"Margarine-like, vegetable oil spread, 60% fat, stick/tub/bottle, without salt, with added vitamin D",0.17,59.81,0.86,542.0,37.58,0.0,16.0,30.0,2.0,0.0,usda,2
171042,"Oil, industrial, canola, high oleic",0.0,100.0,0.0,900.0,0.0,0.0,0.0,0.0,0.0,0.0,usda,2
171043,"Salad dressing, honey mustard, regular",0.87,40.83,23.33,464.0,32.64,0.4,22.0,20.0,512.0,15.84,usda,3
171044,"Salad dressing, poppyseed, creamy",0.92,33.33,23.73,399.0,38.85,0.3,49.0,61.0,933.0,23.39,usda,3
171045,"Salad dressing, caesar, fat-free",1.47,0.23,30.73,131.0,64.1,0.2,30.0,48.0,1265.0,8.82,usda,0
171046,"Dressing, honey mustard, fat-free",1.07,1.47,38.43,169.0,56.17,1.2,37.0,69.0,1004.0,17.75,usda,0
171047,"Chicken, broilers or fryers, meat and skin and giblets and neck, raw",18.33,14.83,0.13,213.0,66.34,0.0,149.0,189.0,70.0,1.25,usda,1
171048,"Chicken, broilers or fryers, meat and skin and giblets and neck, cooked, fried, batter",22.84,17.53,9.03,291.0,49.29,0.2,158.0,190.0,284.0,1.25,usda,1
171049,"Chicken, broilers or fryers, meat and skin and giblets and neck, cooked, fried, flour",28.57,15.27,3.27,272.0,51.88,0.2,194.0,237.0,86.0,1.25,usda,1
171050,"Chicken, broilers or fryers, meat and skin and giblets and neck, roasted",26.78,13.27,0.06,234.0,60.11,0.0,182.0,212.0,79.0,0.0,usda,1
171051,"Chicken, broilers or fryers, meat and skin, cooked, stewed",24.68,12.56,0.0,219.0,63.93,0.0,139.0,166.0,67.0,0.0,usda,1
171052,"Chicken, broilers or fryers, meat only, raw",21.39,3.08,0.0,119.0,75.46,0.0,173.0,229.0,77.0,0.0,usda,1
171053,"Chicken, broilers or fryers, meat only, cooked, fried",30.57,9.12,1.69,219.0,57.53,0.1,205.0,257.0,91.0,0.0,usda,1
171054,"Chicken, broilers or fryers, meat only, cooked, roasted",28.93,7.41,0.0,190.0,63.79,0.0,195.0,243.0,86.0,0.0,usda,1
171055,"Chicken, broilers or fryers, skin only, cooked, roasted",20.36,40.68,0.0,454.0,40.29,0.0,125.0,136.0,65.0,0.0,usda,1
171056,"Chicken, broilers or fryers, skin only, cooked, stewed",15.22,33.04,0.0,363.0,53.27,0.0,99.0,117.0,56.0,1.25,usda,1
171057,"Chicken, broilers or fryers, giblets, raw",17.88,4.47,1.8,124.0,74.87,0.0,197.0,228.0,77.0,1.25,usda,1
171058,"Chicken, broilers or fryers, giblets, cooked, fried",32.54,13.46,4.35,277.0,47.89,0.0,286.0,330.0,113.0,1.25,usda,1
171059,"Chicken, heart, all classes, cooked, simmered",26.41,7.92,0.1,185.0,64.85,0.0,199.0,132.0,48.0,1.25,usda,1
171060,"Chicken, liver, all classes, raw",16.92,4.83,0.73,119.0,76.46,0.0,297.0,230.0,71.0,0.0,usda,1
171061,"Chicken, liver, all classes, cooked, simmered",24.46,6.51,0.87,167.0,66.81,0.0,405.0,263.0,76.0,0.0,usda,1
171062,"Chicken, broilers or fryers, light meat, meat and skin, raw",20.27,11.07,0.0,186.0,68.6,0.0,163.0,204.0,65.0,0.0,usda,1
171063,"Chicken, broilers or fryers, dark meat, meat and skin, cooked, fried, batter",21.85,18.64,9.38,298.0,48.82,0.2,145.0,185.0,295.0,1.25,usda,1
171064,"Chicken, broilers or fryers, dark meat, meat and skin, cooked, fried, flour",27.22,16.91,4.08,285.0,50.82,0.0,176.0,230.0,89.0,0.0,usda,1
171065,"Chicken, broilers or fryers, dark meat, meat and skin, cooked, roasted",25.97,15.78,0.0,253.0,58.63,0.0,168.0,220.0,87.0,1.25,usda,1
171066,"Chicken, broilers or fryers, dark meat, meat and skin, cooked, stewed",23.5,14.66,0.0,233.0,62.99,0.0,133.0,166.0,70.0,1.25,usda,1
171067,"Chicken, broilers or fryers, dark meat, meat only, raw",20.08,4.31,0.0,125.0,75.99,0.0,162.0,222.0,85.0,0.0,usda,1
171068,"Chicken, broilers or fryers, dark meat, meat only, cooked, fried",28.99,11.62,2.59,239.0,55.7,0.0,187.0,253.0,97.0,1.25,usda,1
171069,"Chicken, broilers or fryers, dark meat, meat only, cooked, roasted",27.37,9.73,0.0,205.0,63.06,0.0,179.0,240.0,93.0,0.0,usda,1
171070,"Chicken, broilers or fryers, dark meat, meat only, cooked, stewed",25.97,8.98,0.0,192.0,65.83,0.0,143.0,181.0,74.0,0.0,usda,1
171071,"Chicken, broilers or fryers, back, meat and skin, cooked, roasted",25.95,20.97,0.0,300.0,53.52,0.0,154.0,210.0,87.0,0.0,usda,1
171072,"Chicken, broilers or fryers, back, meat and skin, cooked, stewed",22.18,18.14,0.0,258.0,60.93,0.0,120.0,145.0,64.0,0.0,usda,1
171073,"Chicken, broilers or fryers, back, meat only, raw",19.56,5.92,0.0,137.0,75.31,0.0,151.0,204.0,82.0,0.0,usda,1
171074,"Chicken, broilers or fryers, back, meat only, cooked, fried",29.99,15.32,5.68,288.0,47.87,0.0,176.0,251.0,99.0,1.25,usda,1
171075,"Chicken, broilers or fryers, breast, meat and skin, cooked, roasted",29.8,7.78,0.0,197.0,62.44,0.0,214.0,245.0,71.0,0.0,usda,1
171076,"Chicken, broilers or fryers, breast, meat and skin, cooked, stewed",27.39,7.42,0.0,184.0,66.21,0.0,156.0,178.0,62.0,0.0,usda,1
171077,"Chicken, broiler or fryers, breast, skinless, boneless, meat only, raw",22.5,2.62,0.0,120.0,73.9,0.0,213.0,334.0,45.0,0.0,usda,1
171078,"Chicken, broilers or fryers, breast, meat only, cooked, fried",33.44,4.71,0.51,187.0,60.21,0.0,246.0,276.0,79.0,0.0,usda,1
171079,"Squab, (pigeon), meat only, raw",17.5,7.5,0.0,142.0,72.8,0.0,307.0,237.0,51.0,1.25,usda,1
171080,"Squab, (pigeon), light meat without skin, raw",21.76,4.52,0.0,134.0,72.82,0.0,228.0,260.0,55.0,1.25,usda,1
171081,"Turkey, whole, meat and skin, raw",21.64,5.64,0.14,144.0,72.69,0.0,183.0,224.0,112.0,0.07,usda,1
171082,"Turkey, whole, skin (light and dark), roasted",23.94,39.31,0.57,459.0,34.91,0.0,233.0,242.0,116.0,0.0,usda,1
171083,"Turkey, whole, giblets, raw",18.18,5.09,0.07,124.0,76.03,0.0,223.0,198.0,136.0,0.0,usda,1
171084,"Turkey, whole, giblets, cooked, simmered",26.44,6.61,0.0,173.0,66.65,0.0,249.0,177.0,117.0,0.0,usda,1
171085,"Turkey, gizzard, all classes, raw",18.8,3.37,0.0,111.0,77.47,0.0,164.0,185.0,147.0,0.0,usda,1
171086,"Turkey, whole, neck, meat only, raw",16.51,6.04,0.0,125.0,75.92,0.0,160.0,133.0,233.0,0.0,usda,1
171087,"Turkey, whole, neck, meat only, cooked, simmered",22.48,7.36,0.0,162.0,69.47,0.0,182.0,114.0,246.0,0.0,usda,1
171088,"Turkey, whole, light meat, meat and skin, raw",21.96,7.43,0.15,161.0,70.68,0.0,188.0,223.0,105.0,0.06,usda,1
171089,"Turkey, whole, light meat, meat and skin, cooked, roasted",29.55,5.57,0.05,177.0,64.79,0.0,230.0,248.0,101.0,0.0,usda,1
171090,"Turkey, whole, dark meat, meat only, raw",21.28,2.5,0.15,108.0,76.01,0.0,176.0,226.0,124.0,0.1,usda,1
171091,"Turkey, whole, dark meat, cooked, roasted",27.71,6.04,0.0,173.0,65.23,0.0,212.0,227.0,104.0,0.0,usda,1
171092,"Turkey, all classes, back, meat and skin, cooked, roasted",26.59,14.38,0.16,244.0,57.94,0.0,189.0,260.0,73.0,0.0,usda,1
171093,"Turkey, all classes, breast, meat and skin, raw",21.89,7.02,0.0,157.0,70.05,0.0,186.0,275.0,59.0,1.25,usda,1
171094,"Turkey, all classes, wing, meat and skin, cooked, roasted",27.38,12.43,0.0,229.0,59.49,0.0,197.0,266.0,61.0,0.0,usda,1
171095,"Turkey, fryer-roasters, meat and skin, cooked, roasted",28.26,5.72,0.0,172.0,65.76,0.0,198.0,250.0,66.0,0.0,usda,1
171096,"Turkey, whole, back, meat only, raw",21.28,2.5,0.15,113.0,76.01,0.0,176.0,226.0,124.0,0.1,usda,1
171097,"Turkey, whole, back, meat only, cooked, roasted",27.71,6.04,0.0,173.0,65.23,0.0,212.0,227.0,104.0,0.0,usda,1
171098,"Turkey, whole, breast, meat only, raw",23.66,1.48,0.14,114.0,74.89,0.0,201.0,242.0,113.0,0.05,usda,1
171099,"Chicken, canned, meat only, with broth",21.77,7.95,0.0,165.0,68.65,0.0,111.0,138.0,503.0,0.0,usda,1
171100,"Pate de foie gras, canned (goose liver pate), smoked",11.4,43.84,4.67,462.0,37.04,0.0,200.0,138.0,697.0,1.25,usda,1
171101,"Turkey, canned, meat only, with broth",23.68,6.86,1.47,169.0,66.07,0.0,162.0,224.0,518.0,0.0,usda,1
171102,"Turkey, diced, light and dark meat, seasoned",18.7,6.0,1.0,138.0,71.7,0.0,240.0,310.0,850.0,1.25,usda,1
171103,"Turkey sticks, breaded, battered, fried",14.2,16.9,17.0,279.0,49.4,0.2,234.0,260.0,838.0,1.25,usda,1
171104,"Poultry, mechanically deboned, from backs and necks with skin, raw",11.39,24.73,0.0,272.0,62.66,0.0,132.0,104.0,40.0,1.25,usda,1
171105,"Poultry, mechanically deboned, from backs and necks without skin, raw",13.79,15.48,0.0,199.0,69.29,0.0,154.0,128.0,51.0,1.25,usda,1
171106,"Poultry, mechanically deboned, from mature hens, raw",14.72,19.98,0.0,243.0,62.95,0.0,132.0,104.0,40.0,1.25,usda,1
171107,"Chicken, cornish game hens, meat and skin, cooked, roasted",22.27,18.21,0.0,259.0,58.68,0.0,146.0,245.0,64.0,0.0,usda,1
171108,"Chicken, cornish game hens, meat only, raw",20.04,3.33,0.0,116.0,75.84,0.0,160.0,269.0,68.0,0.0,usda,1
171109,"Chicken, cornish game hens, meat only, cooked, roasted",23.3,3.87,0.0,134.0,71.9,0.0,149.0,250.0,63.0,0.0,usda,1
171110,"Chicken, canned, no broth",25.3,8.1,0.9,185.0,64.9,0.0,153.0,153.0,482.0,0.0,usda,1
171111,"Chicken, wing, frozen, glazed, barbecue flavored",19.67,12.67,3.34,211.0,61.79,0.6,205.0,190.0,615.0,2.04,usda,1
171114,"Chicken, broiler, rotisserie, BBQ, drumstick, meat only",27.71,6.76,0.0,172.0,64.11,0.0,248.0,291.0,403.0,0.0,usda,1
171115,"Chicken, wing, frozen, glazed, barbecue flavored, heated (conventional oven)",22.24,14.87,3.36,242.0,57.25,0.5,233.0,218.0,559.0,1.94,usda,1
171116,"Chicken, ground, raw",17.44,8.1,0.04,143.0,73.24,0.0,178.0,522.0,60.0,0.0,usda,1
171117,"Chicken, ground, crumbles, cooked, pan-browned",23.28,10.92,0.0,189.0,64.92,0.0,234.0,677.0,75.0,0.0,usda,1
171118,"Chicken, broiler, rotisserie, BBQ, thigh, meat only",24.09,10.74,0.0,193.0,64.35,0.0,216.0,262.0,335.0,0.0,usda,1
171119,"Chicken, feet, boiled",19.4,14.6,0.2,215.0,65.8,0.0,83.0,31.0,67.0,0.0,usda,1
171120,"Chicken, broilers or fryers, rotisserie, original seasoning, thigh, meat only, cooked",24.06,11.09,0.0,196.0,63.89,0.0,217.0,264.0,337.0,0.0,usda,1
171121,"Chicken, broilers or fryers, rotisserie, original seasoning, wing, meat only, cooked",27.69,9.53,0.0,197.0,61.13,0.0,264.0,322.0,725.0,0.0,usda,1
171122,"Chicken, broilers or fryers, rotisserie, original seasoning, back, meat and skin, cooked",23.23,18.59,0.03,260.0,56.44,0.0,249.0,291.0,584.0,0.03,usda,1
171123,"Chicken, broilers or fryers, rotisserie, original seasoning, breast, meat and skin, cooked",27.48,8.18,0.02,184.0,63.49,0.0,255.0,289.0,347.0,0.02,usda,1
171124,"Chicken, broiler, rotisserie, BBQ, back, meat and skin",20.29,18.86,0.4,251.0,59.41,0.0,217.0,254.0,509.0,0.4,usda,1
171125,"Chicken, broiler, rotisserie, BBQ, breast, meat and skin",26.37,7.67,0.09,175.0,65.19,0.0,244.0,276.0,329.0,0.09,usda,1
171126,"Chicken, broiler, rotisserie, BBQ, drumstick, meat and skin",25.65,11.46,0.12,206.0,61.42,0.0,245.0,279.0,392.0,0.12,usda,1
171127,"Chicken, broiler, rotisserie, BBQ, thigh, meat and skin",22.51,15.08,0.12,226.0,61.41,0.0,218.0,255.0,335.0,0.12,usda,1
171128,"Turkey, drumstick, from whole bird, meat only, with added solution, roasted",26.1,6.0,0.0,158.0,66.85,0.0,208.0,227.0,201.0,0.0,usda,1
171129,"Turkey, thigh, from whole bird, meat only, with added solution, raw",19.27,4.12,0.15,115.0,75.86,0.0,191.0,226.0,167.0,0.1,usda,1
171130,"Turkey, retail parts, breast, meat and skin, with added solution, raw",20.79,6.75,0.03,144.0,72.76,0.0,171.0,221.0,126.0,0.01,usda,1
171131,"Turkey, thigh, from whole bird, meat only, with added solution, roasted",26.1,6.0,0.0,158.0,66.85,0.0,208.0,227.0,201.0,0.0,usda,1
171132,"Turkey, retail parts, wing, meat and skin, raw",19.53,13.79,0.05,202.0,66.78,0.0,139.0,192.0,67.0,0.03,usda,1
171133,"Turkey, retail parts, wing, meat and skin, cooked, roasted",28.74,13.29,0.13,235.0,57.34,0.0,192.0,215.0,106.0,0.0,usda,1
171134,"Turkey, retail parts, drumstick, meat and skin, raw",19.96,6.84,0.0,141.0,73.37,0.0,151.0,208.0,86.0,0.0,usda,1
171135,"Turkey, retail parts, drumstick, meat and skin, cooked, roasted",28.21,9.37,0.0,197.0,62.57,0.0,196.0,254.0,112.0,0.0,usda,1
171136,"Turkey, drumstick, from whole bird, meat only, raw",23.66,1.48,0.14,109.0,74.89,0.0,201.0,242.0,113.0,0.05,usda,1
171137,"Turkey, retail parts, thigh, meat and skin, cooked, roasted",23.95,9.5,0.41,183.0,65.12,0.0,187.0,273.0,101.0,0.0,usda,1
171138,"Turkey, back, from whole bird, meat and skin, with added solution, raw",16.86,15.41,0.15,206.0,66.93,0.0,159.0,185.0,157.0,0.1,usda,1
171139,"Turkey, back, from whole bird, meat and skin, with added solution, roasted",25.8,11.36,0.0,205.0,62.1,0.0,252.0,252.0,237.0,0.0,usda,1
171140,"Chicken, broiler or fryers, breast, skinless, boneless, meat only, cooked, braised",32.06,3.24,0.0,157.0,65.32,0.0,241.0,343.0,47.0,0.0,usda,1
171141,"Soup, black bean, canned, condensed",4.83,1.32,15.42,91.0,75.33,6.8,75.0,250.0,970.0,2.49,usda,3
171142,"Soup, bean with pork, canned, condensed",5.88,4.42,16.97,129.0,70.17,5.9,98.0,375.0,672.0,3.0,usda,3
171143,"Soup, bean with frankfurters, canned, condensed",7.6,5.31,16.75,142.0,67.7,4.6,126.0,363.0,831.0,1.25,usda,3
171144,"Soup, bean with ham, canned, chunky, ready-to-serve",5.19,3.5,11.16,95.0,78.63,4.6,59.0,175.0,400.0,1.25,usda,0
171145,"Soup, chicken, canned, chunky, ready-to-serve",5.06,2.64,6.88,71.0,84.12,0.6,45.0,70.0,354.0,0.87,usda,0
171146,"Soup, cream of chicken, canned, condensed",2.38,5.77,7.16,90.0,82.75,0.0,31.0,49.0,702.0,0.54,usda,0
171147,"Soup, chicken gumbo, canned, condensed",2.1,1.14,6.67,45.0,88.02,1.6,20.0,60.0,693.0,1.93,usda,0
171148,"Soup, chunky chicken noodle, canned, ready-to-serve",3.09,1.16,4.46,41.0,89.88,0.8,36.0,117.0,306.0,0.38,usda,0
171149,"Soup, chicken vegetable, canned, condensed",2.94,2.32,7.01,61.0,85.52,0.7,33.0,126.0,706.0,1.26,usda,0
171150,"Soup, chili beef, canned, condensed",5.09,2.53,18.86,117.0,70.86,2.5,113.0,400.0,788.0,5.09,usda,3
171151,"Soup, clam chowder, manhattan style, canned, chunky, ready-to-serve",3.02,1.41,7.84,56.0,86.04,1.2,35.0,160.0,417.0,1.67,usda,0
171152,"Soup, clam chowder, manhattan, canned, condensed",1.74,1.76,9.74,61.0,84.3,1.2,33.0,150.0,698.0,2.7,usda,0
171153,"Soup, minestrone, canned, condensed",3.48,2.05,9.17,68.0,82.95,0.8,46.0,255.0,516.0,1.5,usda,0
171154,"Soup, mushroom barley, canned, condensed",1.5,1.8,9.6,61.0,84.9,0.2,50.0,76.0,573.0,1.25,usda,0
171155,"Soup, cream of mushroom, canned, condensed",1.35,5.3,6.8,79.0,84.7,0.7,24.0,64.0,691.0,0.4,usda,0
171156,"Soup, mushroom with beef stock, canned, condensed",2.51,3.21,7.41,68.0,84.6,0.1,29.0,126.0,773.0,2.28,usda,0
171157,"Soup, pea, split with ham, canned, condensed",7.68,3.28,20.81,141.0,65.67,1.7,159.0,297.0,630.0,1.25,usda,3
171158,"Soup, cream of potato, canned, condensed",1.51,1.88,12.79,74.0,82.0,1.3,41.0,165.0,604.0,1.44,usda,0
171159,"Soup, cream of shrimp, canned, condensed",2.22,4.14,6.53,72.0,84.85,0.2,26.0,47.0,685.0,1.25,usda,0
171160,"Soup, tomato beef with noodle, canned, condensed",3.55,3.42,16.87,112.0,74.08,1.2,45.0,176.0,731.0,1.25,usda,0
171161,"Soup, vegetarian vegetable, canned, condensed",1.72,1.58,9.78,59.0,84.91,0.5,28.0,171.0,516.0,3.13,usda,0
171162,"Soup, chunky beef, canned, ready-to-serve",3.97,1.11,10.08,66.0,83.34,0.6,50.0,140.0,338.0,0.67,usda,0
171163,"Soup, vegetable beef, canned, condensed",4.45,1.51,8.11,63.0,83.69,1.6,32.0,138.0,706.0,0.89,usda,0
171164,"Soup, vegetable with beef broth, canned, condensed",2.42,1.56,10.7,66.0,83.27,1.3,32.0,157.0,515.0,1.64,usda,0
171165,"Soup, onion, dry, mix",7.48,0.34,65.07,293.0,3.79,6.6,211.0,721.0,8031.0,4.65,usda,3
171166,"Soup, cream of vegetable, dry, powder",8.0,24.1,52.1,446.0,2.9,3.0,228.0,408.0,3857.0,17.51,usda,3
171167,"Sauce, teriyaki, ready-to-serve",5.93,0.02,15.56,89.0,67.69,0.1,154.0,225.0,3833.0,14.1,usda,0
171168,"Gravy, au jus, canned",1.2,0.2,2.5,16.0,94.5,0.0,30.0,81.0,478.0,1.25,usda,0
171169,"Gravy, au jus, dry",9.2,9.63,47.49,313.0,2.74,0.2,153.0,279.0,11588.0,1.25,usda,3
171170,"Gravy, mushroom, canned",1.26,2.71,5.47,50.0,89.0,0.4,15.0,106.0,570.0,1.25,usda,0
171171,"Gravy, mushroom, dry, powder",10.0,4.0,64.66,328.0,3.34,4.8,203.0,262.0,6580.0,3.26,usda,3
171172,"Gravy, onion, dry, mix",9.0,3.0,67.64,322.0,4.36,6.0,203.0,262.0,4186.0,1.25,usda,3
171173,"Gravy, pork, dry, powder",8.78,8.63,63.57,367.0,4.43,2.4,188.0,235.0,5356.0,24.73,usda,3
171174,"Sauce, sofrito, prepared from recipe",12.8,18.2,5.46,237.0,59.66,1.7,139.0,401.0,1145.0,1.25,usda,1
171175,"Soup, beef mushroom, canned, condensed",4.6,2.4,5.2,61.0,85.5,0.2,29.0,126.0,709.0,1.25,usda,0
171176,"Soup, tomato, canned, prepared with equal volume water, commercial",0.71,0.21,7.45,32.0,90.55,0.5,15.0,275.0,186.0,4.03,usda,0
171177,"Soup, ramen noodle, any flavor, dry",10.17,17.59,60.26,440.0,6.52,2.9,115.0,181.0,1855.0,1.98,usda,3
171178,"Soup, broccoli cheese, canned, condensed, commercial",2.1,5.3,7.7,87.0,82.7,1.8,42.0,207.0,661.0,2.12,usda,0
171179,"Soup, SWANSON, beef broth, lower sodium",1.2,0.08,0.21,6.0,98.0,0.2,10.0,23.0,180.0,0.2,usda,0
171180,"Soup, SWANSON, vegetable broth",0.23,0.07,1.02,6.0,97.92,0.0,3.0,20.0,303.0,0.57,usda,0
171185,"Sauce, pesto, MEZZETTA, NAPA VALLEY BISTRO, basil pesto, ready-to-serve",6.69,49.88,5.12,496.0,35.07,1.3,149.0,205.0,897.0,1.25,usda,3
171186,"Sauce, hot chile, sriracha",1.93,0.93,19.16,93.0,71.84,2.2,46.0,321.0,2124.0,15.11,usda,0
171187,"Sauce, hot chile, sriracha, CHA! BY TEXAS PETE",2.02,0.98,22.73,108.0,66.25,2.1,46.0,302.0,2903.0,15.65,usda,0
171188,"Sauce, hot chile, sriracha, TUONG OT SRIRACHA",1.86,0.9,15.87,79.0,76.71,2.2,46.0,341.0,1540.0,10.48,usda,0
171190,"Soup, beef and vegetables, canned, ready-to-serve",3.18,1.16,6.16,48.0,88.22,1.2,48.0,174.0,326.0,1.25,usda,0
171191,"Sauce, cheese, ready-to-serve",6.71,13.29,6.83,174.0,70.5,0.5,157.0,30.0,828.0,0.42,usda,1
171192,"Sauce, pasta, spaghetti/marinara, ready-to-serve",1.39,1.61,7.43,50.0,87.87,1.8,34.0,320.0,437.0,4.91,usda,0
171193,"Beef, chuck, short ribs, boneless, separable lean only, trimmed to 0"" fat, select, raw",20.14,8.99,0.0,161.0,70.24,0.0,181.0,303.0,93.0,0.0,usda,1
171194,"Beef, chuck eye Country-Style ribs, boneless, separable lean only, trimmed to 0"" fat, select, raw",21.1,5.89,0.0,137.0,72.11,0.0,189.0,293.0,82.0,0.0,usda,1
171195,"Beef, chuck eye Country-Style ribs, boneless, separable lean only, trimmed to 0"" fat, all grades, raw",20.96,6.95,0.0,146.0,71.19,0.0,193.0,317.0,82.0,0.0,usda,1
171196,"Beef, chuck eye steak, boneless, separable lean only, trimmed to 0"" fat, choice, cooked, grilled",27.97,11.47,0.0,215.0,60.35,0.0,227.0,391.0,75.0,0.0,usda,1
171197,"Beef, chuck eye steak, boneless, separable lean only, trimmed to 0"" fat, select, cooked, grilled",27.88,9.77,0.0,199.0,61.45,0.0,226.0,356.0,74.0,0.0,usda,1
171198,"Beef, shoulder pot roast, boneless, separable lean only, trimmed to 0"" fat, choice, cooked, braised",31.32,8.3,0.0,200.0,60.05,0.0,234.0,358.0,60.0,0.0,usda,1
171199,"Beef, shoulder pot roast, boneless, separable lean only, trimmed to 0"" fat, select, cooked, braised",31.71,7.02,0.0,190.0,60.96,0.0,234.0,360.0,63.0,0.0,usda,1
171200,"Beef, shoulder pot roast, boneless, separable lean only, trimmed to 0"" fat, all grades, cooked, braised",31.48,7.78,0.0,196.0,60.41,0.0,234.0,359.0,61.0,0.0,usda,1
171201,"Beef, chuck, mock tender steak, boneless, separable lean only, trimmed to 0"" fat, choice, cooked, braised",33.55,6.94,0.0,197.0,59.17,0.0,240.0,315.0,67.0,0.0,usda,1
171202,"Beef, chuck, mock tender steak, boneless, separable lean only, trimmed to 0"" fat, all grades, raw",21.3,4.17,0.0,123.0,73.71,0.0,225.0,346.0,81.0,0.0,usda,1
171203,"Beef, chuck for stew, separable lean and fat, all grades, cooked, braised",32.41,6.82,0.0,191.0,60.08,0.0,228.0,319.0,67.0,0.0,usda,1
171204,"Beef, chuck for stew, separable lean and fat, select, cooked, braised",32.29,6.34,0.0,186.0,60.97,0.0,236.0,320.0,68.0,0.0,usda,1
171205,"Beef, chuck for stew, separable lean and fat, choice, cooked, braised",32.49,7.14,0.0,194.0,59.49,0.0,223.0,315.0,65.0,0.0,usda,1
171206,"Beef, chuck for stew, separable lean and fat, all grades, raw",21.75,4.48,0.16,128.0,72.51,0.0,213.0,367.0,80.0,0.0,usda,1
171207,"Beef, chuck, under blade steak, boneless, separable lean only, trimmed to 0"" fat, all grades, cooked, braised",31.35,10.41,0.0,219.0,58.11,0.0,207.0,308.0,65.0,0.0,usda,1
171208,"Beef, chuck, under blade pot roast, boneless, separable lean and fat, trimmed to 0"" fat, all grades, cooked, braised",26.7,20.49,0.0,291.0,52.51,0.0,173.0,262.0,62.0,0.0,usda,1
171209,"Beef, rib eye steak, boneless, lip-on, separable lean only, trimmed to 1/8"" fat, all grades, cooked, grilled",27.97,10.57,0.0,207.0,61.36,0.0,177.0,296.0,59.0,0.0,usda,1
171210,"Beef, rib eye roast, bone-in, lip-on, separable lean only, trimmed to 1/8"" fat, choice, cooked, roasted",27.18,14.55,0.0,240.0,57.57,0.0,174.0,296.0,68.0,0.0,usda,1
171211,"Beef, chuck, under blade center steak, boneless, Denver Cut, separable lean and fat, trimmed to 0"" fat, choice, cooked, grilled",26.1,14.41,0.4,236.0,58.12,0.0,204.0,313.0,73.0,0.0,usda,1
171212,"Beef, chuck, under blade center steak, boneless, Denver Cut, separable lean and fat, trimmed to 0"" fat, select, cooked, grilled",26.3,12.25,0.0,215.0,60.52,0.0,198.0,301.0,73.0,0.0,usda,1
171213,"Beef, chuck, under blade center steak, boneless, Denver Cut, separable lean and fat, trimmed to 0"" fat, all grades, raw",18.99,11.64,0.36,182.0,68.11,0.0,178.0,315.0,76.0,0.0,usda,1
171214,"Beef, chuck, under blade center steak, boneless, Denver Cut, separable lean and fat, trimmed to 0"" fat, choice, raw",18.85,12.4,0.53,189.0,67.31,0.0,177.0,312.0,75.0,0.0,usda,1
171215,"Beef, chuck eye roast, boneless, America's Beef Roast, separable lean and fat, trimmed to 0"" fat, choice, cooked, roasted",24.47,15.87,0.0,241.0,59.63,0.0,189.0,307.0,75.0,0.0,usda,1
171216,"Beef, chuck eye roast, boneless, America's Beef Roast, separable lean and fat, trimmed to 0"" fat, select, cooked, roasted",24.86,14.41,0.0,229.0,61.29,0.0,185.0,312.0,76.0,0.0,usda,1
171217,"Beef, chuck, under blade steak, boneless, separable lean and fat, trimmed to 0"" fat, all grades, cooked, braised",28.23,18.0,0.0,275.0,53.8,0.0,181.0,273.0,65.0,0.0,usda,1
171218,"Beef, chuck, under blade steak, boneless, separable lean and fat, trimmed to 0"" fat, choice, cooked, braised",27.6,19.3,0.0,284.0,52.71,0.0,183.0,275.0,64.0,0.0,usda,1
171219,"Beef, chuck, under blade steak, boneless, separable lean and fat, trimmed to 0"" fat, select, cooked, braised",29.18,16.05,0.0,261.0,55.43,0.0,177.0,270.0,66.0,0.0,usda,1
171220,"Beef, chuck, mock tender steak, boneless, separable lean and fat, trimmed to 0"" fat, choice, raw",21.19,5.18,0.0,131.0,72.83,0.0,229.0,347.0,82.0,0.0,usda,1
171221,"Beef, chuck, mock tender steak, boneless, separable lean and fat, trimmed to 0"" fat, select, raw",21.05,4.2,0.0,122.0,74.01,0.0,215.0,341.0,76.0,0.0,usda,1
171222,"Beef, chuck, short ribs, boneless, separable lean and fat, trimmed to 0"" fat, all grades, cooked, braised",25.48,22.58,0.0,305.0,52.01,0.0,170.0,239.0,70.0,0.0,usda,1
171223,"Beef, chuck, short ribs, boneless, separable lean and fat, trimmed to 0"" fat, choice, cooked, braised",25.26,24.05,0.0,317.0,50.69,0.0,168.0,228.0,70.0,0.0,usda,1
171224,"Beef, shoulder pot roast, boneless, separable lean and fat, trimmed to 0"" fat, all grades, cooked, braised",31.03,8.92,0.0,204.0,59.76,0.0,230.0,352.0,61.0,0.0,usda,1
171225,"Beef, shoulder pot roast, boneless, separable lean and fat, trimmed to 0"" fat, choice, cooked, braised",30.93,9.25,0.0,207.0,59.49,0.0,230.0,353.0,60.0,0.0,usda,1
171226,"Beef, shoulder pot roast, boneless, separable lean and fat, trimmed to 0"" fat, select, cooked, braised",31.18,8.41,0.0,200.0,60.15,0.0,228.0,352.0,62.0,0.0,usda,1
171227,"Beef, chuck eye Country-Style ribs, boneless, separable lean and fat, trimmed to 0"" fat, all grades, cooked, braised",27.69,20.55,0.0,296.0,51.91,0.0,172.0,247.0,65.0,0.0,usda,1
171228,"Beef, chuck eye steak, boneless, separable lean and fat, trimmed to 0"" fat, all grades, cooked, grilled",24.98,19.64,0.0,277.0,55.22,0.0,193.0,325.0,71.0,0.0,usda,1
171229,"Beef, chuck eye steak, boneless, separable lean and fat, trimmed to 0"" fat, choice, cooked, grilled",24.95,20.35,0.0,283.0,54.74,0.0,192.0,333.0,71.0,0.0,usda,1
171230,"Beef, chuck eye steak, boneless, separable lean and fat, trimmed to 0"" fat, select, cooked, grilled",25.03,18.57,0.0,267.0,55.93,0.0,192.0,307.0,70.0,0.0,usda,1
171231,"Beef, chuck eye steak, boneless, separable lean and fat, trimmed to 0"" fat, all grades, raw",18.86,16.35,0.0,223.0,64.48,0.0,179.0,329.0,66.0,0.0,usda,1
171232,"Beef, rib eye steak, boneless, lip-on, separable lean only, trimmed to 1/8"" fat, choice, cooked, grilled",27.3,11.97,0.0,217.0,60.57,0.0,174.0,282.0,60.0,0.0,usda,1
171233,"Beef, rib eye steak, boneless, lip-on, separable lean only, trimmed to 1/8"" fat, select, cooked, grilled",28.98,8.48,0.0,192.0,62.56,0.0,181.0,318.0,59.0,0.0,usda,1
171234,"Beef, rib eye steak/roast, bone-in, lip-on, separable lean only, trimmed to 1/8"" fat, all grades, raw",21.22,9.04,0.0,166.0,69.24,0.0,152.0,275.0,64.0,0.0,usda,1
171235,"Beef, rib eye steak/roast, bone-in, lip-on, separable lean only, trimmed to 1/8"" fat, choice, raw",20.93,9.97,0.0,173.0,68.58,0.0,156.0,270.0,65.0,0.0,usda,1
171236,"Beef, rib eye steak, bone-in, lip-on, separable lean only, trimmed to 1/8"" fat, all grades, cooked, grilled",27.4,12.43,0.0,221.0,59.69,0.0,184.0,279.0,67.0,0.0,usda,1
171237,"Beef, rib eye steak, bone-in, lip-on, separable lean only, trimmed to 1/8"" fat, choice, cooked, grilled",27.03,13.44,0.0,229.0,59.13,0.0,184.0,276.0,67.0,0.0,usda,1
171238,"Beef, rib eye steak, bone-in, lip-on, separable lean only, trimmed to 1/8"" fat, select, cooked, grilled",27.96,10.91,0.0,210.0,60.51,0.0,185.0,284.0,67.0,0.0,usda,1
171239,"Beef, rib eye roast, boneless, lip-on, separable lean only, trimmed to 1/8"" fat, all grades, cooked, roasted",28.21,11.68,0.0,218.0,59.55,0.0,178.0,326.0,56.0,0.0,usda,1
171240,"Cheese, gjetost",9.65,29.51,42.65,466.0,13.44,0.0,444.0,1409.0,600.0,1.25,usda,3
171241,"Cheese, gouda",24.94,27.44,2.22,356.0,41.46,0.0,546.0,121.0,819.0,2.22,usda,1
171242,"Cheese, gruyere",29.81,32.34,0.36,413.0,33.19,0.0,605.0,81.0,714.0,0.36,usda,1
171243,"Cheese, limburger",20.05,27.25,0.49,327.0,48.42,0.0,393.0,128.0,800.0,0.49,usda,1
171244,"Cheese, mozzarella, low moisture, part-skim",23.75,19.78,5.58,295.0,47.07,0.0,548.0,188.0,666.0,1.9,usda,1
171245,"Cheese, muenster",23.41,30.04,1.12,368.0,41.77,0.0,468.0,134.0,628.0,1.12,usda,1
171246,"Cheese, neufchatel",9.15,22.78,3.59,253.0,63.11,0.0,138.0,152.0,334.0,3.19,usda,1
171247,"Cheese, parmesan, grated",28.42,27.84,13.91,420.0,22.65,0.0,627.0,180.0,1804.0,0.07,usda,1
171248,"Cheese, ricotta, part skim milk",11.39,7.91,5.14,138.0,74.41,0.0,183.0,125.0,99.0,0.31,usda,1
171249,"Cheese, romano",31.8,26.94,3.63,387.0,30.91,0.0,760.0,86.0,1433.0,0.73,usda,1
171250,"Cheese, roquefort",21.54,30.64,2.0,369.0,39.38,0.0,392.0,91.0,1809.0,1.25,usda,1
171251,"Cheese, swiss",26.96,30.99,1.44,393.0,37.63,0.0,574.0,72.0,187.0,0.0,usda,1
171252,"Cheese food, pasteurized process, American, vitamin D fortified",16.86,25.63,8.56,330.0,44.0,0.0,438.0,255.0,1284.0,5.59,usda,1
171253,"Cheese food, pasteurized process, swiss",21.92,24.14,4.5,323.0,43.67,0.0,526.0,284.0,1552.0,1.25,usda,1
171254,"Cheese spread, pasteurized process, American",16.41,21.23,8.73,290.0,47.65,0.0,875.0,242.0,1625.0,7.32,usda,1
171255,"Cream, fluid, half and half",3.13,11.5,4.3,131.0,80.57,0.0,95.0,132.0,61.0,4.13,usda,1
171256,"Cream, sour, reduced fat, cultured",2.94,12.0,4.26,135.0,80.14,0.0,95.0,129.0,89.0,0.16,usda,1
171257,"Cream, sour, cultured",2.44,19.35,4.63,198.0,73.07,0.0,76.0,125.0,31.0,3.41,usda,1
171258,Eggnog,4.55,4.19,8.05,88.0,82.54,0.0,109.0,165.0,54.0,8.05,usda,0
171259,"Sour dressing, non-butterfat, cultured, filled cream-type",3.25,16.57,4.68,178.0,74.79,0.0,87.0,162.0,48.0,4.68,usda,1
171261,"Cream substitute, liquid, with hydrogenated vegetable oil and soy protein",1.0,9.97,11.38,136.0,77.27,0.0,64.0,191.0,67.0,11.38,usda,0
171262,"Cream substitute, liquid, with lauric acid oil and sodium caseinate",1.0,9.97,11.38,136.0,77.27,0.0,64.0,191.0,79.0,1.25,usda,0
171263,"Cream substitute, powdered",2.48,32.92,59.29,529.0,2.98,0.0,288.0,669.0,124.0,7.77,usda,3
171264,"Milk substitutes, fluid, with lauric acid oil",1.75,3.41,6.16,61.0,88.18,0.0,74.0,114.0,78.0,1.25,usda,0
171265,"Milk, whole, 3.25% milkfat, with added vitamin D",3.15,3.25,4.8,61.0,88.13,0.0,84.0,132.0,43.0,5.05,usda,0
171266,"Milk, producer, fluid, 3.7% milkfat",3.28,3.66,4.65,64.0,87.69,0.0,93.0,151.0,49.0,1.25,usda,0
171267,"Milk, reduced fat, fluid, 2% milkfat, with added vitamin A and vitamin D",3.3,1.98,4.8,50.0,89.21,0.0,92.0,140.0,47.0,5.06,usda,0
171268,"Milk, lowfat, fluid, 1% milkfat, protein fortified, with added vitamin A and vitamin D",3.93,1.17,5.52,48.0,88.74,0.0,111.0,180.0,58.0,1.25,usda,0
171269,"Milk, nonfat, fluid, with added vitamin A and vitamin D (fat free or skim)",3.37,0.08,4.96,34.0,90.84,0.0,101.0,156.0,42.0,5.09,usda,0
171270,"Milk, nonfat, fluid, with added nonfat milk solids, vitamin A and vitamin D (fat free or skim)",3.57,0.25,5.02,37.0,90.38,0.0,104.0,171.0,53.0,5.02,usda,0
171271,"Milk, nonfat, fluid, protein fortified, with added vitamin A and vitamin D (fat free and skim)",3.96,0.25,5.56,41.0,89.36,0.0,112.0,182.0,59.0,1.25,usda,0
171272,"Milk, dry, nonfat, instant, with added vitamin A and vitamin D",35.1,0.72,52.19,358.0,3.96,0.0,985.0,1705.0,549.0,52.19,usda,3
171273,"Milk, dry, nonfat, calcium reduced",35.5,0.2,51.8,354.0,4.9,0.0,1011.0,680.0,2280.0,1.25,usda,3
171274,"Milk, buttermilk, dried",34.3,5.78,49.0,387.0,2.97,0.0,933.0,1592.0,517.0,49.0,usda,3
171275,"Milk, canned, condensed, sweetened",7.91,8.7,54.4,321.0,27.16,0.0,253.0,371.0,127.0,54.4,usda,3
171276,"Milk, canned, evaporated, with added vitamin D and without added vitamin A",6.81,7.56,10.04,134.0,74.04,0.0,203.0,303.0,106.0,10.04,usda,1
171277,"Milk, chocolate beverage, hot cocoa, homemade",3.52,2.34,10.74,77.0,82.45,1.0,105.0,197.0,44.0,9.66,usda,0
171278,"Milk, goat, fluid, with added vitamin D",3.56,4.14,4.45,69.0,87.03,0.0,111.0,204.0,50.0,4.45,usda,0
171279,"Milk, human, mature, fluid",1.03,4.38,6.89,70.0,87.5,0.0,14.0,51.0,17.0,6.89,usda,0
171280,"Milk, indian buffalo, fluid",3.75,6.89,5.18,97.0,83.39,0.0,117.0,178.0,52.0,1.25,usda,1
171281,"Whey, acid, dried",11.73,0.54,73.45,339.0,3.51,0.0,1349.0,2289.0,968.0,73.45,usda,3
171282,"Whey, sweet, fluid",0.85,0.36,5.14,27.0,93.12,0.0,46.0,161.0,54.0,5.14,usda,0
171283,"Whey, sweet, dried",12.93,1.07,74.46,353.0,3.19,0.0,932.0,2080.0,1079.0,74.46,usda,3
171284,"Yogurt, plain, whole milk",3.47,3.25,4.66,61.0,87.9,0.0,95.0,155.0,46.0,4.66,usda,0
171285,"Yogurt, fruit, low fat, 10 grams protein per 8 ounce",4.37,1.08,19.05,102.0,74.48,0.0,119.0,195.0,58.0,19.05,usda,0
171286,"Yogurt, fruit, low fat, 11g protein/8 oz",4.86,1.41,18.6,105.0,74.1,0.0,133.0,216.0,65.0,1.25,usda,0
171287,"Egg, whole, raw, fresh",12.56,9.51,0.72,143.0,76.15,0.0,198.0,138.0,142.0,0.37,usda,1
171288,"Cheese, Mexican blend",23.54,32.14,0.13,384.0,40.48,0.0,438.0,85.0,607.0,0.0,usda,1
171289,"Cheese product, pasteurized process, American, vitamin D fortified",16.09,23.06,8.85,307.0,45.07,0.0,768.0,295.0,1279.0,6.24,usda,1
171290,"Cheese, pasteurized process, American, without added vitamin D",18.13,31.79,3.7,371.0,39.61,0.0,641.0,132.0,1671.0,2.26,usda,1
171291,"Cheese food, pasteurized process, American, without added vitamin D",16.86,25.63,8.56,330.0,44.0,0.0,438.0,255.0,1441.0,5.59,usda,1
171292,"Cheese, cheddar, reduced fat (Includes foods for USDA's Food Distribution Program)",27.35,20.41,2.67,316.0,44.29,0.0,520.0,63.0,628.0,0.26,usda,1
171293,"Ice cream, light, soft serve, chocolate",3.36,3.69,23.15,141.0,68.92,0.0,113.0,207.0,64.0,19.46,usda,0
171294,"Ice cream bar, stick or nugget, with crunch coating",2.11,25.26,37.12,358.0,35.48,1.1,57.0,71.0,84.0,21.05,usda,3
171295,"Cheese, cheddar, nonfat or fat free",32.14,0.0,7.14,157.0,57.0,0.0,484.0,66.0,1000.0,0.0,usda,1
171296,"Yogurt, Greek, nonfat, vanilla, CHOBANI",9.07,0.22,8.09,71.0,82.03,0.3,126.0,130.0,36.0,7.61,usda,0
171297,"Yogurt, Greek, strawberry, DANNON OIKOS",8.25,2.92,11.67,106.0,76.6,1.0,110.0,131.0,34.0,11.0,usda,0
171298,"Yogurt, Greek, nonfat, vanilla, DANNON OIKOS",8.12,0.14,12.72,85.0,78.5,0.5,112.0,115.0,32.0,11.4,usda,0
171299,"Yogurt, Greek, nonfat, strawberry, DANNON OIKOS",8.03,0.22,12.53,84.0,78.63,0.4,114.0,145.0,33.0,11.63,usda,0
171300,"Yogurt, Greek, strawberry, lowfat",8.17,2.57,12.29,105.0,76.41,1.0,109.0,129.0,33.0,11.23,usda,0
171301,"Kefir, lowfat, strawberry, LIFEWAY",3.39,0.9,10.2,62.0,84.82,0.0,96.0,154.0,37.0,9.21,usda,0
171302,"Milk, evaporated, 2% fat, with added vitamin A and vitamin D",6.67,2.0,15.74,107.0,74.04,0.0,203.0,303.0,100.0,6.67,usda,0
171303,"Milk, chocolate, fat free, with added vitamin A and vitamin D",3.39,0.0,13.46,67.0,82.34,0.0,101.0,182.0,79.0,8.39,usda,0
171304,"Yogurt, Greek, plain, whole milk",9.0,5.0,3.98,97.0,81.3,0.0,135.0,141.0,35.0,4.0,usda,1
171305,"Ice cream bar, covered with chocolate and nuts",5.62,25.84,11.89,303.0,55.14,1.1,146.0,304.0,56.0,10.8,usda,3
171306,Ice cream sundae cone,3.0,14.0,28.89,254.0,53.31,1.0,128.0,204.0,115.0,21.26,usda,3
171307,"Light ice cream, Creamsicle",1.54,3.08,32.75,165.0,61.77,0.0,84.0,174.0,46.0,18.46,usda,0
171308,"Cream, half and half, lowfat",3.33,5.0,3.33,72.0,87.83,0.0,95.0,132.0,50.0,3.33,usda,0
171315,"Spices, allspice, ground",6.09,8.69,72.12,263.0,8.46,21.6,113.0,1044.0,77.0,1.25,usda,3
171316,"Spices, anise seed",17.6,15.9,50.02,337.0,9.54,14.6,440.0,1441.0,16.0,1.25,usda,3
171317,"Spices, basil, dried",22.98,4.07,47.75,233.0,10.35,37.7,274.0,2630.0,76.0,1.71,usda,3
171318,"Spices, chervil, dried",23.2,3.9,49.1,237.0,7.2,11.3,450.0,4740.0,83.0,1.25,usda,3
171319,"Spices, chili powder",13.46,14.28,49.7,282.0,10.75,34.8,300.0,1950.0,2867.0,7.19,usda,3
171320,"Spices, cinnamon, ground",3.99,1.24,80.59,247.0,10.58,53.1,64.0,431.0,10.0,2.17,usda,3
171321,"Spices, cloves, ground",5.97,13.0,65.53,274.0,9.87,33.9,104.0,1020.0,277.0,2.38,usda,3
171322,"Spices, dill weed, dried",19.96,4.36,55.82,253.0,7.3,13.6,543.0,3308.0,208.0,1.25,usda,3
171323,"Spices, fennel seed",15.8,14.87,52.29,345.0,8.81,39.8,487.0,1694.0,88.0,1.25,usda,3
171324,"Spices, fenugreek seed",23.0,6.41,58.35,323.0,8.84,24.6,296.0,770.0,67.0,1.25,usda,3
171325,"Spices, garlic powder",16.55,0.73,72.73,331.0,6.45,9.0,414.0,1193.0,60.0,2.43,usda,3
171326,"Spices, nutmeg, ground",5.84,36.31,49.29,525.0,6.23,20.8,213.0,350.0,16.0,2.99,usda,3
171327,"Spices, onion powder",10.41,1.04,79.12,341.0,5.39,15.2,322.0,985.0,73.0,6.63,usda,3
171328,"Spices, oregano, dried",9.0,4.28,68.92,265.0,9.93,42.5,148.0,1260.0,25.0,4.09,usda,3
171329,"Spices, paprika",14.14,12.89,53.99,282.0,11.24,34.9,314.0,2280.0,68.0,10.34,usda,3
171330,"Spices, poppy seed",17.99,41.56,28.13,525.0,5.95,19.5,870.0,719.0,26.0,2.99,usda,3
171331,"Spices, poultry seasoning",9.59,7.53,65.59,307.0,9.31,11.3,171.0,684.0,27.0,1.8,usda,3
171332,"Spices, pumpkin pie spice",5.76,12.6,69.28,342.0,8.46,14.8,118.0,663.0,52.0,7.76,usda,3
171333,"Spices, rosemary, dried",4.88,15.22,64.06,331.0,9.31,42.6,70.0,955.0,50.0,1.25,usda,3
171334,"Babyfood, vegetables, corn, creamed, junior",1.4,0.4,16.25,65.0,81.4,2.1,33.0,81.0,52.0,1.48,usda,0
171335,"Babyfood, fruit, bananas with tapioca, strained",0.4,0.1,15.3,56.0,84.0,1.6,7.0,88.0,0.0,0.38,usda,0
171336,"Babyfood, fruit, peaches, strained",0.94,0.33,14.48,65.0,83.65,1.3,15.0,195.0,4.0,11.5,usda,0
171337,"Babyfood, fruit, peaches, junior",0.94,0.33,14.48,65.0,83.65,1.3,15.0,195.0,4.0,11.5,usda,0
171338,"Babyfood, fruit, pears, strained",0.3,0.2,10.8,42.0,88.4,2.8,12.0,130.0,1.0,6.98,usda,0
171339,"Babyfood, fruit, prunes with tapioca, without ascorbic acid, junior",0.6,0.1,18.7,70.0,80.1,2.7,15.0,162.0,2.0,10.97,usda,0
171340,"Babyfood, prunes, without vitamin c, strained",1.0,0.2,23.52,100.0,74.3,2.7,30.0,306.0,1.0,14.28,usda,0
171341,"Babyfood, fruit dessert, mango with tapioca",0.3,0.2,19.0,70.0,80.0,1.1,4.0,66.0,4.0,13.0,usda,0
171342,"Babyfood, pears, dices, toddler",0.3,0.1,13.6,57.0,85.6,1.2,13.0,51.0,6.0,8.66,usda,0
171343,"Babyfood, fruit, applesauce and pineapple, strained",0.1,0.1,10.1,37.0,89.5,1.5,6.0,78.0,2.0,1.25,usda,0
171344,"Babyfood, fruit, applesauce and pineapple, junior",0.1,0.1,10.5,39.0,89.1,1.5,6.0,76.0,2.0,1.25,usda,0
171345,"Babyfood, fruit, apple and raspberry, strained",0.2,0.2,15.6,58.0,83.8,2.1,8.0,80.0,0.0,12.96,usda,0
171346,"Babyfood, fruit, apple and raspberry, junior",0.2,0.2,15.4,58.0,84.0,2.1,8.0,72.0,0.0,12.96,usda,0
171347,"Babyfood, fruit, pears and pineapple, junior",0.3,0.2,11.4,44.0,87.8,2.6,10.0,118.0,0.0,7.36,usda,0
171348,"Babyfood, fruit, guava and papaya with tapioca, strained",0.2,0.1,17.0,63.0,82.5,0.2,6.0,74.0,4.0,1.25,usda,0
171349,"Babyfood, peaches, dices, toddler",0.5,0.2,11.8,51.0,87.4,0.8,17.0,83.0,9.0,9.49,usda,0
171350,"Babyfood, fruit, papaya and applesauce with tapioca, strained",0.2,0.1,18.9,70.0,80.6,1.4,5.0,79.0,5.0,1.25,usda,0
171351,"Babyfood, apple-banana juice",0.2,0.1,12.3,51.0,87.1,0.2,8.0,123.0,4.0,11.0,usda,0
171352,"Babyfood, juice, apple and peach",0.2,0.1,10.5,43.0,89.0,0.1,4.0,97.0,0.0,9.59,usda,0
171353,"Babyfood, juice, apple and prune",0.2,0.1,18.1,72.0,81.3,0.1,15.0,148.0,8.0,10.58,usda,0
171354,"Babyfood, juice, orange",0.6,0.3,10.2,45.0,88.5,0.1,11.0,184.0,0.0,8.26,usda,0
171355,"Babyfood, juice, orange and apple",0.4,0.2,10.1,43.0,88.9,0.2,7.0,138.0,3.0,1.25,usda,0
171356,"Babyfood, juice, prune and orange",0.6,0.3,16.8,70.0,81.9,0.2,10.0,181.0,2.0,1.25,usda,0
171357,"Babyfood, juice, mixed fruit",0.1,0.1,11.7,47.0,87.9,0.1,5.0,101.0,8.0,8.46,usda,0
171358,"Babyfood, cereal, barley, dry fortified",13.2,6.6,69.4,376.0,6.8,6.6,333.0,467.0,33.0,13.2,usda,3
171359,"Babyfood, cereal, whole wheat, with apples, dry fortified",6.6,4.8,83.2,402.0,1.7,6.7,200.0,500.0,66.0,26.66,usda,3
171360,"Babyfood, cereal, oatmeal, dry fortified",10.99,6.36,73.48,394.0,4.56,7.3,506.0,549.0,21.0,11.67,usda,3
171361,"Babyfood, cereal, oatmeal, with bananas, dry",6.67,6.67,78.07,399.0,4.7,5.2,267.0,600.0,33.0,26.66,usda,3
171362,"Babyfood, cereal, oatmeal, with applesauce and bananas, strained",0.89,0.89,15.62,75.0,82.2,0.9,41.0,97.0,4.0,8.85,usda,0
171363,"Babyfood, cereal, oatmeal, with applesauce and bananas, junior, fortified",0.89,0.89,16.03,76.0,81.8,0.9,41.0,97.0,4.0,8.85,usda,0
171364,"Babyfood, cereal, with egg yolks, junior",1.9,1.8,7.1,52.0,88.7,0.9,40.0,35.0,33.0,1.25,usda,0
171365,"Babyfood, cereal, with eggs, strained",2.2,1.5,8.0,58.0,87.2,0.2,46.0,44.0,38.0,1.25,usda,0
171366,"Babyfood, cereal, egg yolks and bacon, junior",2.5,5.0,6.2,79.0,85.9,0.9,50.0,35.0,48.0,1.25,usda,0
171367,"Babyfood, oatmeal cereal with fruit, dry, instant, toddler fortified",10.5,7.05,74.1,402.0,5.4,7.8,429.0,346.0,0.0,11.09,usda,3
171368,"Babyfood, cookie, baby, fruit",6.8,12.6,73.7,435.0,5.7,3.4,189.0,425.0,9.0,24.2,usda,3
171369,"Babyfood, cookies, arrowroot",7.6,10.0,75.4,424.0,5.6,0.2,116.0,156.0,319.0,1.25,usda,3
171370,"Babyfood, pretzels",10.8,2.0,82.2,397.0,4.0,2.3,110.0,137.0,269.0,3.08,usda,3
171371,"Babyfood, GERBER, GRADUATES Lil Biscuits Vanilla Wheat",7.97,9.27,72.48,407.0,5.83,5.9,186.0,318.0,259.0,24.9,usda,3
171372,Zwieback,10.1,9.7,74.2,426.0,4.5,2.5,55.0,305.0,227.0,12.5,usda,3
171373,"Babyfood, dessert, cherry vanilla pudding, junior",0.2,0.2,18.4,69.0,81.0,0.3,7.0,33.0,0.0,16.98,usda,0
171374,"Babyfood, dessert, fruit pudding, orange, strained",1.1,0.9,17.7,80.0,79.8,0.6,28.0,86.0,20.0,1.25,usda,0
171375,"Babyfood, dessert, peach cobbler, strained",0.3,0.0,17.8,65.0,81.8,0.7,5.0,54.0,7.0,10.62,usda,0
171376,"Babyfood, dessert, peach cobbler, junior",0.3,0.0,18.3,67.0,81.2,0.7,6.0,56.0,0.0,11.89,usda,0
171377,"Babyfood, dessert, fruit dessert, without ascorbic acid, junior",0.3,0.0,17.2,63.0,82.2,0.6,8.0,95.0,0.0,12.0,usda,0
171378,"Babyfood, dessert, tropical fruit, junior",0.2,0.0,16.4,60.0,83.2,0.2,8.0,58.0,7.0,1.25,usda,0
171379,"Babyfood, dessert, custard pudding, vanilla, strained",1.6,2.0,16.0,85.0,79.9,0.0,45.0,66.0,0.0,11.5,usda,0
171380,"Babyfood, dessert, custard pudding, vanilla, junior",1.76,0.98,17.58,86.0,79.31,0.2,55.0,68.0,26.0,12.2,usda,0
171381,"Babyfood, juice, apple and grape",0.1,0.2,11.34,46.0,88.1,0.1,5.0,90.0,0.0,10.9,usda,0
171382,"Infant formula, ABBOTT NUTRITION, SIMILAC, ISOMIL, ADVANCE with iron, liquid concentrate",3.13,6.98,13.21,128.0,75.81,0.0,96.0,138.0,56.0,13.1,usda,0
171383,"Infant formula, ABBOTT NUTRITION, SIMILAC, ISOMIL, ADVANCE with iron, ready-to-feed",1.61,3.59,6.7,66.0,87.54,0.0,49.0,71.0,29.0,6.7,usda,0
171384,"Infant formula, ABBOTT NUTRITION, SIMILAC, ISOMIL, ADVANCE with iron, powder, not reconstituted",12.6,28.09,53.57,517.0,2.5,0.0,386.0,555.0,226.0,52.97,usda,3
171385,"Infant formula, NESTLE, GOOD START SUPREME, with iron, DHA and ARA, ready-to-feed",1.45,3.37,7.39,66.0,87.5,0.0,24.0,71.0,18.0,5.0,usda,0
171386,"Infant formula, NESTLE, GOOD START SUPREME, with iron, DHA and ARA, prepared from liquid concentrate",1.45,3.37,7.39,66.0,87.5,0.0,24.0,71.0,18.0,5.0,usda,0
171387,"Infant Formula, MEAD JOHNSON, ENFAMIL GENTLEASE, with iron, prepared from powder",1.51,3.5,7.6,68.0,87.0,0.0,30.0,71.0,24.0,1.53,usda,0
171388,"Babyfood, fortified cereal bar, fruit filling",5.43,5.3,68.63,344.0,14.0,1.7,247.0,180.0,157.0,42.0,usda,3
171389,"Infant Formula, MEAD JOHNSON, ENFAMIL, GENTLEASE, with ARA and DHA powder not reconstituted",11.7,27.0,56.5,516.0,1.7,0.0,230.0,550.0,185.0,11.5,usda,3
171390,"Infant formula, MEAD JOHNSON, ENFAMIL, Enfagrow, Soy, Toddler ready-to-feed",2.17,2.89,7.64,65.0,86.67,0.0,85.0,79.0,24.0,7.64,usda,0
171391,"Infant formula, MEAD JOHNSON, ENFAMIL, NUTRAMIGEN AA, ready-to-feed",1.84,3.48,6.76,66.0,87.78,0.0,34.0,72.0,31.0,6.76,usda,0
171392,"Infant formula, MEAD JOHNSON, ENFAMIL, Premature, with iron, 20 calories, ready-to-feed",2.2,3.3,6.2,63.0,87.78,0.0,59.0,64.0,46.0,3.6,usda,0
171393,"Infant formula, MEAD JOHNSON, ENFAMIL, Premature, with iron, 24 calories, ready-to-feed",2.6,3.9,8.88,81.0,84.0,0.0,70.0,76.0,55.0,4.2,usda,0
171394,"Infant formula, GERBER, GOOD START 2, PROTECT PLUS, ready-to-feed",1.44,3.37,7.39,66.0,87.86,0.0,25.0,71.0,18.0,7.34,usda,0
171395,"Infant formula, ABBOTT NUTRITION, SIMILAC, GO AND GROW, ready-to-feed, with ARA and DHA",1.97,3.54,6.69,66.0,87.21,0.0,85.0,98.0,20.0,6.69,usda,0
171396,"Infant formula, ABBOTT NUTRITION, SIMILAC, Expert Care, Diarrhea, ready- to- feed with ARA and DHA",1.76,3.6,6.67,66.0,87.78,0.7,49.0,71.0,29.0,6.66,usda,0
171397,"Infant formula, ABBOTT NUTRITION, SIMILAC, For Spit Up, ready-to-feed, with ARA and DHA",1.4,3.54,7.19,66.0,87.87,0.0,37.0,70.0,20.0,7.19,usda,0
171398,"Babyfood, Snack, GERBER, GRADUATES, LIL CRUNCHIES, baked whole grain corn snack",0.0,28.57,61.59,503.0,2.6,0.0,1044.0,214.0,500.0,0.0,usda,3
171399,"Infant formula, ABBOTT NUTRITION, SIMILAC, For Spit Up, powder, with ARA and DHA",11.0,27.75,55.0,514.0,3.0,0.0,288.0,550.0,154.0,55.0,usda,3
171400,"Fat, beef tallow",0.0,100.0,0.0,902.0,0.0,0.0,0.0,0.0,0.0,0.0,usda,2
171401,Lard,0.0,100.0,0.0,902.0,0.0,0.0,0.0,0.0,0.0,0.0,usda,2
171402,"Salad dressing, thousand island, commercial, regular",1.09,35.06,14.64,379.0,46.51,0.8,27.0,107.0,962.0,15.18,usda,3
171403,"Salad dressing, mayonnaise type, regular, with salt",0.65,21.6,14.78,250.0,61.22,0.0,13.0,36.0,653.0,10.02,usda,0
171404,"Salad dressing, french dressing, reduced fat",0.58,11.52,31.22,222.0,54.28,1.5,16.0,107.0,838.0,16.86,usda,3
171405,"Salad dressing, italian dressing, commercial, reduced fat",0.39,6.68,9.99,102.0,80.11,0.0,12.0,90.0,891.0,9.16,usda,0
171406,"Salad dressing, mayonnaise, imitation, soybean",0.3,19.2,16.0,232.0,62.7,0.0,0.0,10.0,497.0,6.0,usda,2
171407,"Salad dressing, mayonnaise, imitation, milk cream",2.1,5.1,11.1,97.0,79.6,0.0,57.0,97.0,504.0,1.25,usda,0
171408,"Salad dressing, mayonnaise, imitation, soybean without cholesterol",0.1,47.7,15.8,482.0,34.6,0.0,0.0,10.0,353.0,6.0,usda,2
171409,"Sandwich spread, with chopped pickle, regular, unspecified oils",0.9,34.0,22.4,389.0,40.8,0.4,26.0,35.0,1000.0,15.18,usda,3
171410,"Oil, peanut, salad or cooking",0.0,100.0,0.0,884.0,0.0,0.0,0.0,0.0,0.0,0.0,usda,2
171411,"Oil, soybean, salad or cooking",0.0,100.0,0.0,884.0,0.0,0.0,0.0,0.0,0.0,0.0,usda,2
171412,"Oil, coconut",0.0,99.06,0.0,892.0,0.03,0.0,0.0,0.0,0.0,0.0,usda,2
171413,"Oil, olive, salad or cooking",0.0,100.0,0.0,884.0,0.0,0.0,0.0,1.0,2.0,0.0,usda,2
171414,"Salad dressing, french dressing, commercial, regular",0.87,39.07,18.79,419.0,39.34,2.4,25.0,108.0,661.0,17.43,usda,3
171415,"Margarine,spread, 35-39% fat, tub",0.23,37.98,1.52,349.0,58.67,0.0,7.0,51.0,584.0,0.0,usda,1
171416,"Salad dressing, french, home recipe",0.1,70.2,3.4,631.0,24.2,0.0,3.0,24.0,658.0,1.25,usda,2
171417,"Salad dressing, home recipe, vinegar and oil",0.0,50.1,2.5,449.0,47.4,0.0,0.0,8.0,1.0,2.5,usda,2
171418,"Salad dressing, mayonnaise, soybean oil, without salt",1.1,79.4,2.7,717.0,16.7,0.0,28.0,34.0,30.0,1.25,usda,2
171419,"Salad dressing, french, cottonseed, oil, home recipe",0.1,70.2,3.4,631.0,24.2,0.0,3.0,24.0,658.0,1.25,usda,2
171420,"Salad dressing, french dressing, fat-free",0.2,0.27,32.14,132.0,65.04,2.2,0.0,84.0,853.0,16.45,usda,0
171421,"Oil, cocoa butter",0.0,100.0,0.0,884.0,0.0,0.0,0.0,0.0,0.0,0.0,usda,2
171422,"Vegetable oil, palm kernel",0.0,100.0,0.0,862.0,0.0,0.0,0.0,0.0,0.0,0.0,usda,2
171423,"Oil, poppyseed",0.0,100.0,0.0,884.0,0.0,0.0,0.0,0.0,0.0,0.0,usda,2
171424,"Oil, tomatoseed",0.0,100.0,0.0,884.0,0.0,0.0,0.0,0.0,0.0,0.0,usda,2
171425,"Oil, teaseed",0.0,100.0,0.0,884.0,0.0,0.0,0.0,0.0,0.0,0.0,usda,2
171426,"Oil, soybean lecithin",0.0,100.0,0.0,763.0,0.0,0.0,0.0,0.0,0.0,0.0,usda,2
171427,"Oil, hazelnut",0.0,100.0,0.0,884.0,0.0,0.0,0.0,0.0,0.0,0.0,usda,2
171428,"Oil, babassu",0.0,100.0,0.0,884.0,0.0,0.0,0.0,0.0,0.0,0.0,usda,2
171429,"Oil, sheanut",0.0,100.0,0.0,884.0,0.0,0.0,0.0,0.0,0.0,0.0,usda,2
171430,"Oil, PAM cooking spray, original",0.26,78.69,20.69,792.0,0.11,0.0,0.0,0.0,59.0,0.0,usda,2
171434,"Margarine-like, vegetable oil spread, approximately 37% fat, unspecified oils, with salt, with added vitamin D",0.51,37.77,0.66,339.0,59.55,0.0,5.0,34.0,589.0,0.0,usda,1
171435,"Margarine, regular, 80% fat, composite, stick, with salt, with added vitamin D",0.16,80.71,0.7,717.0,16.52,0.0,5.0,18.0,751.0,0.0,usda,2
171436,"Margarine, regular, 80% fat, composite, tub, with salt, with added vitamin D",0.22,80.17,0.75,713.0,17.07,0.0,5.0,17.0,657.0,0.0,usda,2
171437,"Margarine-like, vegetable oil spread, 60% fat, stick, with salt, with added vitamin D",0.12,60.39,0.69,537.0,36.95,0.0,16.0,30.0,785.0,0.0,usda,1
171438,"Oil, industrial, soy, low linolenic",0.0,100.0,0.0,900.0,0.0,0.0,0.0,0.0,0.0,0.0,usda,2
171439,"Oil, industrial, soy, ultra low linolenic",0.0,100.0,0.0,884.0,0.0,0.0,0.0,0.0,0.0,0.0,usda,2
171440,"Oil, industrial, soy, fully hydrogenated",0.0,100.0,0.0,884.0,0.0,0.0,0.0,0.0,0.0,0.0,usda,2
171441,"Oil, industrial, cottonseed, fully hydrogenated",0.0,100.0,0.0,884.0,0.0,0.0,0.0,0.0,0.0,0.0,usda,2
171442,"Oil, flaxseed, contains added sliced flaxseed",0.37,99.01,0.39,878.0,0.16,0.2,27.0,31.0,6.0,1.25,usda,2
171443,"Mayonnaise, reduced fat, with olive oil",0.37,40.0,0.0,361.0,57.58,0.0,15.0,31.0,800.0,0.0,usda,1
171444,"Salad dressing, mayonnaise-type, light",0.65,10.0,16.4,158.0,71.2,0.0,13.0,36.0,833.0,6.67,usda,0
171445,"Chicken, broiler, rotisserie, BBQ, breast, meat only",28.04,3.57,0.0,144.0,67.78,0.0,246.0,284.0,328.0,0.0,usda,1
171446,"Chicken, broilers or fryers, meat and skin and giblets and neck, stewed",24.49,12.37,0.06,216.0,64.04,0.0,144.0,163.0,66.0,1.25,usda,1
171447,"Chicken, broilers or fryers, meat and skin, raw",18.6,15.06,0.0,215.0,65.99,0.0,147.0,189.0,70.0,0.0,usda,1
171448,"Chicken, broilers or fryers, meat and skin, cooked, fried, batter",22.54,17.35,9.42,289.0,49.39,0.3,155.0,185.0,292.0,0.0,usda,1
171449,"Chicken, broilers or fryers, meat and skin, cooked, fried, flour",28.56,14.92,3.15,269.0,52.41,0.1,191.0,234.0,84.0,0.0,usda,1
171450,"Chicken, broilers or fryers, meat and skin, cooked, roasted",27.3,13.6,0.0,239.0,59.45,0.0,182.0,223.0,82.0,0.0,usda,1
171451,"Chicken, broilers or fryers, meat only, cooked, stewed",27.29,6.71,0.0,177.0,66.81,0.0,150.0,180.0,70.0,0.0,usda,1
171452,"Chicken, broilers or fryers, skin only, raw",13.33,32.35,0.0,349.0,54.22,0.0,100.0,103.0,63.0,0.0,usda,1
171453,"Chicken, broilers or fryers, skin only, cooked, fried, batter",10.32,28.83,23.15,394.0,36.11,0.2,80.0,75.0,581.0,1.25,usda,3
171454,"Chicken, broilers or fryers, skin only, cooked, fried, flour",19.09,42.58,9.34,502.0,28.54,0.2,126.0,125.0,53.0,1.25,usda,1
171455,"Chicken, broilers or fryers, giblets, cooked, simmered",27.15,4.5,0.0,157.0,67.72,0.0,289.0,224.0,67.0,0.0,usda,1
171456,"Chicken, gizzard, all classes, raw",17.66,2.06,0.0,94.0,79.33,0.0,148.0,237.0,69.0,0.0,usda,1
171457,"Chicken, gizzard, all classes, cooked, simmered",30.39,2.68,0.0,154.0,67.93,0.0,189.0,179.0,56.0,0.0,usda,1
171458,"Chicken, heart, all classes, raw",15.55,9.33,0.71,153.0,73.56,0.0,177.0,176.0,74.0,1.25,usda,1
171459,"Chicken, broilers or fryers, light meat, meat and skin, cooked, fried, batter",23.55,15.44,9.5,277.0,50.23,0.2,168.0,185.0,287.0,1.25,usda,1
171460,"Chicken, broilers or fryers, light meat, meat and skin, cooked, fried, flour",30.45,12.09,1.82,246.0,54.66,0.1,213.0,239.0,77.0,0.0,usda,1
171461,"Chicken, broilers or fryers, light meat, meat and skin, cooked, roasted",29.02,10.85,0.0,222.0,60.51,0.0,200.0,227.0,75.0,1.25,usda,1
171462,"Chicken, broilers or fryers, light meat, meat and skin, cooked, stewed",26.14,9.97,0.0,201.0,65.13,0.0,146.0,167.0,63.0,1.25,usda,1
171463,"Chicken, broilers or fryers, dark meat, meat and skin, raw",16.69,18.34,0.0,237.0,65.42,0.0,136.0,178.0,73.0,0.0,usda,1
171464,"Chicken, broilers or fryers, light meat, meat only, raw",23.2,1.65,0.0,114.0,74.86,0.0,187.0,239.0,68.0,0.0,usda,1
171465,"Chicken, broilers or fryers, light meat, meat only, cooked, fried",32.82,5.54,0.42,192.0,60.14,0.0,231.0,263.0,81.0,1.25,usda,1
171466,"Chicken, broilers or fryers, light meat, meat only, cooked, roasted",30.91,4.51,0.0,173.0,64.76,0.0,216.0,247.0,77.0,0.0,usda,1
171467,"Chicken, broilers or fryers, light meat, meat only, cooked, stewed",28.88,3.99,0.0,159.0,68.02,0.0,159.0,180.0,65.0,0.0,usda,1
171468,"Chicken, broilers or fryers, separable fat, raw",3.73,67.95,0.0,629.0,28.91,0.0,54.0,64.0,32.0,0.0,usda,1
171469,"Chicken, broilers or fryers, back, meat and skin, raw",14.05,28.74,0.0,319.0,58.1,0.0,113.0,144.0,64.0,0.0,usda,1
171470,"Chicken, broilers or fryers, back, meat and skin, cooked, fried, batter",21.97,21.91,10.25,331.0,44.51,0.2,137.0,180.0,317.0,1.25,usda,1
171471,"Chicken, broilers or fryers, back, meat and skin, cooked, fried, flour",27.79,20.74,6.5,331.0,43.96,0.2,166.0,226.0,90.0,1.25,usda,1
171472,"Chicken, broilers or fryers, back, meat only, cooked, roasted",28.19,13.16,0.0,239.0,58.75,0.0,165.0,237.0,96.0,0.0,usda,1
171473,"Chicken, broilers or fryers, back, meat only, cooked, stewed",25.31,11.19,0.0,209.0,64.33,0.0,130.0,158.0,67.0,0.0,usda,1
171474,"Chicken, broilers or fryers, breast, meat and skin, raw",20.85,9.25,0.0,172.0,69.46,0.0,174.0,220.0,63.0,0.0,usda,1
171475,"Chicken, broilers or fryers, breast, meat and skin, cooked, fried, batter",24.84,13.2,8.99,260.0,51.64,0.3,185.0,201.0,275.0,0.0,usda,1
171476,"Chicken, broilers or fryers, breast, meat and skin, cooked, fried, flour",31.84,8.87,1.64,222.0,56.59,0.1,233.0,259.0,76.0,1.25,usda,1
171477,"Chicken, broilers or fryers, breast, meat only, cooked, roasted",31.02,3.57,0.0,165.0,65.26,0.0,228.0,256.0,74.0,0.0,usda,1
171478,"Chicken, broilers or fryers, breast, meat only, cooked, stewed",28.98,3.03,0.0,151.0,68.27,0.0,165.0,187.0,63.0,0.0,usda,1
171479,"Turkey, whole, meat and skin, cooked, roasted",28.55,7.39,0.06,189.0,63.52,0.0,223.0,239.0,103.0,0.0,usda,1
171480,"Turkey, whole, meat only, raw",22.64,1.93,0.14,115.0,75.37,0.0,190.0,235.0,118.0,0.07,usda,1
171481,"Turkey, whole, meat only, cooked, roasted",29.06,3.84,0.0,159.0,66.7,0.0,222.0,239.0,101.0,0.0,usda,1
171482,"Turkey, whole, skin (light and dark), raw",12.96,38.93,0.16,407.0,48.38,0.0,120.0,124.0,62.0,0.1,usda,1
171483,"Turkey, all classes, gizzard, cooked, simmered",26.45,4.64,0.0,155.0,69.22,0.0,187.0,193.0,127.0,0.0,usda,1
171484,"Turkey, all classes, heart, raw",16.7,7.44,0.4,140.0,74.47,0.0,183.0,179.0,129.0,0.0,usda,1
171485,"Turkey, all classes, heart, cooked, simmered",24.88,7.52,0.0,174.0,67.15,0.0,241.0,203.0,140.0,0.0,usda,1
171486,"Turkey, all classes, liver, raw",18.26,5.5,0.0,128.0,75.54,0.0,279.0,214.0,131.0,0.0,usda,1
171487,"Turkey, all classes, liver, cooked, simmered",27.0,8.18,0.0,189.0,63.99,0.0,312.0,153.0,98.0,0.0,usda,1
171488,"Turkey, dark meat, meat and skin, raw",19.81,8.97,0.15,166.0,71.1,0.0,166.0,208.0,113.0,0.1,usda,1
171489,"Turkey, whole, dark meat, meat and skin, cooked, roasted",27.27,9.95,0.07,206.0,61.66,0.0,215.0,228.0,105.0,0.0,usda,1
171490,"Turkey, whole, light meat, raw",23.66,1.48,0.14,114.0,74.89,0.0,201.0,242.0,113.0,0.05,usda,1
171491,"Turkey, all classes, light meat, cooked, roasted",30.13,2.08,0.0,147.0,67.88,0.0,230.0,249.0,99.0,0.0,usda,1
171492,"Turkey, all classes, breast, meat and skin, cooked, roasted",28.71,7.41,0.0,189.0,63.22,0.0,210.0,288.0,63.0,1.25,usda,1
171493,"Turkey, all classes, leg, meat and skin, raw",19.54,6.72,0.0,144.0,72.69,0.0,177.0,273.0,74.0,1.25,usda,1
171494,"Turkey, all classes, leg, meat and skin, cooked, roasted",27.87,9.82,0.0,208.0,61.19,0.0,199.0,280.0,77.0,0.0,usda,1
171495,"Turkey, all classes, wing, meat and skin, raw",20.22,12.32,0.0,197.0,66.49,0.0,165.0,240.0,55.0,1.25,usda,1
171496,"Turkey, whole, breast, meat only, cooked, roasted",30.13,2.08,0.0,147.0,67.88,0.0,230.0,249.0,99.0,0.0,usda,1
171497,"Turkey, whole, wing, meat only, raw",23.66,1.48,0.14,115.0,74.89,0.0,201.0,242.0,113.0,0.05,usda,1
171498,"Turkey, whole, wing, meat only, cooked, roasted",30.13,2.08,0.0,147.0,67.88,0.0,230.0,249.0,99.0,0.0,usda,1
171499,"Turkey, young hen, skin only, cooked, roasted",19.03,44.45,0.0,482.0,35.53,0.0,133.0,155.0,44.0,1.25,usda,1
171500,"Turkey and gravy, frozen",5.88,2.63,4.61,67.0,85.07,0.0,81.0,61.0,554.0,1.25,usda,0
171501,"Turkey breast, pre-basted, meat and skin, cooked, roasted",22.16,3.46,0.0,126.0,70.91,0.0,214.0,248.0,397.0,1.25,usda,1
171502,"Turkey thigh, pre-basted, meat and skin, cooked, roasted",18.8,8.54,0.0,157.0,70.6,0.0,171.0,241.0,437.0,1.25,usda,1
171503,"Turkey roast, boneless, frozen, seasoned, light and dark meat, raw",17.6,2.2,6.4,120.0,70.4,0.0,158.0,360.0,678.0,1.25,usda,1
171504,"Turkey, mechanically deboned, from turkey frames, raw",13.29,15.96,0.0,201.0,69.09,0.0,115.0,173.0,48.0,1.25,usda,1
171505,"Turkey, Ground, raw",19.66,7.66,0.0,148.0,72.36,0.0,200.0,237.0,58.0,0.0,usda,1
171506,"Turkey, Ground, cooked",27.37,10.4,0.0,203.0,62.07,0.0,254.0,294.0,78.0,0.0,usda,1
171507,"Chicken, cornish game hens, meat and skin, raw",17.15,14.02,0.0,200.0,68.18,0.0,140.0,236.0,61.0,0.0,usda,1
171508,"Chicken, wing, frozen, glazed, barbecue flavored, heated (microwave)",25.34,13.9,3.84,248.0,53.89,0.9,272.0,254.0,837.0,2.1,usda,1
171509,"Chicken, broilers or fryers, breast, skinless, boneless, meat only, with added solution, raw",20.32,3.0,0.0,108.0,75.59,0.0,198.0,332.0,173.0,0.0,usda,1
171512,"Chicken patty, frozen, uncooked",14.33,20.04,13.61,292.0,50.04,1.2,196.0,248.0,518.0,0.0,usda,1
171513,"Chicken patty, frozen, cooked",14.85,19.58,12.84,287.0,50.82,0.3,208.0,261.0,532.0,0.0,usda,1
171514,"Chicken breast tenders, breaded, cooked, microwaved",16.35,12.89,17.56,252.0,51.34,0.0,216.0,225.0,446.0,0.0,usda,1
171515,"Chicken breast tenders, breaded, uncooked",14.73,15.75,15.01,263.0,52.74,1.1,211.0,214.0,536.0,0.37,usda,1
171516,"Chicken, broiler, rotisserie, BBQ, wing, meat only",28.34,7.79,0.54,186.0,62.87,0.0,264.0,322.0,725.0,0.53,usda,1
171517,"Chicken, broilers or fryers, rotisserie, original seasoning, back, meat only, cooked",25.34,11.54,0.0,205.0,61.24,0.0,250.0,309.0,661.0,0.0,usda,1
171518,"Chicken, broilers or fryers, rotisserie, original seasoning, breast, meat only, cooked",28.0,2.79,0.0,137.0,68.23,0.0,235.0,303.0,313.0,0.0,usda,1
171519,"Chicken, broilers or fryers, drumstick, rotisserie, original seasoning, meat only, cooked",28.74,6.81,0.0,176.0,63.05,0.0,257.0,301.0,417.0,0.0,usda,1
171520,"Chicken, broilers or fryers, rotisserie, original seasoning, skin only, cooked",17.66,37.24,0.11,406.0,43.76,0.0,248.0,245.0,381.0,0.11,usda,1
171521,"Chicken, broilers or fryers,  rotisserie, original seasoning, drumstick, meat and skin, cooked",26.86,11.98,0.02,215.0,59.78,0.0,255.0,291.0,411.0,0.02,usda,1
171522,"Chicken, broilers or fryers, rotisserie, original seasoning, thigh, meat and skin, cooked",22.93,15.7,0.02,233.0,60.34,0.0,222.0,260.0,345.0,0.02,usda,1
171523,"Chicken, broilers or fryers, rotisserie, original seasoning, wing, meat and skin, cooked",24.34,18.77,0.04,266.0,55.34,0.0,258.0,296.0,610.0,0.04,usda,1
171524,"Chicken, broiler, rotisserie, BBQ, skin",15.19,35.15,0.7,378.0,47.81,0.0,230.0,223.0,335.0,0.7,usda,1
171525,"Turkey, drumstick, from whole bird, meat only, with added solution, raw",19.27,4.12,0.15,115.0,75.86,0.0,191.0,226.0,167.0,0.1,usda,1
171526,"Turkey, wing, from whole bird, meat only, with added solution, raw",21.54,1.66,0.14,102.0,76.42,0.0,236.0,242.0,206.0,0.05,usda,1
171527,"Turkey, wing, from whole bird, meat only, with added solution, roasted",26.97,2.08,0.0,127.0,70.18,0.0,255.0,249.0,238.0,0.0,usda,1
171528,"Turkey, retail parts, breast, meat and skin, raw",21.88,7.45,0.0,155.0,70.98,0.0,176.0,247.0,72.0,0.0,usda,1
171529,"Turkey, retail parts, breast, meat and skin, cooked, roasted",29.01,5.33,0.05,164.0,64.59,0.0,251.0,292.0,114.0,0.0,usda,1
171530,"Turkey, drumstick, from whole bird, meat only, roasted",30.13,2.08,0.0,139.0,67.88,0.0,230.0,249.0,99.0,0.0,usda,1
171531,"Turkey, thigh, from whole bird, meat only, raw",21.28,2.5,0.15,108.0,76.01,0.0,176.0,226.0,124.0,0.1,usda,1
171532,"Turkey, thigh, from whole bird, meat only, roasted",27.71,6.04,0.0,165.0,65.23,0.0,212.0,227.0,104.0,0.0,usda,1
171533,"Turkey, retail parts, thigh, meat and skin, raw",19.54,9.16,0.0,161.0,71.28,0.0,161.0,239.0,75.0,0.0,usda,1
171534,"Chicken, broiler or fryers, breast, skinless, boneless, meat only, cooked, grilled",30.54,3.17,0.0,151.0,66.14,0.0,258.0,391.0,52.0,0.0,usda,1
171535,"Chicken, broiler or fryers, breast, skinless, boneless, meat only, with added solution, cooked, braised",28.24,3.61,0.0,145.0,68.05,0.0,217.0,313.0,172.0,0.0,usda,1
171536,"Chicken, broiler or fryers, breast, skinless, boneless, meat only, with added solution, cooked, grilled",29.5,3.39,0.0,148.0,66.54,0.0,249.0,420.0,215.0,0.0,usda,1
171537,"Soup, cream of asparagus, canned, condensed",1.82,3.26,8.52,69.0,84.05,0.4,31.0,138.0,669.0,0.72,usda,0
171538,"Soup, beef broth or bouillon canned, ready-to-serve",1.14,0.22,0.04,7.0,97.55,0.0,13.0,54.0,372.0,0.0,usda,0
171539,"Soup, beef noodle, canned, condensed",3.85,2.46,7.16,67.0,84.42,0.6,37.0,79.0,653.0,2.06,usda,0
171540,"Soup, cream of celery, canned, condensed",1.32,4.46,7.03,72.0,84.96,0.6,30.0,98.0,516.0,1.35,usda,0
171541,"Soup, cheese, canned, condensed",0.8,3.92,11.3,82.0,81.69,2.2,33.0,37.0,692.0,3.73,usda,0
171542,"Soup, chicken broth, canned, condensed",4.42,1.04,0.75,31.0,91.96,0.0,60.0,170.0,621.0,0.35,usda,0
171543,"Soup, chicken noodle, canned, condensed",2.37,1.55,6.07,48.0,88.2,0.9,38.0,48.0,681.0,0.0,usda,0
171544,"Soup, chicken rice, canned, chunky, ready-to-serve",5.11,1.33,5.41,53.0,86.78,0.4,30.0,45.0,370.0,0.6,usda,0
171545,"Soup, chicken with rice, canned, condensed",1.84,1.56,11.57,68.0,83.15,0.9,42.0,34.0,645.0,0.23,usda,0
171546,"Soup, chicken and vegetable, canned, ready-to-serve",1.97,0.73,4.68,33.0,91.68,0.9,35.0,133.0,229.0,1.01,usda,0
171547,"Soup, clam chowder, new england, canned, condensed",3.17,2.06,10.32,72.0,81.49,0.7,260.0,221.0,516.0,0.38,usda,1
171548,"Soup, beef broth bouillon and consomme, canned, condensed",2.52,0.0,0.32,11.0,94.76,0.0,26.0,125.0,694.0,0.0,usda,0
171549,"Soup, lentil with ham, canned, ready-to-serve",3.74,1.12,8.16,56.0,85.75,0.2,74.0,144.0,532.0,1.25,usda,0
171550,"Soup, minestrone, canned, chunky, ready-to-serve",2.13,1.17,8.64,53.0,86.72,2.4,46.0,255.0,288.0,2.17,usda,0
171551,"Soup, onion, canned, condensed",3.06,1.42,6.68,46.0,86.35,0.7,9.0,56.0,516.0,2.72,usda,0
171552,"Soup, cream of onion, canned, condensed",2.2,4.2,10.4,88.0,81.0,0.4,30.0,98.0,637.0,3.64,usda,0
171553,"Soup, oyster stew, canned, condensed",1.72,3.13,3.32,48.0,89.88,0.0,39.0,40.0,722.0,1.25,usda,0
171554,"Soup, pea, green, canned, condensed",6.54,2.23,20.18,125.0,68.54,3.9,95.0,145.0,680.0,6.52,usda,3
171555,"Soup, pea, split with ham, canned, chunky, ready-to-serve",4.62,1.66,11.17,77.0,80.95,1.7,74.0,127.0,301.0,1.91,usda,0
171556,"CAMPBELL'S, Chicken Noodle Soup, condensed",2.37,1.53,5.97,47.0,88.32,0.2,38.0,44.0,683.0,0.0,usda,0
171557,"Soup, tomato rice, canned, condensed",1.64,2.12,17.08,93.0,77.13,1.3,26.0,257.0,635.0,5.9,usda,0
171558,"Soup, turkey, chunky, canned, ready-to-serve",4.33,1.87,5.96,57.0,86.37,0.2,44.0,153.0,391.0,1.25,usda,0
171559,"Soup, chunky vegetable, canned, ready-to-serve",1.14,0.36,7.9,39.0,89.53,1.1,29.0,180.0,267.0,1.56,usda,0
171560,"Soup, beef broth or bouillon, powder, dry",15.97,8.89,17.4,213.0,3.27,0.0,320.0,446.0,26000.0,16.71,usda,3
171561,"Soup, beef broth, cubed, dry",17.3,4.0,16.1,170.0,3.3,0.0,225.0,403.0,24000.0,14.51,usda,3
171562,"Soup, chicken broth or bouillon, dry",16.66,13.88,18.01,267.0,2.27,0.0,166.0,309.0,23875.0,17.36,usda,3
171563,"Soup, chicken broth cubes, dry",14.6,4.7,23.5,198.0,2.5,0.0,191.0,374.0,24000.0,0.0,usda,3
171564,"Gravy, beef, canned, ready-to-serve",3.75,2.36,4.81,53.0,87.48,0.4,30.0,81.0,633.0,0.21,usda,0
171565,"Gravy, brown, dry",10.74,9.61,59.38,367.0,5.0,2.0,203.0,262.0,4843.0,1.25,usda,3
171566,"Gravy, chicken, canned or bottled, ready-to-serve",0.71,2.62,5.29,48.0,90.3,0.1,20.0,42.0,389.0,0.3,usda,0
171567,"Gravy, chicken, dry",11.27,9.73,62.09,381.0,3.85,0.2,249.0,404.0,4152.0,1.25,usda,3
171568,"Gravy, turkey, canned, ready-to-serve",2.6,2.1,5.1,51.0,88.6,0.4,29.0,109.0,577.0,0.21,usda,0
171569,"Gravy, turkey, dry",10.42,7.19,65.12,367.0,4.67,0.2,254.0,428.0,4392.0,1.25,usda,3
171570,"Gravy, unspecified type, dry",13.0,8.0,58.0,344.0,4.0,0.2,203.0,262.0,5730.0,1.25,usda,3
171571,"Soup, chicken noodle, dry, mix",15.42,6.51,62.32,377.0,4.94,3.2,195.0,306.0,3161.0,1.9,usda,3
171572,"Soup, beef mushroom, canned, prepared with equal volume water",2.37,1.23,2.6,30.0,92.6,0.1,14.0,63.0,386.0,1.25,usda,0
171573,"Soup, chicken mushroom, canned, prepared with equal volume water",1.8,3.75,3.8,54.0,90.0,0.1,11.0,63.0,327.0,1.25,usda,0
171574,"Soup, tomato bisque, canned, prepared with equal volume water",0.92,1.02,9.6,50.0,87.17,0.2,24.0,169.0,424.0,1.25,usda,0
171575,"Sauce, peanut, made from coconut, water, sugar, peanuts",2.02,6.34,28.46,179.0,62.08,1.1,35.0,99.0,319.0,18.8,usda,0
171579,"Sauce, pesto, ready-to-serve, refrigerated",9.83,37.6,10.09,418.0,38.98,1.8,273.0,560.0,603.0,6.33,usda,3
171580,"Sauce, pesto, ready-to-serve, shelf stable",5.0,42.42,6.14,426.0,43.08,1.7,132.0,205.0,998.0,1.92,usda,3
171581,"Sauce, pesto, BUITONI, pesto with basil, ready-to-serve, refrigerated",9.83,37.6,10.09,418.0,38.98,1.8,273.0,560.0,603.0,6.33,usda,3
171582,"Sauce, pesto, CLASSICO, basil pesto, ready-to-serve",4.16,36.38,6.93,372.0,49.16,2.1,97.0,195.0,1028.0,2.6,usda,3
171583,"Soup, vegetable broth, ready to serve",0.24,0.07,0.93,5.0,98.05,0.0,3.0,19.0,296.0,0.55,usda,0
171584,"Sauce, cheese sauce mix, dry",7.68,18.33,60.52,438.0,3.78,1.0,283.0,428.0,3202.0,10.26,usda,3
171587,"Soup, tomato, canned, condensed, reduced sodium",1.61,0.56,13.41,65.0,82.5,1.2,29.0,229.0,22.0,8.11,usda,0
171588,"Gravy, brown instant, dry",8.53,11.85,59.78,380.0,5.51,3.2,212.0,367.0,5053.0,9.23,usda,3
171589,"Gravy, instant beef, dry",9.8,9.48,61.1,369.0,4.65,4.3,239.0,450.0,5203.0,23.9,usda,3
171590,"Gravy, instant turkey, dry",11.72,14.66,57.56,409.0,5.24,3.8,203.0,306.0,4090.0,7.6,usda,3
171591,"Soup, tomato, low sodium, with water",0.79,0.28,6.57,30.0,91.38,0.6,14.0,112.0,33.0,3.97,usda,0
171592,"Soup, pea, low sodium, prepared with equal volume water",3.2,1.09,9.88,62.0,84.55,1.9,47.0,71.0,10.0,3.19,usda,0
171593,"Soup, chicken noodle, low sodium, canned, prepared with equal volume water",1.27,0.95,2.95,25.0,93.82,0.2,17.0,22.0,173.0,0.27,usda,0
171594,"Soup, vegetable soup, condensed, low sodium, prepared with equal volume water",1.1,0.45,6.06,33.0,91.35,1.1,23.0,217.0,194.0,2.15,usda,0
171595,"Sauce, tomato chili sauce, bottled, with salt",2.5,0.3,19.79,92.0,68.0,2.4,52.0,370.0,1338.0,13.33,usda,0
171596,"Soup, vegetable chicken, canned, prepared with water, low sodium",5.1,2.0,8.76,69.0,83.4,0.4,44.0,153.0,35.0,1.42,usda,0
171597,"Sauce, pasta, spaghetti/marinara, ready-to-serve, low sodium",1.41,1.48,8.06,51.0,87.39,1.8,34.0,319.0,30.0,5.5,usda,0
171598,"Gravy, meat or poultry, low sodium, prepared",3.8,2.4,6.16,53.0,87.5,0.3,30.0,81.0,18.0,0.01,usda,0
171599,"Gravy, HEINZ Home Style, savory beef",1.09,1.13,6.24,39.0,89.97,0.7,10.0,22.0,587.0,0.52,usda,0
171600,"Gravy, CAMPBELL'S, chicken",0.79,2.73,5.87,51.0,89.39,0.2,15.0,55.0,424.0,0.94,usda,0
171601,"Barbecue loaf, pork, beef",15.84,8.9,6.4,173.0,64.82,0.0,132.0,329.0,1334.0,1.25,usda,1
171602,"Soup, cream of chicken, canned, condensed, reduced sodium",1.8,1.3,9.5,58.0,85.8,0.4,23.0,272.0,357.0,0.39,usda,0
171603,"Sauce, alfredo mix, dry",15.32,36.35,36.52,535.0,2.05,2.0,415.0,254.0,2590.0,5.4,usda,3
171604,"Sauce, peppers, hot, chili, mature red, canned",0.9,0.6,3.9,21.0,94.1,0.7,16.0,564.0,25.0,2.55,usda,0
171605,"Sauce, chili, peppers, hot, immature green, canned",0.7,0.1,5.0,20.0,93.9,1.9,14.0,564.0,25.0,2.55,usda,0
171606,Fish broth,2.0,0.6,0.4,16.0,96.0,0.0,30.0,86.0,200.0,0.09,usda,0
171607,"Soup, cream of mushroom, low sodium, ready-to-serve, canned",1.0,3.7,4.53,53.0,90.3,0.2,20.0,41.0,20.0,1.72,usda,0
171608,"Potato soup, instant, dry mix",9.2,3.1,76.14,343.0,5.8,7.6,279.0,1248.0,2400.0,10.0,usda,3
171609,"Soup, chicken broth, low sodium, canned",2.0,0.6,1.2,16.0,96.0,0.0,30.0,86.0,30.0,0.13,usda,0
171610,"Sauce, worcestershire",0.0,0.0,19.17,77.0,78.54,0.0,60.0,800.0,1300.0,10.03,usda,0
171611,"Soup, beef and mushroom, low sodium, chunk style",4.3,2.3,9.58,69.0,83.3,0.2,50.0,140.0,25.0,0.84,usda,0
171612,"Soup, beef stroganoff, canned, chunky style, ready-to-serve",5.1,4.6,9.0,98.0,79.9,0.6,50.0,140.0,435.0,1.68,usda,0
171613,"Soup, bouillon cubes and granules, low sodium, dry",16.7,13.89,64.88,438.0,2.3,0.2,166.0,309.0,1067.0,14.47,usda,3
171614,"Soup, ramen noodle, beef flavor, dry",10.06,17.73,60.34,441.0,6.56,3.0,115.0,177.0,1727.0,1.99,usda,3
171615,"Soup, ramen noodle, chicken flavor, dry",10.22,17.52,60.23,439.0,6.5,2.9,115.0,183.0,1923.0,1.96,usda,3
171616,"Beerwurst, beer salami, pork",14.24,18.8,2.06,238.0,61.46,0.0,103.0,253.0,1240.0,1.25,usda,1
171617,"Sausage, Berliner, pork, beef",15.27,17.2,2.59,230.0,60.97,0.0,130.0,283.0,1297.0,2.35,usda,1
171618,Blood sausage,14.6,34.5,1.29,379.0,47.3,0.0,22.0,38.0,680.0,1.29,usda,1
171619,"Bockwurst, pork, veal, raw",14.03,25.87,2.95,301.0,54.47,1.0,169.0,270.0,756.0,1.33,usda,1
171620,"Bratwurst, pork, cooked",13.72,29.18,2.85,333.0,51.45,0.0,208.0,348.0,846.0,0.0,usda,1
171621,"Braunschweiger (a liver sausage), pork",14.5,28.5,3.1,327.0,50.6,0.0,168.0,199.0,977.0,0.0,usda,1
171622,"Bratwurst, pork, beef, link",14.3,27.8,2.98,323.0,51.3,0.0,134.0,281.0,1112.0,2.98,usda,1
171623,"Cheesefurter, cheese smokie, pork, beef",14.1,29.0,1.51,328.0,52.5,0.0,178.0,206.0,1082.0,1.51,usda,1
171624,"Frankfurter, chicken",15.51,16.19,2.74,223.0,62.5,0.0,162.0,202.0,1027.0,2.98,usda,1
171625,"Frankfurter, turkey",12.23,17.29,3.81,223.0,62.99,0.0,172.0,392.0,911.0,1.21,usda,1
171626,"Ham, chopped, canned",16.06,18.83,0.26,239.0,60.77,0.0,139.0,284.0,1280.0,0.0,usda,1
171627,"Ham, chopped, not canned",16.5,16.7,0.0,221.0,65.3,0.0,155.0,319.0,1194.0,5.0,usda,1
171628,Ham and cheese loaf or roll,13.6,18.7,4.0,241.0,60.3,0.0,253.0,294.0,1000.0,0.0,usda,1
171629,Ham and cheese spread,16.18,18.53,2.28,245.0,59.13,0.0,495.0,162.0,1197.0,1.25,usda,1
171630,"Headcheese, pork",13.83,10.9,0.0,157.0,73.84,0.0,56.0,31.0,941.0,0.0,usda,1
171631,"Sausage, Italian, pork, mild, raw",13.9,24.26,2.97,290.0,56.44,0.0,126.0,211.0,563.0,1.19,usda,1
171632,"Sausage, pork and turkey, pre-cooked",12.05,30.64,3.63,342.0,50.68,0.0,136.0,230.0,876.0,0.0,usda,1
171633,"Frankfurter, meat and poultry, cooked, boiled",10.31,26.28,4.96,298.0,55.16,0.0,180.0,323.0,914.0,2.7,usda,1
171634,"Frankfurter, meat and poultry, cooked, grilled",10.67,26.43,5.24,302.0,53.9,0.0,192.0,387.0,1079.0,2.85,usda,1
171635,"Pork sausage, link/patty, reduced fat, unprepared",16.75,16.55,0.2,217.0,64.21,0.0,153.0,275.0,581.0,0.0,usda,1
171636,"Pork sausage, link/patty, reduced fat, cooked, pan-fried",20.94,20.32,0.15,267.0,55.88,0.0,185.0,328.0,698.0,0.0,usda,1
171637,"Bologna, meat and poultry",10.34,23.77,6.31,281.0,55.93,0.0,212.0,320.0,1379.0,1.97,usda,1
171638,"Meatballs, frozen, Italian style",14.4,22.21,8.06,286.0,53.67,2.3,239.0,296.0,666.0,3.47,usda,3
171639,"Bacon, turkey, microwaved",29.5,25.87,4.24,368.0,34.46,0.0,416.0,666.0,2021.0,4.24,usda,1
171640,"Bacon, turkey, low sodium",13.33,20.0,4.8,253.0,58.93,0.0,145.0,156.0,900.0,0.0,usda,1
171641,"Cereals ready-to-eat, POST, ALPHA-BITS",10.0,4.6,80.3,389.0,1.2,7.1,309.0,267.0,592.0,21.0,usda,3
171642,"Cereals ready-to-eat, QUAKER, CAP'N CRUNCH",4.39,5.12,85.51,398.0,2.5,2.5,167.0,186.0,754.0,44.32,usda,3
171643,"Cereals ready-to-eat, QUAKER, CAP'N CRUNCH with CRUNCHBERRIES",4.45,4.83,85.93,397.0,2.5,2.6,168.0,187.0,725.0,44.2,usda,3
171644,"Cereals ready-to-eat, QUAKER, CAP'N CRUNCH'S PEANUT BUTTER CRUNCH",7.1,9.23,78.65,417.0,2.5,2.7,194.0,236.0,742.0,33.36,usda,3
171645,"Cereals ready-to-eat, POST, FRUITY PEBBLES",4.62,4.02,86.1,402.0,3.0,0.8,71.0,72.0,531.0,34.28,usda,3
171646,"Cereals ready-to-eat, granola, homemade",13.67,24.31,53.88,489.0,5.84,8.9,431.0,539.0,26.0,19.8,usda,3
171647,"Cereals ready-to-eat, POST, GRAPE-NUTS Cereal",11.22,1.81,80.49,361.0,3.5,13.0,467.0,400.0,465.0,8.86,usda,3
171648,"Cereals ready-to-eat, POST, GRAPE-NUTS Flakes",9.4,3.7,82.0,376.0,3.3,10.2,280.0,336.0,470.0,15.2,usda,3
171649,"Cereals ready-to-eat, QUAKER, SWEET CRUNCH/QUISP",4.51,6.08,85.03,406.0,2.0,2.3,168.0,187.0,740.0,43.36,usda,3
171650,"Cereals ready-to-eat, POST Raisin Bran Cereal",7.6,1.6,78.9,324.0,8.6,13.7,339.0,525.0,382.0,32.9,usda,3
171651,"Cereals ready-to-eat, QUAKER, QUAKER Puffed Rice",7.01,0.9,87.78,383.0,3.91,1.4,118.0,116.0,5.0,0.0,usda,3
171652,"Cereals ready-to-eat, POST, GOLDEN CRISP",5.5,1.7,90.1,380.0,1.4,5.0,227.0,176.0,95.0,53.6,usda,3
171653,"Cereals ready-to-eat, SUN COUNTRY, KRETSCHMER Honey Crunch Wheat Germ",26.55,7.78,58.11,372.0,3.4,10.2,1011.0,964.0,11.0,21.43,usda,3
171654,"Cereals, corn grits, white, regular and quick, enriched, dry",7.65,1.75,79.09,370.0,10.92,4.6,111.0,141.0,1.0,0.57,usda,3
171655,"Cereals, corn grits, white, regular and quick, enriched, cooked with water, without salt",1.71,0.46,14.76,71.0,82.93,0.8,20.0,27.0,2.0,0.12,usda,0
171656,"Cereals, QUAKER, corn grits, instant, plain, dry",7.31,2.14,78.42,343.0,7.2,4.2,72.0,135.0,1121.0,1.51,usda,3
171657,"Cereals, CREAM OF WHEAT, regular (10 minute), cooked with water, without salt",1.44,0.21,10.52,50.0,87.61,0.5,15.0,16.0,6.0,0.03,usda,0
171658,"Cereals, farina, enriched, assorted brands including CREAM OF WHEAT, quick (1-3 minutes), dry",11.6,1.41,73.19,360.0,11.08,4.2,252.0,153.0,124.0,0.56,usda,3
171659,"Cereals, farina, enriched, assorted brands including CREAM OF WHEAT, quick (1-3 minutes), cooked with water, without salt",1.82,0.34,10.92,55.0,86.55,0.8,37.0,23.0,18.0,0.76,usda,0
171660,"Cereals, CREAM OF WHEAT, instant, dry",10.6,1.4,75.5,366.0,10.4,3.3,103.0,115.0,571.0,0.4,usda,3
171661,"Cereals, oats, instant, fortified, plain, dry",11.92,6.9,69.52,362.0,8.92,10.0,423.0,366.0,220.0,1.5,usda,3
171662,"Cereals, oats, instant, fortified, plain, prepared with water (boiling water added or microwaved)",2.37,1.36,11.67,68.0,84.03,1.7,77.0,61.0,49.0,0.46,usda,0
171663,"Cereals, QUAKER, Instant Oatmeal, apples and cinnamon, dry",8.62,4.61,76.74,366.0,6.62,8.3,294.0,327.0,454.0,28.87,usda,3
171664,"Cereals, oats, instant, fortified, with cinnamon and spice, dry",9.53,4.84,76.08,369.0,6.92,8.0,322.0,284.0,434.0,25.33,usda,3
171665,"Cereals, WHEATENA, dry",13.1,2.9,75.6,357.0,6.5,12.8,384.0,492.0,13.0,1.6,usda,3
171666,"Cereals, WHEATENA, cooked with water",2.0,0.5,11.8,56.0,85.4,2.7,60.0,77.0,2.0,1.25,usda,0
171667,"Cereals, whole wheat hot natural cereal, dry",11.2,2.0,75.2,342.0,9.9,9.5,379.0,389.0,2.0,0.42,usda,3
171668,"Cereals, whole wheat hot natural cereal, cooked with water, without salt",2.0,0.4,13.7,62.0,83.6,1.6,69.0,71.0,0.0,0.08,usda,0
171669,"Cereals ready-to-eat, QUAKER, QUAKER Puffed Wheat",16.26,2.15,76.39,366.0,3.69,9.4,331.0,364.0,5.0,1.37,usda,3
171670,"Cereals, corn grits, yellow, regular and quick, unenriched, dry",8.8,1.2,79.6,371.0,10.0,1.6,73.0,137.0,1.0,0.64,usda,3
171671,"Cereals, corn grits, white, regular and quick, enriched, cooked with water, with salt",1.71,0.46,14.76,71.0,82.93,0.8,20.0,27.0,223.0,0.12,usda,0
171672,"Cereals, corn grits, yellow, regular and quick, enriched, cooked with water, without salt",1.23,0.39,13.86,65.0,84.36,0.7,14.0,22.0,2.0,0.09,usda,0
171673,"Cereals, corn grits, yellow, regular, quick, enriched, cooked with water, with salt",1.23,0.39,13.86,65.0,84.36,0.7,14.0,22.0,223.0,0.09,usda,0
171674,"Cereals, MALT-O-MEAL, chocolate, dry",10.6,0.82,79.55,363.0,6.69,2.8,124.0,245.0,10.0,16.63,usda,3
171675,"Cereals, oats, regular and quick and instant, unenriched, cooked with water (includes boiling and microwaving), with salt",2.54,1.52,12.0,71.0,83.61,1.7,77.0,70.0,71.0,0.27,usda,0
171676,"Cereals, WHEATENA, cooked with water, with salt",2.03,0.45,11.74,59.0,85.4,2.0,60.0,77.0,238.0,0.25,usda,0
171677,"Cereals, whole wheat hot natural cereal, cooked with water, with salt",2.0,0.4,13.7,62.0,83.6,1.6,69.0,71.0,233.0,0.08,usda,0
171678,"Cereals, ready-to-eat, MALT-O-MEAL, Blueberry Mini SPOONERS",8.81,1.92,79.4,350.0,4.4,10.3,331.0,327.0,2.0,18.44,usda,3
171679,"Cereals ready-to-eat, MALT-O-MEAL, OAT BLENDERS with honey",6.78,4.17,84.94,396.0,3.0,5.0,133.0,200.0,515.0,21.62,usda,3
171680,"Cereals ready-to-eat, MALT-O-MEAL, OAT BLENDERS with honey & almonds",7.8,4.88,77.26,379.0,3.1,6.1,204.0,240.0,453.0,20.26,usda,3
171681,"Cereals ready-to-eat, MALT-O-MEAL, Honey Nut SCOOTERS",8.59,4.51,79.62,387.0,2.5,6.3,318.0,241.0,695.0,29.97,usda,3
171682,"Cereals, QUAKER, Instant Oatmeal, Cinnamon Swirl, high fiber",8.79,4.8,75.67,366.0,7.52,22.3,306.0,256.0,473.0,14.7,usda,3
171683,"Cereals, QUAKER, oatmeal, REAL MEDLEYS, blueberry hazelnut, dry",9.81,9.8,69.47,386.0,7.47,7.7,287.0,317.0,337.0,18.71,usda,3
171684,"Cereals, QUAKER, oatmeal, REAL MEDLEYS, apple walnut, dry",8.18,10.36,70.53,390.0,7.8,7.0,239.0,344.0,356.0,29.36,usda,3
171685,"Cereals, QUAKER, oatmeal, REAL MEDLEYS, summer berry, dry",11.31,4.4,72.58,353.0,7.57,8.5,358.0,445.0,354.0,20.43,usda,3
171686,"Acerola, (west indian cherry), raw",0.4,0.3,7.69,32.0,91.41,1.1,11.0,146.0,7.0,1.25,usda,0
171687,"Acerola juice, raw",0.4,0.3,4.8,23.0,94.3,0.3,9.0,97.0,3.0,4.5,usda,0
171688,"Apples, raw, with skin (Includes foods for USDA's Food Distribution Program)",0.26,0.17,13.81,52.0,85.56,2.4,11.0,107.0,1.0,10.39,usda,0
171689,"Apples, raw, without skin",0.27,0.13,12.76,48.0,86.67,1.3,11.0,90.0,0.0,10.1,usda,0
171690,"Apples, dehydrated (low moisture), sulfured, stewed",0.28,0.12,19.91,74.0,79.36,2.6,12.0,136.0,26.0,1.25,usda,0
171691,"Apples, dried, sulfured, uncooked",0.93,0.32,65.89,243.0,31.76,8.7,38.0,450.0,87.0,57.19,usda,3
171692,"Apples, dried, sulfured, stewed, without added sugar",0.22,0.07,15.32,57.0,84.13,2.0,9.0,105.0,20.0,13.32,usda,0
171693,"Apples, dried, sulfured, stewed, with added sugar",0.2,0.07,20.73,83.0,78.76,1.9,8.0,98.0,19.0,1.25,usda,0
171694,"Apples, frozen, unsweetened, unheated (Includes foods for USDA's Food Distribution Program)",0.28,0.32,12.31,48.0,86.85,1.3,8.0,77.0,3.0,10.1,usda,0
171695,"Applesauce, canned, unsweetened, without added ascorbic acid (Includes foods for USDA's Food Distribution Program)",0.17,0.1,11.27,42.0,88.22,1.1,5.0,74.0,2.0,9.39,usda,0
171696,"Applesauce, canned, sweetened, without salt",0.16,0.17,17.49,68.0,81.98,1.2,6.0,75.0,2.0,14.67,usda,0
171697,"Apricots, raw",1.4,0.39,11.12,48.0,86.35,2.0,23.0,259.0,1.0,9.24,usda,0
171698,"Apricots, canned, water pack, with skin, solids and liquids",0.71,0.16,6.39,27.0,92.36,1.6,13.0,192.0,3.0,4.79,usda,0
171699,"Apricots, canned, heavy syrup pack, with skin, solids and liquids",0.53,0.08,21.47,83.0,77.56,1.6,12.0,140.0,4.0,19.87,usda,0
171700,"Apricots, canned, heavy syrup pack, without skin, solids and liquids",0.51,0.09,21.45,83.0,77.66,1.6,13.0,134.0,11.0,1.25,usda,0
171701,"Apricots, canned, extra heavy syrup pack, without skin, solids and liquids",0.55,0.04,24.85,96.0,74.33,1.6,15.0,126.0,13.0,1.25,usda,0
171702,"Apricots, dehydrated (low-moisture), sulfured, uncooked",4.9,0.62,82.89,320.0,7.5,0.2,157.0,1850.0,13.0,1.25,usda,3
171703,"Apricots, frozen, sweetened",0.7,0.1,25.1,98.0,73.3,2.2,19.0,229.0,4.0,1.25,usda,0
171704,"Apricot nectar, canned, with added ascorbic acid",0.17,0.45,13.63,56.0,85.63,0.1,5.0,67.0,8.0,12.79,usda,0
171705,"Avocados, raw, all commercial varieties",2.0,14.66,8.53,160.0,73.23,6.7,52.0,485.0,7.0,0.66,usda,0
171706,"Avocados, raw, California",1.96,15.41,8.64,167.0,72.33,6.8,54.0,507.0,8.0,0.3,usda,0
171707,"Avocados, raw, Florida",2.23,10.06,7.82,120.0,78.81,5.6,40.0,351.0,2.0,2.42,usda,0
171708,"Cherries, tart, dried, sweetened (Includes foods for USDA's Food Distribution Program)",1.25,0.73,80.45,333.0,16.6,2.5,36.0,376.0,13.0,67.15,usda,3
171709,"Blackberries, canned, heavy syrup, solids and liquids",1.31,0.14,23.1,92.0,75.06,3.4,14.0,99.0,3.0,19.7,usda,0
171710,"Blackberries, frozen, unsweetened",1.18,0.43,15.67,64.0,82.21,5.0,30.0,140.0,1.0,10.67,usda,0
171711,"Blueberries, raw",0.74,0.33,14.49,57.0,84.21,2.4,12.0,77.0,1.0,9.96,usda,0
171712,"Boysenberries, canned, heavy syrup",0.99,0.12,22.31,88.0,76.26,2.6,10.0,90.0,3.0,1.25,usda,0
171713,"Boysenberries, frozen, unsweetened",1.1,0.26,12.19,50.0,85.9,5.3,27.0,139.0,1.0,6.89,usda,0
171714,"Breadfruit, raw",1.07,0.23,27.12,103.0,70.65,4.9,30.0,490.0,2.0,11.0,usda,0
171715,"Carambola, (starfruit), raw",1.04,0.33,6.73,31.0,91.38,2.8,12.0,133.0,2.0,3.98,usda,0
171716,"Cherries, sour, red, canned, heavy syrup pack, solids and liquids",0.73,0.1,23.27,91.0,75.66,1.1,10.0,93.0,7.0,22.17,usda,0
171717,"Cherries, sour, red, canned, extra heavy syrup pack, solids and liquids",0.71,0.09,29.23,114.0,69.73,0.8,9.0,91.0,7.0,1.25,usda,0
171718,"Cherries, sour, red, frozen, unsweetened (Includes foods for USDA's Food Distribution Program)",0.92,0.44,11.02,46.0,87.2,1.6,16.0,124.0,1.0,9.02,usda,0
171719,"Cherries, sweet, raw",1.06,0.2,16.01,63.0,82.25,2.1,21.0,222.0,0.0,12.82,usda,0
171720,"Cherries, sweet, canned, extra heavy syrup pack, solids and liquids",0.59,0.15,26.23,102.0,72.66,1.5,17.0,142.0,3.0,1.25,usda,0
171721,"Crabapples, raw",0.4,0.3,19.95,76.0,78.94,0.2,15.0,194.0,1.0,1.25,usda,0
171722,"Cranberries, raw",0.46,0.13,11.97,46.0,87.32,3.6,11.0,80.0,2.0,4.27,usda,0
171723,"Cranberries, dried, sweetened (Includes foods for USDA's Food Distribution Program)",0.17,1.09,82.8,308.0,15.79,5.3,8.0,49.0,5.0,72.56,usda,0
171724,"Currants, zante, dried",3.43,0.22,76.98,290.0,17.6,4.4,99.0,777.0,43.0,62.28,usda,3
171725,"Custard-apple, (bullock's-heart), raw",1.7,0.6,25.2,101.0,71.5,2.4,21.0,382.0,4.0,1.25,usda,0
171726,"Dates, deglet noor",2.45,0.39,75.03,282.0,20.53,8.0,62.0,656.0,2.0,63.35,usda,3
171727,"Elderberries, raw",0.66,0.5,18.4,73.0,79.8,7.0,39.0,280.0,6.0,1.25,usda,0
171743,"Beef, round, top round steak, boneless, separable lean and fat, trimmed to 0"" fat, all grades, raw",23.49,3.34,0.0,124.0,72.64,0.0,219.0,312.0,54.0,0.0,usda,1
171744,"Beef, round, top round roast, boneless, separable lean and fat, trimmed to 0"" fat, select, raw",23.44,3.04,0.0,121.0,72.93,0.0,218.0,313.0,54.0,0.0,usda,1
171745,"Beef, round, eye of round roast, boneless, separable lean and fat, trimmed to 0"" fat, all grades, raw",23.27,3.44,0.0,124.0,73.09,0.0,221.0,317.0,53.0,0.0,usda,1
171746,"Beef, round, eye of round roast, boneless, separable lean and fat, trimmed to 0"" fat, choice, raw",23.26,3.74,0.0,127.0,72.88,0.0,220.0,323.0,52.0,0.0,usda,1
171747,"Beef, round, eye of round roast, boneless, separable lean and fat, trimmed to 0"" fat, select, raw",23.28,3.0,0.0,120.0,73.4,0.0,221.0,309.0,50.0,0.0,usda,1
171748,"Beef, loin, tenderloin roast, boneless, separable lean and fat, trimmed to 0"" fat, choice, raw",21.5,7.4,0.0,153.0,71.05,0.0,208.0,279.0,44.0,0.0,usda,1
171749,"Beef, loin, tenderloin roast, boneless, separable lean and fat, trimmed to 0"" fat, select, raw",21.91,6.21,0.0,144.0,72.17,0.0,219.0,294.0,42.0,0.0,usda,1
171750,"Beef, loin, top loin steak, boneless, lip off, separable lean and fat, trimmed to 0"" fat, all grades, raw",22.43,8.17,0.0,163.0,68.75,0.0,200.0,273.0,45.0,0.0,usda,1
171751,"Beef, loin, top loin steak, boneless, lip off, separable lean and fat, trimmed to 0"" fat, choice, raw",22.19,9.16,0.0,171.0,67.82,0.0,198.0,271.0,45.0,0.0,usda,1
171752,"Beef, loin, top loin steak, boneless, lip off, separable lean and fat, trimmed to 0"" fat, select, raw",22.79,6.67,0.0,151.0,70.15,0.0,204.0,279.0,46.0,0.0,usda,1
171753,"Beef, loin, tenderloin roast, boneless, separable lean and fat, trimmed to 0"" fat, choice, cooked, roasted",27.26,8.82,0.0,188.0,63.7,0.0,252.0,347.0,56.0,0.0,usda,1
171754,"Beef, loin, tenderloin roast, boneless, separable lean and fat, trimmed to 0"" fat, select, cooked, roasted",27.38,7.12,0.0,174.0,65.33,0.0,258.0,349.0,54.0,0.0,usda,1
171755,"Beef, round, top round roast, boneless, separable lean and fat, trimmed to 0"" fat, all grades, cooked, roasted",29.9,4.49,0.0,160.0,64.56,0.0,270.0,384.0,67.0,0.0,usda,1
171756,"Beef, round, top round roast, boneless, separable lean and fat, trimmed to 0"" fat, choice, cooked, roasted",30.08,4.79,0.0,163.0,63.99,0.0,271.0,378.0,69.0,0.0,usda,1
171757,"Beef, round, top round steak, boneless, separable lean only, trimmed to 0"" fat, all grades, raw",23.59,2.94,0.0,121.0,72.96,0.0,220.0,313.0,54.0,0.0,usda,1
171758,"Beef, round, top round steak, boneless, separable lean only, trimmed to 0"" fat, choice, raw",23.59,3.26,0.0,124.0,72.66,0.0,221.0,309.0,56.0,0.0,usda,1
171759,"Beef, round, top round steak, boneless, separable lean only, trimmed to 0"" fat, select, raw",23.59,2.45,0.0,116.0,73.4,0.0,220.0,316.0,55.0,0.0,usda,1
171760,"Beef, round, top round roast, boneless, separable lean only, trimmed to 0"" fat, all grades, raw",23.59,2.94,0.0,121.0,72.96,0.0,220.0,313.0,54.0,0.0,usda,1
171761,"Beef, round, eye of round roast, boneless, separable lean only, trimmed to 0"" fat, select, raw",23.41,2.52,0.0,116.0,73.81,0.0,222.0,312.0,50.0,0.0,usda,1
171762,"Beef, round, eye of round steak, boneless, separable lean only, trimmed to 0"" fat, all grades, raw",23.37,3.04,0.0,121.0,73.43,0.0,222.0,319.0,53.0,0.0,usda,1
171763,"Beef, round, eye of round steak, boneless, separable lean only, trimmed to 0"" fat, choice, raw",23.35,3.38,0.0,124.0,73.18,0.0,221.0,324.0,52.0,0.0,usda,1
171764,"Beef, round, eye of round steak, boneless, separable lean only, trimmed to 0"" fat, select, raw",23.41,2.52,0.0,116.0,73.81,0.0,222.0,312.0,50.0,0.0,usda,1
171765,"Beef, loin, tenderloin roast, boneless, separable lean only, trimmed to 0"" fat, all grades, raw",21.94,5.74,0.0,139.0,72.44,0.0,215.0,289.0,44.0,0.0,usda,1
171766,"Beef, loin, top loin steak, boneless, lip off, separable lean only, trimmed to 0"" fat, select, raw",23.3,4.66,0.0,135.0,71.68,0.0,210.0,288.0,47.0,0.0,usda,1
171767,"Beef, loin, tenderloin steak, boneless, separable lean only, trimmed to 0"" fat, all grades, raw",21.94,5.74,0.0,139.0,72.44,0.0,215.0,289.0,44.0,0.0,usda,1
171768,"Beef, loin, tenderloin steak, boneless, separable lean only, trimmed to 0"" fat, choice, raw",21.78,6.16,0.0,143.0,72.04,0.0,212.0,284.0,45.0,0.0,usda,1
171769,"Beef, loin, tenderloin steak, boneless, separable lean only, trimmed to 0"" fat, select, raw",22.16,5.1,0.0,135.0,73.04,0.0,222.0,298.0,42.0,0.0,usda,1
171770,"Beef, round, top round roast, boneless, separable lean only, trimmed to 0"" fat, choice, cooked, roasted",30.24,4.11,0.06,158.0,64.37,0.0,272.0,381.0,69.0,0.0,usda,1
171771,"Beef, round, top round roast, boneless, separable lean only, trimmed to 0"" fat, select, cooked, roasted",29.81,3.37,0.0,150.0,65.87,0.0,271.0,390.0,67.0,0.0,usda,1
171772,"Beef, round, eye of round steak, boneless, separable lean only, trimmed to 0"" fat, all grades, cooked, grilled",29.85,3.9,0.0,155.0,65.35,0.0,288.0,414.0,68.0,0.0,usda,1
171773,"Beef, round, eye of round steak, boneless, separable lean only, trimmed to 0"" fat, choice, cooked, grilled",29.94,4.26,0.0,158.0,64.83,0.0,288.0,421.0,68.0,0.0,usda,1
171774,"Beef, loin, top loin steak, boneless, lip-on, separable lean and fat, trimmed to 1/8"" fat, select, raw",21.54,11.65,0.0,191.0,66.35,0.0,191.0,258.0,45.0,0.0,usda,1
171775,"Beef, loin, top loin steak, boneless, lip-on, separable lean and fat, trimmed to 1/8"" fat, all grades, raw",21.29,12.68,0.0,199.0,65.33,0.0,188.0,254.0,44.0,0.0,usda,1
171776,"Beef, composite of trimmed retail cuts, separable lean only, trimmed to 0"" fat, select, raw",22.03,4.99,0.0,133.0,72.3,0.0,205.0,330.0,63.0,0.0,usda,1
171777,"Beef, composite of trimmed retail cuts, separable lean and fat, trimmed to 0"" fat, select, raw",21.2,8.0,0.0,157.0,70.16,0.0,197.0,315.0,61.0,0.0,usda,1
171778,"Beef, composite of trimmed retail cuts, separable lean only, trimmed to 1/8"" fat, select, cooked",27.51,6.37,0.0,167.0,60.0,0.0,192.0,294.0,51.0,0.0,usda,1
171779,"Beef, composite of trimmed retail cuts, separable lean only, trimmed to 1/8"" fat, select, raw",22.37,4.55,0.0,130.0,72.47,0.0,198.0,328.0,58.0,0.0,usda,1
171780,"Beef, chuck, clod roast, separable lean only, trimmed to 1/4"" fat, all grades, cooked, roasted",26.36,6.75,0.0,173.0,64.92,0.0,215.0,372.0,71.0,0.0,usda,1
171781,"Beef, shoulder steak, boneless, separable lean only, trimmed to 0"" fat, all grades, cooked, grilled",28.6,5.82,0.0,175.0,64.62,0.0,249.0,372.0,68.0,0.0,usda,1
171782,"Beef, chuck, clod steak, separable lean only, trimmed to 1/4"" fat, all grades, cooked, braised",29.34,7.04,0.0,189.0,60.02,0.0,233.0,287.0,60.0,0.0,usda,1
171783,"Beef, chuck, mock tender steak, separable lean and fat, trimmed to 0"" fat, USDA choice, cooked, broiled",25.73,5.72,0.0,161.0,65.57,0.0,234.0,293.0,73.0,0.0,usda,1
171784,"Beef, chuck, clod roast, separable lean and fat, trimmed to 0"" fat, select, cooked, roasted",27.3,8.76,0.0,196.0,62.13,0.0,215.0,372.0,72.0,0.0,usda,1
171785,"Beef, shoulder steak, boneless, separable lean and fat, trimmed to 0"" fat, choice, cooked, grilled",28.22,7.25,0.0,186.0,63.61,0.0,245.0,367.0,67.0,0.0,usda,1
171786,"Beef, shoulder steak, boneless, separable lean and fat, trimmed to 0"" fat, select, cooked, grilled",28.41,6.14,0.0,177.0,64.65,0.0,245.0,366.0,67.0,0.0,usda,1
171787,"Beef, plate, inside skirt steak, separable lean and fat, trimmed to 0"" fat, all grades, cooked, broiled",26.13,12.05,0.0,220.0,60.34,0.0,230.0,289.0,75.0,0.0,usda,1
171788,"Beef, plate, outside skirt steak, separable lean and fat, trimmed to 0"" fat, all grades, cooked, broiled",23.51,17.13,0.0,255.0,57.16,0.0,214.0,379.0,92.0,0.0,usda,1
171789,"Beef, shoulder steak, boneless, separable lean and fat, trimmed to 0"" fat, all grades, cooked, grilled",28.29,6.8,0.0,182.0,64.02,0.0,245.0,366.0,67.0,0.0,usda,1
171790,"Beef, ground, 95% lean meat / 5% fat, raw",21.41,5.0,0.0,137.0,73.24,0.0,198.0,346.0,66.0,0.0,usda,1
171791,"Beef, ground, 95% lean meat / 5% fat, patty, cooked, broiled",26.29,6.8,0.0,174.0,65.78,0.0,206.0,347.0,65.0,0.0,usda,1
171792,"Beef, ground, 95% lean meat / 5% fat, patty, cooked, pan-broiled",25.8,5.94,0.0,164.0,66.9,0.0,222.0,376.0,71.0,0.0,usda,1
171793,"Beef, ground, 90% lean meat / 10% fat, patty, cooked, pan-broiled",25.21,10.68,0.0,204.0,63.21,0.0,216.0,363.0,75.0,0.0,usda,1
171794,"Beef, ground, 90% lean meat / 10% fat, crumbles, cooked, pan-browned",28.45,12.04,0.0,230.0,58.58,0.0,250.0,433.0,87.0,0.0,usda,1
171795,"Beef, ground, 90% lean meat / 10% fat, loaf, cooked, baked",26.62,11.1,0.0,214.0,61.33,0.0,193.0,300.0,61.0,0.0,usda,1
171796,"Beef, ground, 85% lean meat / 15% fat, raw (Includes foods for USDA's Food Distribution Program)",18.59,15.0,0.0,215.0,65.66,0.0,171.0,295.0,66.0,0.0,usda,1
171797,"Beef, ground, 80% lean meat / 20% fat, patty, cooked, broiled",25.75,17.78,0.0,270.0,55.99,0.0,194.0,304.0,75.0,0.0,usda,1
171798,"Beef, ground, 80% lean meat / 20% fat, patty, cooked, pan-broiled",24.04,15.94,0.0,246.0,59.11,0.0,205.0,335.0,83.0,0.0,usda,1
171799,"Beef, ground, 80% lean meat / 20% fat, crumbles, cooked, pan-browned",27.0,17.36,0.0,272.0,54.54,0.0,226.0,380.0,91.0,0.0,usda,1
171800,"Beef, ground, 80% lean meat / 20% fat, loaf, cooked, baked",25.25,16.17,0.0,254.0,57.7,0.0,179.0,271.0,67.0,0.0,usda,1
171801,"Beef, ground, 75% lean meat / 25% fat, loaf, cooked, baked",24.56,16.5,0.0,254.0,57.5,0.0,172.0,256.0,70.0,0.0,usda,1
171802,"Beef, rib, small end (ribs 10-12), separable lean only, trimmed to 1/8"" fat, select, raw",22.53,4.2,0.0,134.0,72.9,0.0,209.0,353.0,55.0,0.0,usda,1
171803,"Beef, tenderloin, steak, separable lean only, trimmed to 1/8"" fat, select, raw",22.06,5.93,0.0,148.0,71.11,0.0,209.0,354.0,55.0,0.0,usda,1
171804,"Beef, top sirloin, steak, separable lean only, trimmed to 1/8"" fat, select, raw",22.27,3.54,0.0,127.0,73.31,0.0,211.0,357.0,56.0,0.0,usda,1
171805,"Beef, short loin, top loin, steak, separable lean only, trimmed to 1/8"" fat, select, cooked, grilled",29.44,5.73,0.0,177.0,64.65,0.0,239.0,386.0,62.0,0.0,usda,1
171806,"Beef, round, bottom round , roast, separable lean only, trimmed to 1/8"" fat, select, cooked, roasted",28.45,4.67,0.0,164.0,66.61,0.0,183.0,238.0,38.0,0.0,usda,1
171807,"Beef, round, eye of round, roast, separable lean only, trimmed to 1/8"" fat, select, cooked, roasted",29.59,4.11,0.0,163.0,66.31,0.0,188.0,245.0,39.0,0.0,usda,1
171808,"Beef, round, top round, steak, separable lean only, trimmed to 1/8"" fat, select, cooked, broiled",31.61,4.65,0.0,177.0,62.79,0.0,207.0,270.0,43.0,0.0,usda,1
171809,"Beef, round, eye of round, roast, separable lean only, trimmed to 1/8"" fat, all grades, cooked, roasted",29.73,4.71,0.0,169.0,65.52,0.0,186.0,241.0,38.0,0.0,usda,1
171810,"Beef, rib, small end (ribs 10-12), separable lean only, trimmed to 1/8"" fat, all grades, raw",22.33,5.04,0.0,141.0,69.95,0.0,206.0,347.0,56.0,0.0,usda,1
171811,"Beef, tenderloin, steak, separable lean only, trimmed to 1/8"" fat, all grades, cooked, broiled",29.04,8.39,0.0,200.0,62.93,0.0,230.0,370.0,60.0,0.0,usda,1
171812,"Beef, tenderloin, steak, separable lean only, trimmed to 1/8"" fat, all grades, raw",22.12,6.52,0.0,153.0,70.62,0.0,206.0,347.0,56.0,0.0,usda,1
171813,"Beef, short loin, top loin, steak, separable lean only, trimmed to 1/8"" fat, all grades, cooked, broiled",29.3,7.09,0.0,189.0,63.32,0.0,231.0,372.0,61.0,0.0,usda,1
171814,"Beef, short loin, top loin steak, separable lean only, trimmed to 1/8"" fat, all grades, raw",22.93,5.15,0.0,138.0,71.49,0.0,211.0,354.0,57.0,0.0,usda,1
171815,"Beef, round, top round, steak, separable lean only, trimmed to 1/8"" fat, all grades, cooked, broiled",31.82,5.45,0.0,185.0,61.96,0.0,204.0,264.0,42.0,0.0,usda,1
171816,"Beef, round, top round, steak, separable lean only, trimmed to 1/8"" fat, all grades, raw",22.91,4.09,0.0,135.0,75.02,0.0,222.0,362.0,61.0,0.0,usda,1
171817,"Beef, chuck, arm pot roast, separable lean only, trimmed to 1/8"" fat, choice, cooked, braised",34.72,8.37,0.0,224.0,56.39,0.0,213.0,275.0,56.0,0.0,usda,1
171818,"Beef, brisket, flat half, separable lean only, trimmed to 1/8"" fat, choice, cooked, braised",33.13,6.79,0.0,203.0,59.82,0.0,202.0,261.0,53.0,0.0,usda,1
171819,"Beef, round, eye of round, roast, separable lean only, trimmed to 1/8"" fat, choice, raw",22.88,3.38,0.0,128.0,72.89,0.0,221.0,351.0,57.0,0.0,usda,1
171820,"Beef, round, top round, steak, separable lean only, trimmed to 1/8"" fat, choice, raw",22.69,4.78,0.0,140.0,71.44,0.0,222.0,352.0,57.0,0.0,usda,1
171821,"Soup, wonton, Chinese restaurant",2.08,0.26,5.25,32.0,91.18,0.2,18.0,32.0,406.0,0.34,usda,0
171822,"Soup, ramen noodle, dry, any flavor, reduced fat, reduced sodium",10.89,2.5,70.95,350.0,12.08,2.7,117.0,128.0,1200.0,0.85,usda,3
171823,"Sauce, duck, ready-to-serve",0.36,0.13,60.66,245.0,37.44,0.6,9.0,87.0,712.0,30.54,usda,0
171824,"Sauce, salsa, verde, ready-to-serve",1.13,0.89,6.36,38.0,89.52,1.9,41.0,259.0,906.0,3.5,usda,0
171825,"Sauce, steak, tomato based",1.25,0.23,22.04,95.0,71.0,1.5,33.0,312.0,1647.0,9.82,usda,0
171826,"Sauce, tartar, ready-to-serve",1.0,16.7,13.3,211.0,67.0,0.5,17.0,68.0,667.0,4.25,usda,0
171827,"Sauce, barbecue, SWEET BABY RAY'S, original",0.95,0.43,46.08,192.0,50.14,1.3,22.0,235.0,765.0,38.37,usda,0
171828,"Sauce, barbecue, BULL'S-EYE, original",0.91,0.67,39.95,170.0,55.28,1.0,22.0,263.0,1012.0,35.29,usda,0
171829,"Sauce, barbecue, KC MASTERPIECE, original",1.0,0.52,37.92,160.0,58.36,1.4,24.0,277.0,613.0,30.95,usda,0
171830,"Sauce, barbecue, OPEN PIT, original",0.44,1.41,29.45,132.0,64.96,0.5,17.0,56.0,1517.0,23.49,usda,0
171831,Wasabi,2.23,10.9,46.13,292.0,31.7,6.1,26.0,182.0,3390.0,13.2,usda,3
171832,"Dip, bean, original flavor",5.44,3.7,15.89,119.0,72.95,4.9,105.0,368.0,443.0,0.99,usda,3
171833,"Sauce, horseradish",1.09,50.89,10.05,503.0,35.83,1.0,19.0,44.0,730.0,8.98,usda,3
171834,"Dip, FRITO'S, bean, original flavor",5.44,3.7,15.89,119.0,72.95,4.9,105.0,368.0,443.0,0.99,usda,3
171835,"Cookie, vanilla with caramel, coconut, and chocolate coating",3.5,25.8,64.1,489.0,5.7,4.4,76.0,195.0,182.0,35.8,usda,3
171836,"Cookie, with peanut butter filling, chocolate-coated",8.1,35.3,52.9,562.0,1.8,3.5,37.0,217.0,371.0,30.9,usda,3
171837,"Cookies, animal, with frosting or icing",3.0,24.1,70.09,509.0,2.0,0.9,5.0,96.0,257.0,41.1,usda,3
171838,"Crackers, multigrain",7.1,20.4,67.6,482.0,2.5,3.5,292.0,171.0,883.0,12.0,usda,3
171839,"Cake, snack cakes, not chocolate, with icing or filling, low-fat, with added fiber",3.71,11.14,74.3,412.0,9.66,14.9,98.0,73.0,316.0,29.71,usda,3
171840,"Cookies, brownies, commercially prepared, reduced fat, with added fiber",2.77,9.68,61.58,345.0,24.83,11.1,59.0,143.0,290.0,38.73,usda,3
171841,"Cookies, chocolate sandwich, with creme filling, reduced fat",2.94,13.24,76.17,436.0,6.23,2.9,66.0,176.0,471.0,41.18,usda,3
171842,"Cookies, oatmeal sandwich, with creme filling",2.61,18.29,55.62,398.0,22.1,2.6,94.0,136.0,500.0,31.36,usda,3
171843,"Cookies, peanut butter, commercially prepared, sugar free",10.34,31.03,50.52,523.0,6.17,3.4,132.0,202.0,448.0,0.0,usda,3
171844,"Bread, chapati or roti, plain, commercially prepared",11.25,7.45,46.36,297.0,33.0,4.9,184.0,266.0,409.0,2.72,usda,3
171845,"Bread, naan, plain, commercially prepared, refrigerated",9.62,5.65,50.43,291.0,32.6,2.2,100.0,125.0,465.0,3.55,usda,3
171846,"Crackers, standard snack-type, with whole wheat",7.29,17.84,68.37,463.0,2.73,4.9,356.0,209.0,748.0,10.43,usda,3
171847,"Cookies, coconut macaroon",3.02,22.55,61.22,460.0,11.5,5.1,68.0,123.0,241.0,45.16,usda,3
171848,"Crackers, sandwich-type, peanut butter filled, reduced fat",8.33,16.67,63.49,437.0,9.33,2.8,97.0,122.0,639.0,11.11,usda,3
171849,"Bread, cinnamon",7.05,5.29,44.38,253.0,41.93,3.5,57.0,74.0,388.0,14.11,usda,3
171850,"Bread, wheat, sprouted",13.16,0.0,33.88,188.0,50.88,5.3,176.0,198.0,474.0,2.63,usda,3
171851,"Bread, wheat, sprouted, toasted",14.3,0.0,36.82,205.0,46.61,5.7,192.0,215.0,515.0,2.86,usda,3
171852,"Bagels, multigrain",9.9,1.24,47.47,241.0,39.4,6.2,188.0,204.0,359.0,8.66,usda,3
171853,"Pancakes, whole wheat, dry mix, incomplete",10.53,1.32,74.11,350.0,10.5,7.9,789.0,368.0,1632.0,10.53,usda,3
171854,"Crackers, toast thins, low sodium",6.45,16.13,67.66,442.0,8.12,9.7,266.0,306.0,177.0,12.9,usda,3
171855,"Crackers, whole grain, sandwich-type, with peanut butter filling",14.12,21.18,54.59,465.0,7.32,9.4,256.0,330.0,635.0,9.41,usda,3
171856,"Crackers, water biscuits",7.14,7.14,72.81,384.0,11.0,7.1,100.0,99.0,571.0,0.0,usda,3
171857,"Cookies, gluten-free, chocolate sandwich, with creme filling",2.19,17.89,76.03,474.0,2.84,2.5,70.0,157.0,275.0,49.0,usda,3
171858,"Cookies, gluten-free, chocolate wafer",4.06,30.42,62.82,541.0,1.37,1.6,144.0,340.0,122.0,40.99,usda,3
171859,"Cookies, gluten-free, lemon wafer",0.0,24.18,74.39,515.0,1.12,0.0,39.0,36.0,111.0,42.31,usda,3
171860,"Cookies, gluten-free, vanilla sandwich, with creme filling",2.66,20.47,74.61,493.0,1.67,0.5,39.0,105.0,201.0,46.68,usda,3
171861,"Rolls, gluten-free, white, made with brown rice flour, tapioca starch, and potato starch",7.99,6.4,55.1,310.0,28.3,3.6,126.0,161.0,707.0,9.53,usda,3
171862,"Rolls, gluten-free, white, made with rice flour, rice starch, and corn starch",3.34,2.65,50.47,239.0,42.0,5.1,50.0,76.0,593.0,6.87,usda,3
171863,"Rolls, gluten-free, white, made with brown rice flour, tapioca starch, and sorghum flour",5.65,8.2,40.24,257.0,44.6,2.9,128.0,165.0,544.0,2.98,usda,3
171864,"Rolls, gluten-free, whole grain, made with tapioca starch and brown rice flour",11.8,11.6,44.29,329.0,29.9,11.2,233.0,273.0,507.0,4.2,usda,3
171865,"Cookies, oatmeal, reduced fat",4.02,10.04,64.62,365.0,19.46,16.1,92.0,274.0,562.0,32.14,usda,3
171866,"Cookies, chocolate cream covered biscuit sticks",10.0,22.5,51.08,447.0,15.09,5.0,184.0,181.0,213.0,25.0,usda,3
171867,"Cookies, Marie biscuit",7.05,10.58,70.54,406.0,9.79,3.5,193.0,307.0,370.0,21.16,usda,3
171868,"Cookies, vanilla sandwich with creme filling, reduced fat",4.17,10.42,78.16,423.0,6.25,2.1,60.0,104.0,354.0,37.5,usda,3
171869,"Beverages, carbonated, tonic water",0.0,0.0,8.8,34.0,91.1,0.0,0.0,0.0,12.0,8.8,usda,0
171870,"Beverages, Energy drink, RED BULL, sugar free, with added caffeine, niacin, pantothenic acid, vitamins B6 and B12",0.25,0.08,0.7,5.0,98.35,0.0,0.0,3.0,83.0,0.0,usda,0
171871,"Beverages, carbonated, root beer",0.0,0.0,10.6,41.0,89.3,0.0,0.0,1.0,13.0,10.6,usda,0
171873,"Beverages, chocolate drink, milk and soy based, ready to drink, fortified",4.22,1.69,17.3,101.0,75.82,1.3,127.0,245.0,63.0,8.44,usda,0
171874,"Beverages, chocolate malt powder, prepared with 1% milk, fortified",3.32,0.97,8.81,57.0,85.95,0.0,94.0,191.0,60.0,7.81,usda,0
171875,"Beverages, carbonated, limeade, high caffeine",0.0,0.11,4.11,17.0,95.68,0.0,29.0,19.0,40.0,3.97,usda,0
171876,"Beverages, carbonated, low calorie, cola or pepper-types, with sodium saccharin, contains caffeine",0.0,0.0,0.1,0.0,99.8,0.0,11.0,4.0,16.0,0.0,usda,0
171877,"Beverages, coffee, ready to drink, vanilla, light, milk based, sweetened",2.14,1.07,4.27,36.0,92.06,0.0,59.0,175.0,34.0,3.91,usda,0
171878,"Beverages, Lemonade fruit juice drink light, fortified with vitamin E and C",0.0,0.0,5.0,21.0,94.98,0.0,1.0,10.0,5.0,5.0,usda,0
171879,"Beverages, chocolate-flavor beverage mix, powder, prepared with whole milk",3.23,3.24,11.96,85.0,80.79,0.4,88.0,172.0,58.0,1.25,usda,0
171880,"Beverages, coffee, ready to drink, milk based, sweetened",1.98,1.38,12.6,71.0,83.56,0.0,59.0,175.0,26.0,10.67,usda,0
171881,"Beverages, coffee, brewed, breakfast blend",0.3,0.0,0.17,2.0,99.47,0.0,3.0,50.0,1.0,0.0,usda,0
171882,"Beverages, Clam and tomato juice, canned",0.6,0.2,10.95,48.0,87.4,0.4,11.0,89.0,362.0,3.31,usda,0
171883,"Beverages, tea, green, ready to drink, ginseng and honey, sweetened",0.0,0.18,7.16,30.0,92.65,0.0,0.0,5.0,2.0,6.87,usda,0
171884,"Beverages, The COCA-COLA company, Minute Maid, Lemonade",0.0,0.0,12.08,46.0,87.9,0.0,1.0,10.0,6.0,11.67,usda,0
171885,"Beverages, tea, green, ready-to-drink, diet",0.0,0.0,0.93,4.0,98.71,0.0,0.0,5.0,6.0,0.93,usda,0
171886,"Beverages, Cocoa mix, no sugar added, powder",15.49,3.0,71.93,377.0,3.4,7.5,893.0,2702.0,876.0,37.65,usda,3
171888,"Beverages, tea, black, ready-to-drink, lemon, sweetened",0.0,0.22,10.8,45.0,88.95,0.0,1.0,14.0,3.0,9.49,usda,0
171889,"Beverages, coffee, brewed, prepared with tap water, decaffeinated",0.1,0.0,0.0,0.0,99.3,0.0,1.0,54.0,2.0,0.0,usda,0
171890,"Beverages, coffee, brewed, prepared with tap water",0.12,0.02,0.0,1.0,99.39,0.0,3.0,49.0,2.0,0.0,usda,0
171891,"Beverages, coffee, brewed, espresso, restaurant-prepared",0.12,0.18,1.67,9.0,97.8,0.0,7.0,115.0,14.0,0.0,usda,0
171892,"Beverages, tea, black, ready-to-drink, lemon, diet",0.0,0.0,0.22,1.0,99.72,0.0,33.0,14.0,17.0,0.0,usda,0
171893,"Beverages, coffee, instant, regular, powder",12.2,0.5,75.4,353.0,3.1,0.0,303.0,3535.0,37.0,0.0,usda,3
171894,"Beverages, coffee, instant, decaffeinated, prepared with water",0.12,0.0,0.43,2.0,98.93,0.0,3.0,36.0,4.0,0.0,usda,0
171895,"Beverages, OCEAN SPRAY, Cranberry-Apple Juice Drink, bottled",0.29,0.0,13.68,56.0,86.0,0.6,1.0,14.0,19.0,13.12,usda,0
171896,"Beverages, OCEAN SPRAY, Diet Cranberry Juice",0.07,0.0,0.8,4.0,99.2,0.6,0.0,8.0,7.0,0.25,usda,0
171897,"Beverages, coffee, instant, with chicory",9.3,0.2,78.9,355.0,4.1,0.5,271.0,3395.0,277.0,1.25,usda,3
171898,"Beverages, KRAFT, coffee, instant, French Vanilla Cafe",2.5,19.2,74.6,481.0,1.5,1.4,203.0,546.0,399.0,54.3,usda,3
171899,"Beverages, OCEAN SPRAY, Cran Raspberry Juice Drink",0.28,0.0,11.96,49.0,87.5,0.6,1.0,18.0,14.0,11.4,usda,0
171900,"Beverages, OCEAN SPRAY, Cran Lemonade",0.07,0.0,11.12,45.0,88.7,0.6,1.0,10.0,52.0,10.4,usda,0
171901,"Beverages, OCEAN SPRAY, Diet Cran Cherry",0.21,0.0,0.7,4.0,99.1,0.6,0.0,12.0,8.0,0.22,usda,0
171902,"Beverages, cranberry-grape juice drink, bottled",0.2,0.1,14.0,56.0,85.6,0.1,4.0,24.0,3.0,1.25,usda,0
171903,"Cranberry juice cocktail, bottled",0.0,0.1,13.52,54.0,86.17,0.0,1.0,14.0,2.0,11.87,usda,0
171904,"Cranberry juice cocktail, bottled, low calorie, with calcium, saccharin and corn sweetener",0.02,0.01,4.6,19.0,95.2,0.0,1.0,25.0,3.0,4.59,usda,0
171905,"Beverages, Eggnog-flavor mix, powder, prepared with whole milk",2.93,3.02,14.2,95.0,79.16,0.0,77.0,121.0,55.0,12.66,usda,0
171906,"Alcoholic beverages, beer, higher alcohol",0.9,0.0,0.27,58.0,91.0,0.0,32.0,62.0,4.0,0.0,usda,0
171907,"Beverages, Malt liquor beverage",0.35,0.0,0.0,40.0,94.5,0.0,13.0,33.0,3.0,0.0,usda,0
171908,"Alcoholic beverages, wine, rose",0.36,0.0,3.8,83.0,86.4,0.0,18.0,59.0,5.0,3.8,usda,0
171909,"Beverages, OCEAN SPRAY, Cran Pomegranate",0.07,0.01,12.56,47.0,87.0,0.6,1.0,11.0,12.0,12.0,usda,0
171910,"Beverages, tea, green, brewed, decaffeinated",0.0,0.0,0.0,0.0,99.93,0.0,0.0,15.0,0.0,0.0,usda,0
171911,"Beverages, tea, green, ready to drink, unsweetened",0.0,0.0,0.0,0.0,99.88,0.0,26.0,19.0,7.0,0.0,usda,0
171912,"Beverages, citrus fruit juice drink, frozen concentrate",1.2,0.1,40.2,162.0,57.4,0.2,36.0,393.0,3.0,28.63,usda,0
171913,"Beverages, citrus fruit juice drink, frozen concentrate, prepared with water",0.34,0.03,11.42,46.0,87.83,0.1,10.0,112.0,4.0,8.13,usda,0
171914,"Beverages, fruit punch drink, without added nutrients, canned",0.0,0.0,11.97,48.0,87.97,0.0,3.0,25.0,10.0,11.29,usda,0
171915,"Beverages, Tropical Punch, ready-to-drink",0.0,0.0,2.5,10.0,97.49,0.0,0.0,0.0,13.0,2.5,usda,0
171916,"Beverages, grape drink, canned",0.0,0.0,15.72,61.0,84.2,0.0,0.0,12.0,16.0,13.06,usda,0
171917,"Beverages, tea, green, brewed, regular",0.22,0.0,0.0,1.0,99.93,0.0,0.0,8.0,1.0,0.0,usda,0
171918,"Beverages, tea, instant, lemon, with added ascorbic acid",0.6,0.3,97.6,385.0,0.3,0.0,14.0,217.0,5.0,1.25,usda,3
171919,"Alcoholic beverage, distilled, all (gin, rum, vodka, whiskey) 86 proof",0.0,0.0,0.1,250.0,63.9,0.0,4.0,2.0,1.0,0.0,usda,2
171920,"Alcoholic beverage, distilled, all (gin, rum, vodka, whiskey) 90 proof",0.0,0.0,0.0,263.0,62.1,0.0,4.0,2.0,1.0,0.0,usda,2
171921,"Carbonated beverage, chocolate-flavored soda",0.0,0.0,10.7,42.0,89.2,0.0,1.0,50.0,4.0,10.7,usda,0
171922,"Beverages, water, bottled, non-carbonated, EVIAN",0.0,0.0,0.0,0.0,99.97,0.2,0.0,0.0,0.0,1.25,usda,0
171923,"Beverages, Powerade Zero Ion4, calorie-free, assorted flavors",0.0,0.0,0.0,0.0,99.89,0.0,0.0,10.0,42.0,0.0,usda,0
171924,"Beverages, WENDY'S, tea, ready-to-drink, unsweetened",0.22,0.0,0.0,1.0,99.79,0.2,1.0,14.0,3.0,1.25,usda,0
171925,"Alcoholic Beverage, wine, table, red, Merlot",0.07,0.0,2.51,83.0,86.59,0.0,23.0,127.0,4.0,0.62,usda,0
171926,"Water, non-carbonated, bottles, natural fruit flavors, sweetened with low calorie sweetener",0.0,0.0,0.13,1.0,99.85,0.0,0.0,4.0,14.0,0.0,usda,0
171935,"Beverages, Energy Drink, Monster, fortified with vitamins C, B2, B3, B6, B12",0.47,0.0,11.28,47.0,88.05,0.0,0.0,2.0,77.0,10.93,usda,0
171936,"Beverages, Energy drink, AMP, sugar free",0.0,0.0,1.03,2.0,98.35,0.0,17.0,2.0,31.0,0.0,usda,0
171937,"Beverages, Energy drink, ROCKSTAR",0.34,0.22,12.7,58.0,87.08,0.0,0.0,6.0,16.0,12.26,usda,0
171938,"Beverages, Energy drink, ROCKSTAR, sugar free",0.25,0.08,0.7,4.0,98.35,0.0,0.0,3.0,52.0,0.0,usda,0
171939,"Beverages, Meal supplement drink, canned, peanut flavor",3.5,3.07,14.74,101.0,77.79,0.2,110.0,160.0,54.0,1.25,usda,0
171940,"Water, with corn syrup and/or sugar and low calorie sweetener, fruit flavored",0.0,0.0,4.5,18.0,94.44,0.0,0.0,0.0,8.0,4.5,usda,0
171941,"Beverages, Horchata, as served in restaurant",0.48,0.71,11.52,54.0,87.1,0.0,15.0,34.0,14.0,9.36,usda,0
171942,"Beverages, rice milk, unsweetened",0.28,0.97,9.17,47.0,89.28,0.3,56.0,27.0,39.0,5.28,usda,0
171943,"Beverages, Energy drink, VAULT, citrus flavor",0.0,0.0,12.99,49.0,86.73,0.0,0.0,3.0,12.0,12.99,usda,0
171944,"Beverages, Fruit flavored drink, reduced sugar, greater than 3% fruit juice, high vitamin C, added calcium",0.0,0.37,6.67,29.0,93.0,0.0,0.0,31.0,25.0,5.0,usda,0
171945,"Beverages, fruit juice drink, greater than 3% fruit juice, high vitamin C and added thiamin",0.13,0.0,13.16,54.0,86.39,0.1,7.0,122.0,61.0,12.11,usda,0
171946,"Beverages, tea, hibiscus, brewed",0.0,0.0,0.0,0.0,99.58,0.0,1.0,20.0,4.0,0.0,usda,0
171947,"Beverages, fruit juice drink, greater than 3% juice, high vitamin C",0.13,0.11,11.35,46.0,88.1,0.1,7.0,122.0,8.0,10.69,usda,0
171948,"Fish, bass, striped, raw",17.73,2.33,0.0,97.0,79.22,0.0,198.0,256.0,69.0,1.25,usda,1
171949,"Fish, bluefish, raw",20.04,4.24,0.0,124.0,70.86,0.0,227.0,372.0,60.0,1.25,usda,1
171950,"Fish, burbot, raw",19.31,0.81,0.0,90.0,79.26,0.0,200.0,404.0,97.0,1.25,usda,1
171951,"Fish, butterfish, raw",17.28,8.02,0.0,146.0,74.13,0.0,240.0,375.0,89.0,1.25,usda,1
171952,"Fish, carp, raw",17.83,5.6,0.0,127.0,76.31,0.0,415.0,333.0,49.0,0.0,usda,1
171953,"Fish, cisco, raw",18.99,1.91,0.0,98.0,78.93,0.0,152.0,354.0,55.0,1.25,usda,1
171954,"Fish, cisco, smoked",16.36,11.9,0.0,177.0,69.8,0.0,150.0,293.0,481.0,0.0,usda,1
171955,"Fish, cod, Atlantic, raw",17.81,0.67,0.0,82.0,81.22,0.0,203.0,413.0,54.0,0.0,usda,1
171956,"Fish, cod, Atlantic, cooked, dry heat",22.83,0.86,0.0,105.0,75.92,0.0,138.0,244.0,78.0,0.0,usda,1
171957,"Fish, croaker, Atlantic, cooked, breaded and fried",18.2,12.67,7.54,221.0,59.76,0.4,217.0,340.0,348.0,1.25,usda,1
171958,"Fish, cusk, raw",18.99,0.69,0.0,87.0,76.35,0.0,204.0,392.0,31.0,1.25,usda,1
171959,"Fish, mahimahi, raw",18.5,0.7,0.0,85.0,77.55,0.0,143.0,416.0,88.0,1.25,usda,1
171960,"Fish, drum, freshwater, raw",17.54,4.93,0.0,119.0,77.33,0.0,180.0,275.0,75.0,1.25,usda,1
171961,"Fish, gefiltefish, commercial, sweet recipe",9.07,1.73,7.41,84.0,80.35,0.0,73.0,91.0,524.0,1.25,usda,1
171962,"Fish, grouper, mixed species, raw",19.38,1.02,0.0,92.0,79.22,0.0,162.0,483.0,53.0,1.25,usda,1
171963,"Fish, grouper, mixed species, cooked, dry heat",24.84,1.3,0.0,118.0,73.36,0.0,143.0,475.0,53.0,1.25,usda,1
171964,"Fish, haddock, raw",16.32,0.45,0.0,74.0,83.38,0.0,227.0,286.0,213.0,0.0,usda,1
171965,"Fish, halibut, Greenland, raw",14.37,13.84,0.0,186.0,70.27,0.0,164.0,268.0,80.0,0.0,usda,1
171966,"Crustaceans, crab, blue, canned",17.88,0.74,0.0,83.0,79.69,0.0,234.0,259.0,563.0,0.0,usda,1
171967,"Crustaceans, crab, blue, crab cakes, home recipe",20.21,7.52,0.48,155.0,71.0,0.0,213.0,324.0,330.0,1.25,usda,1
171968,"Crustaceans, crab, dungeness, raw",17.41,0.97,0.74,86.0,79.18,0.0,182.0,354.0,295.0,1.25,usda,1
171969,"Crustaceans, crab, queen, raw",18.5,1.18,0.0,90.0,80.58,0.0,133.0,173.0,539.0,1.25,usda,1
171970,"Crustaceans, shrimp, mixed species, cooked, breaded and fried",21.39,12.28,11.47,242.0,52.86,0.4,218.0,225.0,344.0,0.8,usda,1
171971,"Crustaceans, shrimp, mixed species, cooked, moist heat (may contain additives to retain moisture)",22.78,1.7,1.52,119.0,71.56,0.0,306.0,170.0,947.0,0.0,usda,1
171972,"Crustaceans, shrimp, mixed species, canned",20.42,1.36,0.0,100.0,75.85,0.0,195.0,80.0,870.0,0.0,usda,1
171973,"Crustaceans, shrimp, mixed species, imitation, made from surimi",12.39,1.47,9.13,101.0,74.91,0.0,282.0,89.0,705.0,1.25,usda,1
171974,"Mollusks, clam, mixed species, cooked, breaded and fried",14.24,11.15,10.33,202.0,61.55,0.2,188.0,326.0,364.0,1.25,usda,1
171975,"Mollusks, clam, mixed species, cooked, moist heat",25.55,1.95,5.13,148.0,63.64,0.0,338.0,628.0,1202.0,1.25,usda,1
171976,"Mollusks, clam, mixed species, canned, drained solids",24.25,1.59,5.9,142.0,65.26,0.0,327.0,628.0,112.0,0.0,usda,1
171977,"Mollusks, clam, mixed species, canned, liquid",0.4,0.02,0.1,2.0,97.7,0.0,114.0,149.0,215.0,0.0,usda,0
171978,"Mollusks, oyster, eastern, wild, raw",5.71,1.71,2.72,51.0,89.04,0.0,97.0,156.0,85.0,0.62,usda,0
171979,"Mollusks, oyster, eastern, cooked, breaded and fried",8.77,12.58,11.62,199.0,64.72,0.2,159.0,244.0,417.0,1.25,usda,1
171980,"Mollusks, oyster, eastern, wild, cooked, moist heat",11.42,3.42,5.45,102.0,78.19,0.0,194.0,139.0,166.0,1.23,usda,1
171981,"Mollusks, oyster, eastern, canned",7.06,2.47,3.91,68.0,85.14,0.0,139.0,229.0,112.0,0.0,usda,1
171982,"Mollusks, squid, mixed species, cooked, fried",17.94,7.48,7.79,175.0,64.54,0.0,251.0,279.0,306.0,1.25,usda,1
171983,"Mollusks, whelk, unspecified, raw",23.84,0.4,7.76,137.0,66.0,0.0,141.0,347.0,206.0,0.0,usda,1
171984,"Mollusks, whelk, unspecified, cooked, moist heat",47.68,0.8,15.52,275.0,32.0,0.0,282.0,694.0,412.0,1.25,usda,1
171985,"Fish, salmon, chinook, smoked, (lox), regular",18.28,4.32,0.0,117.0,72.0,0.0,164.0,175.0,2000.0,1.25,usda,1
171986,"Fish, tuna, light, canned in water, without salt, drained solids",25.51,0.82,0.0,116.0,75.21,0.0,163.0,237.0,50.0,0.0,usda,1
171987,"Fish, tuna, white, canned in oil, without salt, drained solids",26.53,8.08,0.0,186.0,64.02,0.0,267.0,333.0,50.0,1.25,usda,1
171988,"Fish, tuna, white, canned in water, without salt, drained solids",23.62,2.97,0.0,128.0,74.02,0.0,217.0,237.0,50.0,1.25,usda,1
171989,"Fish, bass, freshwater, mixed species, cooked, dry heat",24.18,4.73,0.0,146.0,68.79,0.0,256.0,456.0,90.0,1.25,usda,1
171990,"Fish, cod, Pacific, cooked, dry heat (may contain additives to retain moisture)",18.73,0.5,0.0,85.0,80.31,0.0,345.0,289.0,372.0,0.0,usda,1
171991,"Fish, cusk, cooked, dry heat",24.35,0.88,0.0,112.0,69.68,0.0,262.0,503.0,40.0,1.25,usda,1
171992,"Fish, mahimahi, cooked, dry heat",23.72,0.9,0.0,109.0,71.22,0.0,183.0,533.0,113.0,1.25,usda,1
171993,"Fish, drum, freshwater, cooked, dry heat",22.49,6.32,0.0,153.0,70.94,0.0,231.0,353.0,96.0,1.25,usda,1
171994,"Fish, mackerel, Pacific and jack, mixed species, cooked, dry heat",25.73,10.12,0.0,201.0,61.73,0.0,160.0,521.0,110.0,0.0,usda,1
171995,"Fish, milkfish, cooked, dry heat",26.32,8.63,0.0,190.0,62.63,0.0,208.0,374.0,92.0,1.25,usda,1
171996,"Fish, monkfish, cooked, dry heat",18.56,1.95,0.0,97.0,78.51,0.0,256.0,513.0,23.0,1.25,usda,1
171997,"Fish, pike, walleye, cooked, dry heat",24.54,1.56,0.0,119.0,73.47,0.0,269.0,499.0,65.0,1.25,usda,1
171998,"Fish, salmon, Atlantic, wild, cooked, dry heat",25.44,8.13,0.0,182.0,59.62,0.0,256.0,628.0,56.0,1.25,usda,1
171999,"Fish, salmon, chinook, cooked, dry heat",25.72,13.38,0.0,231.0,65.6,0.0,371.0,505.0,60.0,1.25,usda,1
172000,"Fish, salmon, chum, cooked, dry heat",25.82,4.83,0.0,154.0,68.44,0.0,363.0,550.0,64.0,1.25,usda,1
172001,"Fish, salmon, pink, cooked, dry heat",24.58,5.28,0.0,153.0,70.65,0.0,313.0,439.0,90.0,0.0,usda,1
172002,"Fish, sucker, white, cooked, dry heat",21.49,2.97,0.0,119.0,73.99,0.0,269.0,487.0,51.0,1.25,usda,1
172003,"Fish, sunfish, pumpkin seed, cooked, dry heat",24.87,0.9,0.0,114.0,73.72,0.0,231.0,449.0,103.0,1.25,usda,1
172004,"Fish, trout, mixed species, cooked, dry heat",26.63,8.47,0.0,190.0,63.36,0.0,314.0,463.0,67.0,1.25,usda,1
172005,"Fish, tuna, skipjack, fresh, cooked, dry heat",28.21,1.29,0.0,132.0,62.28,0.0,285.0,522.0,47.0,1.25,usda,1
172006,"Fish, tuna, yellowfin, fresh, cooked, dry heat",29.15,0.59,0.0,130.0,68.98,0.0,333.0,527.0,54.0,0.0,usda,1
172007,"Crustaceans, crab, dungeness, cooked, moist heat",22.32,1.24,0.95,110.0,73.31,0.0,175.0,408.0,378.0,1.25,usda,1
172008,"Crustaceans, crab, queen, cooked, moist heat",23.72,1.51,0.0,115.0,75.1,0.0,128.0,200.0,691.0,1.25,usda,1
172009,"Crustaceans, spiny lobster, mixed species, cooked, moist heat",26.41,1.94,3.12,143.0,66.76,0.0,229.0,208.0,227.0,1.25,usda,1
172010,"Mollusks, cuttlefish, mixed species, cooked, moist heat",32.48,1.4,1.64,158.0,61.12,0.0,580.0,637.0,744.0,1.25,usda,1
172011,"Beerwurst, beer salami, pork and beef",14.0,22.53,3.76,277.0,56.71,0.9,135.0,244.0,881.0,0.0,usda,1
172012,"Bologna, beef",10.91,26.13,4.29,299.0,55.31,0.0,154.0,351.0,1013.0,2.05,usda,1
172013,"Bologna, beef and pork",15.2,24.59,5.49,308.0,51.87,0.0,163.0,315.0,960.0,4.42,usda,1
172014,"Pasta, cooked, unenriched, with added salt",5.8,0.93,30.59,157.0,62.13,1.8,58.0,44.0,131.0,0.56,usda,0
172015,"Cornmeal, degermed, unenriched, white",7.11,1.75,79.45,370.0,11.18,3.9,99.0,142.0,7.0,1.61,usda,3
172016,"Wheat flour, white (industrial), 9% protein, bleached, enriched",8.89,1.43,77.32,367.0,11.85,0.2,85.0,131.0,2.0,0.54,usda,3
172017,"Wheat flour, white (industrial), 9% protein, bleached, unenriched",8.89,1.43,77.32,367.0,11.85,2.4,85.0,131.0,2.0,0.54,usda,3
172018,"Wheat flour, white (industrial), 10% protein, bleached, enriched",9.71,1.48,76.22,366.0,12.01,2.4,107.0,149.0,2.0,0.49,usda,3
172019,"Wheat flour, white (industrial), 10% protein, bleached, unenriched",9.71,1.48,76.22,366.0,12.01,2.4,107.0,149.0,2.0,0.49,usda,3
172020,"Wheat flour, white (industrial), 13% protein, bleached, unenriched",13.07,1.38,72.2,362.0,12.82,2.4,119.0,128.0,2.0,1.1,usda,3
172021,"Wheat flour, white (industrial), 15% protein, bleached, enriched",15.33,1.41,69.88,362.0,12.85,2.4,128.0,120.0,2.0,0.92,usda,3
172022,"Wheat flour, white (industrial), 15% protein, bleached, unenriched",15.33,1.41,69.88,362.0,12.85,2.4,128.0,120.0,2.0,0.92,usda,3
172023,Millet flour,10.75,4.25,75.12,382.0,8.67,3.5,285.0,224.0,4.0,1.66,usda,3
172024,"Pasta, whole grain, 51% whole wheat, remaining enriched semolina, cooked (Includes foods for USDA's Food Distribution Program)",5.67,1.48,30.87,156.0,61.49,4.5,97.0,71.0,4.0,0.65,usda,0
172025,"Pasta, whole grain, 51% whole wheat, remaining enriched semolina, dry (Includes foods for USDA's Food Distribution Program)",13.2,2.55,73.3,361.0,9.23,11.3,252.0,318.0,12.0,2.2,usda,3
172026,"Pasta, gluten-free, brown rice flour, cooked, TINKYADA",3.46,1.67,32.2,138.0,62.3,1.7,87.0,25.0,4.0,0.0,usda,0
172027,"Pasta, gluten-free, corn flour and quinoa flour, cooked, ANCIENT HARVEST",3.23,2.07,31.11,152.0,63.2,3.3,91.0,63.0,4.0,0.3,usda,0
172028,"Fast Foods, biscuit, with egg and sausage",11.13,20.77,21.05,312.0,44.48,0.2,312.0,149.0,672.0,0.95,usda,1
172029,"Fast foods, biscuit, with egg, cheese, and bacon",12.01,17.48,24.44,301.0,42.99,0.2,363.0,131.0,816.0,1.74,usda,1
172030,"Fast foods, biscuit, with ham",11.85,16.3,38.75,342.0,28.4,0.7,490.0,174.0,974.0,1.97,usda,3
172031,"Fast foods, biscuit, with sausage",9.67,24.42,29.99,371.0,32.82,0.4,341.0,153.0,814.0,1.59,usda,3
172032,"Fast foods, english muffin, with cheese and sausage",13.28,20.67,25.28,338.0,37.93,0.5,168.0,179.0,668.0,1.98,usda,3
172033,"Fast foods, english muffin, with egg, cheese, and canadian bacon",13.64,9.66,21.67,228.0,52.58,0.4,200.0,173.0,617.0,2.13,usda,1
172034,"Fast foods, english muffin, with egg, cheese, and sausage",13.38,18.1,17.44,286.0,48.82,0.2,180.0,147.0,548.0,1.49,usda,1
172035,"Fast foods, french toast sticks",6.0,17.74,41.21,340.0,33.57,1.4,87.0,111.0,400.0,9.89,usda,3
172036,"Fast foods, sundae, strawberry",4.09,5.13,29.18,175.0,60.9,0.0,101.0,177.0,60.0,1.25,usda,0
172037,"Fast foods, shrimp, breaded and fried",7.84,18.9,27.99,308.0,42.15,0.7,185.0,82.0,897.0,0.1,usda,3
172038,"Fast foods, burrito, with beans",6.48,6.22,32.92,206.0,52.53,0.2,45.0,301.0,454.0,1.25,usda,3
172039,"Fast foods, burrito, with beans and cheese",7.35,6.05,31.23,205.0,53.17,4.2,163.0,261.0,563.0,1.73,usda,3
172040,"PIZZA HUT 12"" Cheese Pizza, Hand-Tossed Crust",11.93,10.89,31.22,271.0,43.29,1.8,249.0,173.0,685.0,3.37,usda,3
172041,"PIZZA HUT 12"" Cheese Pizza, Pan Crust",11.73,12.56,29.93,280.0,43.4,1.7,241.0,168.0,624.0,3.21,usda,3
172042,"PIZZA HUT 12"" Cheese Pizza, THIN 'N CRISPY Crust",15.29,14.1,28.64,303.0,38.77,1.6,317.0,191.0,784.0,2.67,usda,3
172043,"DOMINO'S 14"" Cheese Pizza, Crunchy Thin Crust",12.33,15.1,28.18,298.0,41.58,2.5,292.0,202.0,628.0,4.09,usda,3
172044,"DOMINO'S 14"" Pepperoni Pizza, Classic Hand-Tossed Crust",11.25,11.18,31.86,273.0,43.4,2.1,191.0,183.0,611.0,3.69,usda,3
172045,"DOMINO'S 14"" Pepperoni Pizza, Ultimate Deep Dish Crust",11.52,12.1,31.89,283.0,41.9,2.4,197.0,190.0,693.0,3.91,usda,3
172046,"DOMINO'S 14"" EXTRAVAGANZZA FEAST Pizza, Classic Hand-Tossed Crust",10.33,11.1,25.72,244.0,50.77,2.0,184.0,174.0,456.0,3.3,usda,3
172047,"LITTLE CAESARS 14"" Original Round Cheese Pizza, Regular Crust",13.39,9.54,31.5,265.0,43.39,1.7,231.0,170.0,454.0,4.02,usda,3
172048,"LITTLE CAESARS 14"" Original Round Pepperoni Pizza, Regular Crust",13.59,10.5,31.01,273.0,42.57,1.7,224.0,178.0,518.0,3.76,usda,3
172049,"LITTLE CAESARS 14"" Original Round Meat and Vegetable Pizza, Regular Crust",12.12,11.35,23.1,243.0,51.1,2.1,207.0,195.0,578.0,3.74,usda,3
172050,"LITTLE CAESARS 14"" Cheese Pizza, Large Deep Dish Crust",12.63,10.22,30.1,263.0,44.9,1.3,221.0,160.0,432.0,3.66,usda,3
172051,"PIZZA HUT 14"" Cheese Pizza, THIN 'N CRISPY Crust",13.37,12.8,34.22,306.0,36.27,2.4,298.0,197.0,857.0,3.13,usda,3
172052,"PIZZA HUT 14"" Pepperoni Pizza, Hand-Tossed Crust",12.23,12.63,32.11,291.0,40.15,2.6,206.0,207.0,759.0,2.82,usda,3
172053,"PIZZA HUT 14"" Pepperoni Pizza, Pan Crust",11.47,13.07,31.79,291.0,41.17,2.0,193.0,187.0,676.0,1.95,usda,3
172054,"PIZZA HUT 14"" Super Supreme Pizza, Hand-Tossed Crust",11.34,10.95,26.01,248.0,49.15,2.3,183.0,208.0,658.0,3.04,usda,3
172055,"Fast Food, Pizza Chain, 14"" pizza, meat and vegetable topping, regular crust",11.02,10.9,25.38,244.0,50.4,2.2,183.0,184.0,589.0,3.73,usda,3
172056,"Fast foods, griddle cake sandwich, egg, cheese, and sausage",10.77,17.73,22.04,291.0,47.03,0.6,307.0,146.0,652.0,7.9,usda,3
172057,"Fast foods, griddle cake sandwich, sausage",8.41,17.76,31.25,318.0,40.11,1.0,316.0,145.0,737.0,11.23,usda,3
172058,"Fast foods, griddle cake sandwich, egg, cheese, and bacon",12.03,13.19,26.19,272.0,45.85,0.8,184.0,158.0,718.0,9.56,usda,3
172059,"McDONALD'S, Sausage McGRIDDLES",8.41,17.76,31.25,312.0,40.11,1.0,316.0,145.0,737.0,11.23,usda,3
172060,"McDONALD'S, Sausage, Egg & Cheese McGRIDDLES",10.77,17.73,22.04,283.0,47.03,0.6,307.0,146.0,652.0,7.9,usda,3
172061,"McDONALD'S, Vanilla Reduced Fat Ice Cream Cone",4.24,4.86,26.36,162.0,63.64,0.1,111.0,193.0,67.0,19.49,usda,0
172062,"McDONALD'S, Strawberry Sundae",3.19,3.95,28.09,158.0,64.02,0.0,91.0,173.0,47.0,25.32,usda,0
172063,"McDONALD'S, Sausage Burrito",11.1,15.63,22.97,277.0,47.55,1.2,168.0,150.0,744.0,2.57,usda,3
172064,"McDONALD'S, BIG BREAKFAST",10.16,19.37,17.5,285.0,50.68,1.1,256.0,207.0,549.0,0.93,usda,3
172065,"McDONALD'S, Double Cheeseburger",15.5,16.09,18.79,282.0,47.0,0.8,166.0,216.0,668.0,4.23,usda,3
172066,"McDONALD'S, DOUBLE QUARTER POUNDER with Cheese",16.96,16.22,14.43,262.0,50.34,1.0,165.0,242.0,476.0,3.49,usda,3
172067,"McDONALD'S, BIG MAC (without Big Mac Sauce)",12.79,11.57,21.01,234.0,52.76,1.7,130.0,192.0,454.0,3.7,usda,3
172068,"McDONALD'S, Sausage McMUFFIN with Egg",12.59,17.83,17.28,274.0,49.96,0.9,171.0,171.0,572.0,1.57,usda,3
172069,"McDONALD'S, Bacon Egg & Cheese Biscuit",13.45,18.77,22.26,304.0,42.29,0.9,335.0,121.0,863.0,2.18,usda,3
172070,"McDONALD'S, Sausage Biscuit",9.62,25.4,27.2,376.0,34.71,1.2,323.0,177.0,875.0,1.97,usda,3
172071,"McDONALD'S, Sausage Biscuit with Egg",11.27,22.26,19.28,311.0,44.62,0.8,303.0,165.0,664.0,1.43,usda,3
172073,"McDONALD'S, Bacon Ranch Salad without chicken",4.14,3.64,4.2,61.0,87.2,1.5,45.0,201.0,132.0,2.14,usda,0
172075,"McDONALD'S, Fruit 'n Yogurt Parfait",2.73,1.3,20.72,105.0,74.61,1.0,84.0,167.0,58.0,12.83,usda,0
172076,"BURGER KING, CROISSAN'WICH with Egg and Cheese",10.35,15.78,24.79,283.0,46.4,0.7,249.0,168.0,650.0,4.03,usda,3
172077,"BURGER KING, french toast sticks",6.0,17.74,41.21,349.0,33.57,1.4,87.0,111.0,428.0,9.89,usda,3
172078,"BURGER KING, Hash Brown Rounds",2.8,19.3,29.37,302.0,46.34,2.3,95.0,364.0,568.0,0.63,usda,3
172079,"Fast foods, miniature cinnamon rolls",7.02,17.95,53.38,403.0,19.62,2.2,180.0,131.0,554.0,17.98,usda,3
172080,"Fast foods, hamburger; double, large patty; with condiments, vegetables and mayonnaise",13.94,15.66,13.74,252.0,55.29,1.4,111.0,192.0,289.0,3.52,usda,3
172081,"Fast foods, cheeseburger; single, large patty; with condiments, vegetables and mayonnaise",13.69,15.8,17.73,268.0,50.92,1.1,125.0,208.0,473.0,4.5,usda,3
172082,"Fast foods, cheeseburger; single, large patty; with condiments",15.21,14.4,19.72,269.0,48.36,1.2,183.0,223.0,591.0,3.6,usda,3
172083,"Fast Foods, cheeseburger; double, large patty; with condiments, vegetables and mayonnaise",15.5,15.63,12.62,253.0,54.56,1.3,131.0,202.0,405.0,3.61,usda,3
172084,"Fast foods, cheeseburger; double, regular patty; double decker bun with condiments and special sauce",11.94,14.1,21.53,261.0,50.54,1.4,136.0,182.0,485.0,3.26,usda,3
172085,"Light Ice Cream, soft serve, blended with cookie pieces",3.97,5.66,25.55,169.0,63.9,0.1,111.0,198.0,75.0,21.19,usda,3
172086,"POPEYES, biscuit",6.0,23.71,40.95,401.0,26.52,3.8,309.0,173.0,745.0,3.46,usda,3
172087,"POPEYES, Coleslaw",0.98,11.18,14.12,161.0,72.84,1.7,20.0,118.0,218.0,10.83,usda,0
172088,"POPEYES, Mild Chicken Strips, analyzed 2006",19.2,13.01,19.31,271.0,45.18,0.8,265.0,269.0,922.0,0.0,usda,1
172089,"Spaghetti with meat sauce, frozen entree",5.05,1.01,15.24,90.0,77.82,1.8,49.0,144.0,238.0,2.6,usda,0
172090,"Beef macaroni with tomato sauce, frozen entree, reduced fat",5.89,1.96,17.99,113.0,73.0,1.4,65.0,202.0,178.0,3.8,usda,0
172091,"Pasta with Sliced Franks in Tomato Sauce, canned entree",4.37,2.38,12.7,90.0,78.2,1.6,43.0,191.0,287.0,3.17,usda,0
172093,"Beef Pot Pie, frozen entree, prepared",7.25,11.39,22.05,220.0,58.05,0.8,67.0,115.0,365.0,1.25,usda,3
172094,"Tortellini, pasta with cheese filling, fresh-refrigerated, as purchased",13.5,7.23,47.0,307.0,30.5,1.9,212.0,89.0,406.0,0.95,usda,3
172095,"Pizza, meat topping, thick crust, frozen, cooked",11.76,11.52,30.76,274.0,43.27,2.3,209.0,201.0,690.0,3.88,usda,3
172096,"Pizza, pepperoni topping, regular crust, frozen, cooked",14.38,13.13,24.69,274.0,45.41,2.0,196.0,239.0,590.0,3.39,usda,3
172097,"Chili con carne with beans, canned entree",5.8,3.47,13.1,107.0,75.69,3.3,87.0,264.0,449.0,1.87,usda,3
172098,"Chili, no beans, canned entree",7.53,7.1,6.1,118.0,77.68,0.5,77.0,185.0,411.0,1.1,usda,1
172099,"Spaghetti, with meatballs in tomato sauce, canned",4.37,4.11,11.45,100.0,78.8,2.7,57.0,217.0,280.0,2.91,usda,0
172100,"Pasta with tomato sauce, no meat, canned",2.22,0.71,13.94,71.0,82.15,0.9,39.0,192.0,381.0,4.0,usda,0
172101,"Lasagna with meat & sauce, low-fat, frozen entree",6.81,2.23,13.5,101.0,76.36,1.3,34.0,150.0,181.0,1.25,usda,0
172102,"Burrito, beef and bean, microwaved",8.73,11.94,38.95,298.0,38.14,6.9,97.0,271.0,659.0,1.36,usda,3
172103,"Egg rolls, pork, refrigerated, heated",9.94,8.18,28.49,227.0,51.33,0.0,91.0,212.0,407.0,1.67,usda,1
172104,"Egg rolls, chicken, refrigerated, heated",10.44,4.51,28.54,197.0,54.18,2.4,118.0,281.0,478.0,5.57,usda,3
172105,"Egg rolls, vegetable, frozen, prepared",5.95,6.97,31.77,214.0,53.37,2.4,72.0,222.0,490.0,5.96,usda,3
172106,"Lasagna, Vegetable, frozen, baked",6.87,6.04,14.18,139.0,71.24,1.9,140.0,170.0,445.0,2.54,usda,3
172107,"HOT POCKETS, meatballs & mozzarella stuffed sandwich, frozen",9.32,10.23,30.68,252.0,47.21,2.2,186.0,204.0,378.0,7.73,usda,3
172108,"LEAN POCKETS, Ham N Cheddar",10.28,6.53,32.52,230.0,48.48,1.7,197.0,203.0,423.0,7.6,usda,3
172109,"Lean Pockets, Meatballs & Mozzarella",10.49,7.7,32.28,240.0,46.94,2.0,180.0,221.0,557.0,8.81,usda,3
172110,"Chili with beans, microwavable bowls",5.85,3.68,10.88,100.0,77.89,2.9,80.0,245.0,385.0,1.84,usda,0
172111,"Chicken, nuggets, dark and white meat, precooked, frozen, not reheated",12.02,17.31,16.09,268.0,52.36,1.6,165.0,206.0,540.0,0.72,usda,3
172112,"Chicken, nuggets, white meat, precooked, frozen, not reheated",14.36,15.42,16.24,261.0,51.9,0.7,213.0,281.0,538.0,1.27,usda,1
172113,"Ravioli, cheese with tomato sauce, frozen, not prepared, includes regular and light entrees",4.52,2.61,17.31,111.0,74.33,1.4,78.0,233.0,280.0,4.09,usda,0
172114,"Lasagna with meat sauce, frozen, prepared",7.28,4.92,15.36,135.0,70.87,1.7,115.0,196.0,373.0,3.11,usda,3
172115,"Beef, short loin, porterhouse steak, separable lean and fat, trimmed to 1/8"" fat, all grades, cooked, grilled",25.4,18.57,0.0,276.0,55.6,0.0,208.0,257.0,64.0,0.0,usda,1
172116,"Beef, short loin, porterhouse steak, separable lean and fat, trimmed to 1/8"" fat, select, raw",20.69,13.27,0.0,208.0,65.49,0.0,179.0,235.0,42.0,0.0,usda,1
172117,"Beef, short loin, porterhouse steak, separable lean and fat, trimmed to 1/8"" fat, select, cooked, grilled",26.21,16.75,0.0,263.0,56.87,0.0,212.0,259.0,63.0,0.0,usda,1
172118,"Beef, short loin, t-bone steak, separable lean and fat, trimmed to 1/8"" fat, all grades, raw",20.11,15.18,0.0,223.0,64.06,0.0,177.0,232.0,40.0,0.0,usda,1
172119,"Beef, round, knuckle, tip side, steak, separable lean and fat, trimmed to 0"" fat, choice, cooked, grilled",28.79,5.71,0.0,174.0,65.1,0.0,236.0,365.0,55.0,0.0,usda,1
172120,"Beef, round, knuckle, tip side, steak, separable lean and fat , trimmed to 0"" fat, select, raw",21.96,3.24,0.0,123.0,73.52,0.0,219.0,386.0,57.0,0.0,usda,1
172121,"Beef, round, knuckle, tip side, steak, separable lean and fat, trimmed to 0"" fat, select, cooked, grilled",29.24,3.91,0.0,160.0,66.28,0.0,245.0,365.0,52.0,0.0,usda,1
172122,"Beef, chuck, shoulder clod, shoulder tender, medallion, separable lean and fat, trimmed to 0"" fat, choice, raw",20.51,6.36,0.0,145.0,72.87,0.0,200.0,339.0,59.0,0.0,usda,1
172123,"Beef, chuck, shoulder clod, shoulder top and center steaks, separable lean and fat, trimmed to 0"" fat, select, raw",21.13,5.51,0.0,140.0,72.54,0.0,221.0,370.0,58.0,0.0,usda,1
172124,"Beef, chuck, shoulder clod, shoulder top and center steaks, separable lean and fat, trimmed to 0"" fat, select, cooked, grilled",26.66,6.94,0.0,176.0,64.65,0.0,249.0,401.0,62.0,0.0,usda,1
172125,"Beef, chuck, shoulder clod, top blade, steak, separable lean and fat, trimmed to 0"" fat, choice, raw",18.75,11.33,0.0,182.0,70.0,0.0,178.0,302.0,74.0,0.0,usda,1
172126,"Beef, chuck, shoulder clod, top blade, steak, separable lean and fat, trimmed to 0"" fat, choice, cooked, grilled",24.7,13.59,0.0,228.0,61.93,0.0,199.0,317.0,78.0,0.0,usda,1
172127,"Beef, round, knuckle, tip center, steak, separable lean and fat, trimmed to 0"" fat, select, cooked, grilled",26.61,5.32,0.0,162.0,67.13,0.0,243.0,386.0,53.0,0.0,usda,1
172128,"Beef, round, outside round, bottom round, steak, separable lean and fat, trimmed to 0"" fat, choice, raw",21.24,6.59,0.0,150.0,71.51,0.0,209.0,338.0,63.0,0.0,usda,1
172129,"Beef, round, outside round, bottom round, steak, separable lean and fat, trimmed to 0"" fat, choice, cooked, grilled",27.22,8.3,0.0,191.0,63.35,0.0,232.0,361.0,57.0,0.0,usda,1
172130,"Beef, round, outside round, bottom round, steak, separable lean and fat, trimmed to 0"" fat, select, raw",22.15,3.83,0.0,129.0,73.28,0.0,217.0,360.0,62.0,0.0,usda,1
172131,"Beef, round, knuckle, tip side, steak, separable lean and fat, trimmed to 0"" fat, all grades, cooked, grilled",29.08,4.84,0.0,168.0,65.68,0.0,239.0,365.0,54.0,0.0,usda,1
172132,"Beef, chuck, shoulder clod, shoulder top and center steaks, separable lean and fat, trimmed to 0"" fat, all grades, raw",20.67,5.88,0.0,141.0,72.51,0.0,215.0,355.0,60.0,0.0,usda,1
172133,"Beef, chuck, shoulder clod, shoulder top and center steaks, separable lean and fat, trimmed to 0"" fat, all grades, cooked, grilled",26.3,7.66,0.12,182.0,64.88,0.0,232.0,361.0,60.0,0.0,usda,1
172134,"Beef, chuck, shoulder clod, top blade, steak, separable lean and fat, trimmed to 0"" fat, all grades, raw",18.99,10.52,0.0,176.0,70.46,0.0,184.0,309.0,74.0,0.0,usda,1
172135,"Beef, round, outside round, bottom round, steak, separable lean and fat, trimmed to 0"" fat, all grades, cooked, grilled",27.52,7.1,0.0,182.0,64.28,0.0,233.0,363.0,58.0,0.0,usda,1
172136,"Beef, chuck, shoulder clod, shoulder tender, medallion, separable lean and fat, trimmed to 0"" fat, select, cooked, grilled",26.45,6.43,0.33,172.0,65.79,0.0,223.0,348.0,58.0,0.0,usda,1
172137,"Beef, plate steak, boneless, inside skirt, separable lean only, trimmed to 0"" fat, choice, raw",20.89,9.76,0.0,171.0,68.91,0.0,150.0,264.0,67.0,0.0,usda,1
172138,"Beef, plate steak, boneless, inside skirt, separable lean only, trimmed to 0"" fat, select, cooked, grilled",30.64,11.16,0.0,223.0,58.01,0.0,176.0,312.0,62.0,0.0,usda,1
172139,"Beef, plate steak, boneless, inside skirt, separable lean only, trimmed to 0"" fat, select, raw",21.61,7.41,0.0,153.0,70.4,0.0,154.0,292.0,66.0,0.0,usda,1
172140,"Beef, plate steak, boneless, outside skirt, separable lean only, trimmed to 0"" fat, all grades, cooked, grilled",27.68,19.01,0.0,282.0,52.29,0.0,188.0,284.0,71.0,0.0,usda,1
172141,"Beef, plate steak, boneless, outside skirt, separable lean only, trimmed to 0"" fat, select, raw",19.14,13.44,0.23,198.0,66.22,0.0,153.0,260.0,65.0,0.0,usda,1
172142,"Beef, rib eye steak, boneless, lip off, separable lean only, trimmed to 0"" fat, all grades, cooked, grilled",28.11,10.37,0.0,206.0,60.91,0.0,177.0,296.0,59.0,0.0,usda,1
172143,"Beef, rib eye steak, boneless, lip off, separable lean only, trimmed to 0"" fat, all grades, raw",21.85,7.41,0.0,154.0,69.93,0.0,156.0,276.0,56.0,0.0,usda,1
172144,"Beef, rib eye steak, boneless, lip off, separable lean only, trimmed to 0"" fat, choice, cooked, grilled",27.39,11.75,0.0,215.0,60.09,0.0,174.0,282.0,60.0,0.0,usda,1
172145,"Beef, rib, back ribs, bone-in, separable lean only, trimmed to 0"" fat, all grades, raw",19.11,17.91,0.46,239.0,61.7,0.0,143.0,258.0,60.0,0.0,usda,1
172146,"Beef, rib, back ribs, bone-in, separable lean only, trimmed to 0"" fat, choice, cooked, braised",27.75,21.72,0.0,306.0,50.5,0.0,187.0,280.0,68.0,0.0,usda,1
172147,"Beef, rib, back ribs, bone-in, separable lean only, trimmed to 0"" fat, choice, raw",18.72,19.36,0.64,252.0,60.48,0.0,146.0,254.0,61.0,0.0,usda,1
172148,"Beef, rib, back ribs, bone-in, separable lean only, trimmed to 0"" fat, select, cooked, braised",29.28,18.84,0.0,287.0,52.05,0.0,188.0,289.0,68.0,0.0,usda,1
172149,"Beef, rib eye roast, bone-in, lip-on, separable lean and fat, trimmed to 1/8"" fat, select, cooked, roasted",23.36,21.85,0.0,290.0,54.66,0.0,149.0,262.0,64.0,0.0,usda,1
172150,"Beef, rib eye roast, bone-in, lip-on, separable lean and fat, trimmed to 1/8"" fat, all grades, cooked, roasted",23.47,22.91,0.0,300.0,53.29,0.0,152.0,263.0,63.0,0.0,usda,1
172151,"Beef, rib eye steak/roast, bone-in, lip-on, separable lean and fat, trimmed to 1/8"" fat, all grades, raw",18.13,20.31,0.0,255.0,60.8,0.0,128.0,233.0,56.0,0.0,usda,1
172152,"Beef, rib eye steak/roast, bone-in, lip-on, separable lean and fat, trimmed to 1/8"" fat, choice, raw",17.92,20.96,0.0,260.0,60.35,0.0,131.0,231.0,57.0,0.0,usda,1
172153,"Beef, rib eye roast, boneless, lip-on, separable lean and fat, trimmed to 1/8"" fat, all grades, cooked, roasted",24.3,21.66,0.0,292.0,53.79,0.0,155.0,286.0,52.0,0.0,usda,1
172154,"Beef, rib eye roast, boneless, lip-on, separable lean and fat, trimmed to 1/8"" fat, choice, cooked, roasted",23.92,22.98,0.0,303.0,52.62,0.0,152.0,281.0,51.0,0.0,usda,1
172155,"Beef, rib eye roast, boneless, lip-on, separable lean and fat, trimmed to 1/8"" fat, select, cooked, roasted",24.85,19.68,0.0,277.0,55.56,0.0,160.0,295.0,54.0,0.0,usda,1
172156,"Beef, rib eye steak/roast, boneless, lip-on, separable lean and fat, trimmed to 1/8"" fat, all grades, raw",18.85,18.73,0.0,244.0,61.77,0.0,132.0,236.0,50.0,0.0,usda,1
172157,"Beef, plate steak, boneless, inside skirt, separable lean and fat, trimmed to 0"" fat, select, cooked, grilled",30.06,12.54,0.0,233.0,57.16,0.0,173.0,307.0,61.0,0.0,usda,1
172158,"Beef, plate steak, boneless, inside skirt, separable lean and fat, trimmed to 0"" fat, all grades, raw",20.38,11.71,0.0,187.0,67.25,0.0,145.0,262.0,64.0,0.0,usda,1
172159,"Beef, plate steak, boneless, inside skirt, separable lean and fat, trimmed to 0"" fat, choice, raw",20.06,12.78,0.0,195.0,66.55,0.0,144.0,254.0,65.0,0.0,usda,1
172160,"Beef, plate steak, boneless, inside skirt, separable lean and fat, trimmed to 0"" fat, select, raw",20.87,10.11,0.0,174.0,68.31,0.0,149.0,283.0,65.0,0.0,usda,1
172161,"Beef, ground, unspecified fat content, cooked",25.07,14.53,0.62,240.0,58.69,0.0,213.0,353.0,85.0,0.0,usda,1
172162,"Beef, plate steak, boneless, outside skirt, separable lean and fat, trimmed to 0"" fat, choice, raw",17.69,18.44,0.35,238.0,62.64,0.0,140.0,240.0,65.0,0.0,usda,1
172163,"Beef, plate steak, boneless, outside skirt, separable lean and fat, trimmed to 0"" fat, select, raw",18.43,16.31,0.36,222.0,63.96,0.0,147.0,251.0,63.0,0.0,usda,1
172164,"Beef, rib eye steak, boneless, lip off, separable lean and fat, trimmed to 0"" fat, all grades, cooked, grilled",24.85,19.02,0.0,271.0,55.59,0.0,163.0,279.0,58.0,0.0,usda,1
172165,"Beef, rib eye steak, boneless, lip off, separable lean and fat, trimmed to 0"" fat, choice, cooked, grilled",23.89,21.1,0.0,285.0,54.37,0.0,159.0,264.0,58.0,0.0,usda,1
172166,"Beef, rib, back ribs, bone-in, separable lean and fat, trimmed to 0"" fat, all grades, cooked, braised",24.23,29.21,0.0,360.0,46.49,0.0,163.0,255.0,63.0,0.0,usda,1
172167,"Beef, rib, back ribs, bone-in, separable lean and fat, trimmed to 0"" fat, choice, cooked, braised",23.34,30.95,0.0,372.0,45.56,0.0,160.0,248.0,61.0,0.0,usda,1
172168,"Beef, rib, back ribs, bone-in, separable lean and fat, trimmed to 0"" fat, select, cooked, braised",25.56,26.59,0.0,341.0,47.88,0.0,168.0,267.0,64.0,0.0,usda,1
172169,"Beef, rib, back ribs, bone-in, separable lean and fat, trimmed to 0"" fat, all grades, raw",16.15,28.42,0.78,324.0,53.91,0.0,120.0,218.0,53.0,0.0,usda,1
172170,"Beef, loin, top sirloin cap steak, boneless, separable lean only, trimmed to 1/8"" fat, all grades, cooked, grilled",28.26,7.23,0.73,181.0,62.62,0.0,232.0,371.0,62.0,0.0,usda,1
172171,"Beef, loin, top sirloin cap steak, boneless, separable lean only, trimmed to 1/8"" fat, choice, cooked, grilled",28.19,7.96,1.07,189.0,61.65,0.0,233.0,374.0,62.0,0.0,usda,1
172172,"Beef, loin, top sirloin cap steak, boneless, separable lean only, trimmed to 1/8"" fat, select, cooked, grilled",28.36,6.14,0.22,170.0,64.07,0.0,240.0,389.0,63.0,0.0,usda,1
172173,"Beef, loin, top sirloin cap steak, boneless, separable lean only, trimmed to 1/8"" fat, all grades, raw",21.38,5.36,0.0,134.0,72.93,0.0,220.0,375.0,55.0,0.0,usda,1
172174,"Beef, loin, top sirloin cap steak, boneless, separable lean only, trimmed to 1/8"" fat, choice, raw",21.34,5.82,0.0,138.0,72.52,0.0,206.0,367.0,60.0,0.0,usda,1
172175,"Cheese, blue",21.4,28.74,2.34,353.0,42.41,0.0,387.0,256.0,1146.0,0.5,usda,1
172176,"Cheese, brick",23.24,29.68,2.79,371.0,41.11,0.0,451.0,136.0,560.0,0.51,usda,1
172177,"Cheese, brie",20.75,27.68,0.45,334.0,48.42,0.0,188.0,152.0,629.0,0.45,usda,1
172178,"Cheese, camembert",19.8,24.26,0.46,300.0,51.8,0.0,347.0,187.0,842.0,0.46,usda,1
172179,"Cheese, cottage, creamed, large or small curd",11.12,4.3,3.38,98.0,79.79,0.0,159.0,104.0,315.0,2.67,usda,1
172180,"Cheese, cottage, creamed, with fruit",10.69,3.85,4.61,97.0,79.64,0.2,113.0,90.0,344.0,2.38,usda,1
172181,"Cheese, cottage, nonfat, uncreamed, dry, large or small curd",10.34,0.29,6.66,72.0,81.01,0.0,190.0,137.0,372.0,1.85,usda,1
172182,"Cheese, cottage, lowfat, 2% milkfat",10.45,2.27,4.76,81.0,81.24,0.0,150.0,125.0,308.0,4.0,usda,1
172183,"Egg, white, raw, fresh",10.9,0.17,0.73,52.0,87.57,0.0,15.0,163.0,166.0,0.71,usda,0
172184,"Egg, yolk, raw, fresh",15.86,26.54,3.59,322.0,52.31,0.0,390.0,109.0,48.0,0.56,usda,1
172185,"Egg, whole, cooked, omelet",10.57,11.66,0.64,154.0,76.13,0.0,167.0,117.0,155.0,0.31,usda,1
172186,"Egg, whole, cooked, poached",12.51,9.47,0.71,143.0,75.85,0.0,197.0,138.0,297.0,0.37,usda,1
172187,"Egg, whole, cooked, scrambled",9.99,10.98,1.61,149.0,76.4,0.0,165.0,132.0,145.0,1.39,usda,1
172188,"Egg, whole, dried",48.05,43.9,1.13,592.0,2.78,0.0,629.0,540.0,476.0,0.56,usda,1
172189,"Egg, duck, whole, fresh, raw",12.81,13.77,1.45,185.0,70.83,0.0,220.0,222.0,146.0,0.93,usda,1
172190,"Egg, goose, whole, fresh, raw",13.87,13.27,1.35,185.0,70.43,0.0,208.0,210.0,138.0,0.94,usda,1
172191,"Egg, quail, whole, fresh, raw",13.05,11.09,0.41,158.0,74.35,0.0,226.0,132.0,141.0,0.4,usda,1
172192,"Egg, turkey, whole, fresh, raw",13.68,11.88,1.15,171.0,72.5,0.0,170.0,142.0,151.0,1.25,usda,1
172193,"Milk, reduced fat, fluid, 2% milkfat, with added nonfat milk solids, without added vitamin A",3.95,1.98,5.49,56.0,87.71,0.0,112.0,182.0,59.0,1.25,usda,0
172194,"Milk, canned, evaporated, with added vitamin A",6.81,7.56,10.04,134.0,74.04,0.0,203.0,303.0,106.0,1.25,usda,1
172195,"Milk, dry, nonfat, regular, with added vitamin A and vitamin D",36.16,0.77,51.98,362.0,3.16,0.0,968.0,1794.0,535.0,51.98,usda,3
172196,"Milk, dry, nonfat, instant, without added vitamin A and vitamin D",35.1,0.72,52.19,358.0,3.96,0.0,985.0,1705.0,549.0,52.19,usda,3
172197,"Cheese, goat, hard type",30.52,35.59,2.17,452.0,29.01,0.0,729.0,48.0,423.0,2.17,usda,1
172198,"Cheese substitute, mozzarella",11.47,12.22,23.67,248.0,47.36,0.0,583.0,455.0,685.0,23.67,usda,3
172200,"Cheese sauce, prepared from recipe",10.33,14.92,5.48,197.0,66.86,0.1,229.0,142.0,493.0,0.19,usda,1
172201,"Cheese, mexican, queso anejo",21.44,29.98,4.63,373.0,38.06,0.0,444.0,87.0,1131.0,4.63,usda,1
172202,"Egg, whole, raw, frozen, pasteurized (Includes foods for USDA's Food Distribution Program)",12.33,9.95,1.01,147.0,75.81,0.0,193.0,135.0,128.0,0.25,usda,1
172203,"Egg, white, raw, frozen, pasteurized",10.2,0.0,1.04,48.0,88.17,0.0,13.0,169.0,169.0,0.25,usda,0
172204,"Egg, white, dried",81.1,0.0,7.8,382.0,5.8,0.0,111.0,1125.0,1280.0,5.4,usda,3
172205,"Milk, reduced fat, fluid, 2% milkfat, without added vitamin A and vitamin D",3.3,1.98,4.8,50.0,89.21,0.0,92.0,140.0,47.0,5.06,usda,0
172206,"Parmesan cheese topping, fat free",40.0,5.0,40.0,370.0,8.6,0.0,700.0,600.0,1150.0,1.5,usda,3
172207,"Cheese, cream, fat free",15.69,1.0,7.66,105.0,71.87,0.0,523.0,278.0,702.0,5.48,usda,1
172208,"Yogurt, chocolate, nonfat milk",3.53,0.0,23.53,112.0,71.57,1.2,166.0,339.0,135.0,14.97,usda,0
172209,KRAFT CHEEZ WHIZ Pasteurized Process Cheese Sauce,12.0,21.0,9.2,276.0,51.5,0.3,806.0,240.0,1638.0,6.7,usda,1
172210,KRAFT BREAKSTONE'S Reduced Fat Sour Cream,4.5,12.0,6.5,152.0,76.2,0.1,110.0,210.0,59.0,6.4,usda,1
172211,KRAFT BREAKSTONE'S FREE Fat Free Sour Cream,4.7,1.3,15.1,91.0,77.7,0.0,116.0,219.0,72.0,7.2,usda,0
172212,"Cream, half and half, fat free",2.6,1.4,9.0,59.0,86.0,0.0,151.0,206.0,100.0,5.0,usda,0
172213,Reddi Wip Fat Free Whipped Topping,3.0,5.0,25.0,149.0,66.44,0.4,68.0,108.0,72.0,16.0,usda,0
172214,"Cream substitute, flavored, powdered",0.68,21.47,75.42,482.0,1.52,1.2,28.0,90.0,123.0,58.01,usda,3
172215,"Cheese, provolone, reduced fat",24.7,17.6,3.5,274.0,50.6,0.0,496.0,138.0,615.0,0.55,usda,1
172216,"Cheese, Mexican, blend, reduced fat",24.69,19.4,3.41,282.0,48.2,0.0,583.0,93.0,776.0,0.56,usda,1
172217,"Milk, whole, 3.25% milkfat, without added vitamin A and vitamin D",3.15,3.27,4.78,61.0,88.13,0.0,84.0,132.0,43.0,5.05,usda,0
172218,"Yogurt, fruit, lowfat, with low calorie sweetener, fortified with vitamin D",4.86,1.41,18.6,105.0,74.1,0.0,133.0,194.0,58.0,2.9,usda,0
172219,"Yogurt, vanilla, low fat, fortified with vitamin D",4.93,1.25,13.8,85.0,79.0,0.0,135.0,219.0,66.0,13.8,usda,0
172220,"Yogurt, vanilla or lemon flavor, nonfat milk, sweetened with low-calorie sweetener, fortified with vitamin D",3.86,0.18,7.5,43.0,87.43,0.0,109.0,177.0,59.0,7.5,usda,0
172221,"Yogurt, chocolate, nonfat milk, fortified with vitamin D",3.53,0.0,23.53,112.0,71.57,1.2,166.0,339.0,135.0,14.97,usda,0
172222,"Cheese, dry white, queso seco",24.51,24.35,2.04,325.0,42.17,0.2,475.0,116.0,1808.0,0.55,usda,1
172223,"Cheese, fresh, queso fresco",18.09,23.82,2.98,299.0,51.42,0.0,385.0,129.0,751.0,2.32,usda,1
172224,"Cheese, white, queso blanco",20.38,24.31,2.53,310.0,48.7,0.2,467.0,126.0,704.0,1.76,usda,1
172225,"Milk, buttermilk, fluid, whole",3.21,3.31,4.88,62.0,87.91,0.0,85.0,135.0,105.0,4.88,usda,0
172226,Ice cream sandwich,4.29,8.57,37.14,237.0,48.9,0.0,72.0,115.0,129.0,18.57,usda,3
172227,Ice cream cookie sandwich,3.7,7.4,39.6,240.0,48.7,1.2,54.0,68.0,162.0,21.3,usda,3
172228,"Ice cream cone, chocolate covered, with nuts, flavors other than chocolate",5.21,21.88,34.38,354.0,37.43,1.0,108.0,222.0,94.0,25.0,usda,3
172229,"Ice cream sandwich, made with light ice cream, vanilla",4.29,3.04,39.64,186.0,52.63,0.0,26.0,41.0,146.0,17.86,usda,0
172230,"Ice cream sandwich, vanilla, light, no sugar added",5.71,2.86,42.86,200.0,48.13,7.1,26.0,41.0,164.0,6.58,usda,3
172231,"Spices, turmeric, ground",9.68,3.25,67.14,312.0,12.85,22.7,299.0,2080.0,27.0,3.21,usda,3
172232,"Basil, fresh",3.15,0.64,2.65,23.0,92.06,1.6,56.0,295.0,4.0,0.3,usda,0
172233,"Dill weed, fresh",3.46,1.12,7.02,43.0,85.95,2.1,66.0,738.0,61.0,1.25,usda,0
172234,"Mustard, prepared, yellow",3.74,3.34,5.83,60.0,83.72,4.0,108.0,152.0,1104.0,0.92,usda,0
172235,"Vanilla extract, imitation, alcohol",0.05,0.0,2.41,237.0,64.46,0.0,22.0,98.0,4.0,1.25,usda,0
172236,"Vanilla extract, imitation, no alcohol",0.03,0.0,14.4,56.0,85.58,0.0,0.0,0.0,3.0,14.4,usda,0
172237,"Vinegar, distilled",0.0,0.0,0.04,18.0,94.78,0.0,4.0,2.0,2.0,0.04,usda,0
172238,"Capers, canned",2.36,0.86,4.89,23.0,83.85,3.2,10.0,40.0,2348.0,0.41,usda,0
172239,"Spearmint, dried",19.93,6.03,52.04,285.0,11.3,29.8,276.0,1924.0,344.0,1.25,usda,3
172240,"Vinegar, red wine",0.04,0.0,0.27,19.0,94.47,0.0,8.0,39.0,8.0,0.0,usda,0
172241,"Vinegar, balsamic",0.49,0.0,17.03,88.0,76.45,0.2,19.0,112.0,23.0,14.95,usda,0
172244,"Babyfood, meat, beef, junior",12.03,2.52,2.43,81.0,82.44,0.0,93.0,187.0,41.0,0.0,usda,1
172245,"Babyfood, meat, veal, strained",13.12,2.45,1.51,81.0,82.37,0.0,98.0,170.0,39.0,0.0,usda,1
172246,"Babyfood, meat, pork, strained",14.0,7.1,0.0,124.0,78.4,0.0,94.0,223.0,42.0,0.0,usda,1
172247,"Babyfood, meat, ham, strained",11.3,3.8,3.7,97.0,80.5,0.0,81.0,204.0,44.0,0.0,usda,1
172248,"Babyfood, meat, chicken, junior",14.0,9.6,0.0,146.0,76.0,0.0,90.0,122.0,49.0,0.0,usda,1
172249,"Babyfood, meat, chicken sticks, junior",14.6,14.4,1.5,188.0,68.3,0.2,121.0,106.0,267.0,1.4,usda,1
172250,"Babyfood, meat, turkey, strained",11.5,6.2,1.4,111.0,80.32,0.0,117.0,135.0,49.0,0.0,usda,1
172251,"Babyfood, meat, turkey, junior",11.5,6.2,1.4,111.0,80.32,0.0,117.0,135.0,49.0,0.0,usda,1
172252,"Babyfood, finger snacks, GERBER, GRADUATES, PUFFS, apple and cinnamon",6.19,2.3,85.79,344.0,3.62,3.8,448.0,196.0,13.0,17.84,usda,3
172253,"Babyfood, water, bottled, GERBER, without added fluoride",0.0,0.0,0.0,0.0,99.9,0.0,0.0,0.0,0.0,0.0,usda,0
172254,"Babyfood, GERBER, 3rd Foods, apple, mango and kiwi",0.47,0.0,12.88,48.0,86.34,2.0,11.0,123.0,2.0,10.18,usda,0
172255,"Babyfood, tropical fruit medley",0.31,0.14,12.22,46.0,87.14,1.3,11.0,141.0,0.0,9.78,usda,0
172256,"Babyfood, dinner, vegetables and dumplings and beef, strained",2.0,0.9,7.7,48.0,88.9,0.2,28.0,46.0,49.0,0.0,usda,0
172257,"Babyfood, ravioli, cheese filled, with tomato sauce",3.6,2.2,16.3,99.0,76.5,0.1,56.0,32.0,282.0,0.59,usda,0
172258,"Babyfood, dinner, beef noodle, strained",2.44,2.26,8.18,63.0,86.84,1.3,38.0,87.0,15.0,1.42,usda,0
172259,"Babyfood, macaroni and cheese, toddler",3.5,2.6,11.2,82.0,81.7,0.5,81.0,18.0,264.0,0.79,usda,0
172260,"Babyfood, dinner, beef and rice, toddler",5.0,2.9,8.8,82.0,81.9,0.2,35.0,120.0,32.0,0.0,usda,0
172261,"Babyfood, dinner, beef with vegetables",2.03,6.93,6.36,96.0,84.3,1.8,24.0,127.0,38.0,2.16,usda,0
172262,"Babyfood, dinner, vegetables and lamb, junior",2.1,1.7,7.1,51.0,88.6,1.1,49.0,95.0,13.0,0.94,usda,0
172263,"Babyfood, dinner, chicken noodle, strained",3.53,3.22,7.81,74.0,85.05,1.7,52.0,143.0,25.0,2.69,usda,0
172264,"Babyfood, dinner, chicken noodle, junior",3.53,3.23,7.8,74.0,85.05,1.7,52.0,143.0,25.0,2.67,usda,0
172265,"Babyfood, dinner, vegetables, noodles and chicken, junior",1.7,2.2,9.1,64.0,86.2,1.1,33.0,59.0,26.0,1.25,usda,0
172266,"Babyfood, dinner, pasta with vegetables",1.7,2.1,8.4,60.0,87.3,1.5,50.0,133.0,11.0,1.2,usda,0
172267,"Babyfood, dinner, vegetables and noodles and turkey, strained",1.2,1.2,6.8,44.0,90.3,1.1,25.0,63.0,21.0,1.25,usda,0
172268,"Babyfood, dinner, vegetables and noodles and turkey, junior",1.8,1.5,7.6,52.0,88.7,1.1,29.0,73.0,17.0,1.25,usda,0
172269,"Babyfood, dinner, turkey and rice, strained",2.27,1.24,7.94,52.0,88.22,0.9,34.0,91.0,19.0,1.66,usda,0
172270,"Babyfood, dinner, macaroni and cheese, junior",2.6,2.0,8.2,61.0,86.5,0.3,59.0,44.0,183.0,1.32,usda,0
172271,"Babyfood, vegetables, green beans, strained",1.2,0.17,6.29,27.0,91.85,2.2,41.0,146.0,7.0,1.88,usda,0
172272,"Babyfood, vegetables, green beans, junior",1.2,0.1,5.8,24.0,92.5,1.9,19.0,128.0,5.0,1.08,usda,0
172273,"Babyfood, green beans, dices, toddler",1.2,0.2,5.7,29.0,92.6,1.3,22.0,116.0,37.0,1.06,usda,0
172274,"Babyfood, vegetables, squash, strained",0.81,0.2,5.73,28.0,92.66,0.9,21.0,185.0,5.0,3.37,usda,0
172275,"Babyfood, vegetables, squash, junior",0.81,0.2,5.73,24.0,92.66,0.9,21.0,185.0,5.0,3.24,usda,0
172276,"Babyfood, vegetables, sweet potatoes strained",1.1,0.1,13.2,57.0,84.8,1.5,24.0,263.0,22.0,4.05,usda,0
172277,"Babyfood, vegetables, sweet potatoes, junior",1.1,0.1,14.0,60.0,84.1,1.5,24.0,243.0,18.0,4.24,usda,0
172278,"Babyfood, fruit, applesauce, junior",0.0,0.0,10.3,37.0,89.5,1.7,6.0,77.0,1.0,8.48,usda,0
172279,"Babyfood, fruit, apricot with tapioca, strained",0.3,0.0,16.3,60.0,83.1,1.5,10.0,121.0,0.0,1.41,usda,0
172280,"Babyfood, vegetables, corn, creamed, strained",1.4,0.4,14.1,57.0,83.6,2.1,33.0,90.0,43.0,1.23,usda,0
172281,"Babyfood, dinner, mixed vegetable, junior",1.01,0.11,7.88,34.0,90.6,1.0,30.0,112.0,40.0,3.08,usda,0
172282,"Babyfood, fruit, bananas with tapioca, junior",0.4,0.2,17.8,67.0,81.5,1.6,9.0,108.0,0.0,7.1,usda,0
172283,"Babyfood, vegetables, mix vegetables junior",1.4,0.4,8.2,36.0,89.4,1.5,25.0,170.0,36.0,1.78,usda,0
172284,"Babyfood, vegetables, garden vegetable, strained",2.3,0.2,6.8,32.0,90.0,1.5,28.0,168.0,31.0,2.57,usda,0
172285,"Babyfood, plums, bananas and rice, strained",1.1,0.3,12.7,57.0,85.6,1.3,32.0,265.0,0.0,9.3,usda,0
172286,"Babyfood, dinner, turkey, rice, and vegetables, toddler",3.8,1.6,7.5,60.0,86.3,0.8,63.0,107.0,176.0,1.12,usda,0
172287,"Babyfood, dinner, apples and chicken, strained",2.16,1.38,10.88,65.0,85.4,1.8,32.0,95.0,12.0,6.06,usda,0
172288,"Babyfood, dinner, broccoli and chicken, junior",3.59,2.48,6.34,62.0,86.92,1.4,58.0,170.0,17.0,1.43,usda,0
172289,"Infant formula, MEAD JOHNSON, Enfamil Premature High Protein 24 Calories, ready to feed, with ARA and DHA",2.8,3.9,8.66,81.0,84.0,0.2,70.0,77.0,55.0,4.1,usda,0
172290,"Infant formula, MEAD JOHNSON, Enfamil Premature 30 Calories, ready to feed, with ARA and DHA",3.2,4.8,11.13,101.0,80.0,0.2,87.0,95.0,68.0,2.0,usda,0
172291,"Infant formula, MEAD JOHNSON, Enfamil for Supplementing, powder, with ARA and DHA, not reconstituted",11.7,27.0,55.8,513.0,2.4,0.0,230.0,550.0,184.0,11.8,usda,3
172292,"Infant formula, MEAD JOHNSON, Enfamil Reguline Powder, with ARA and DHA, not reconstituted",11.7,27.0,55.9,513.0,2.4,0.2,230.0,550.0,183.0,30.0,usda,3
172293,"Infant formula, MEAD JOHNSON, Pregestimil 24 Calories, ready to feed, with ARA and DHA",2.2,4.4,5.95,72.0,87.0,0.2,41.0,86.0,37.0,0.02,usda,0
172294,"Toddler drink, MEAD JOHNSON, PurAmino Toddler Powder, with ARA and DHA, not reconstituted",13.9,26.0,55.68,512.0,1.82,0.2,260.0,550.0,230.0,7.6,usda,3
172295,"Infant formula, MEAD JOHNSON, Enfamil for Supplementing, ready to feed, with ARA and DHA",1.51,3.5,7.6,68.0,87.0,0.2,30.0,71.0,24.0,1.93,usda,0
172296,"Babyfood, cereal, barley, prepared with whole milk",3.73,3.26,9.94,84.0,82.19,0.6,110.0,151.0,43.0,5.1,usda,0
172297,"Babyfood, cereal, oatmeal, with bananas, prepared with whole milk",3.82,3.46,10.0,86.0,81.81,0.4,111.0,178.0,48.0,5.9,usda,0
172298,"Babyfood, cereal, oatmeal, with honey, prepared with whole milk",5.0,3.9,15.3,115.0,74.5,0.2,198.0,170.0,49.0,1.25,usda,1
172299,"Babyfood, cereal, rice, prepared with whole milk",3.45,3.38,10.31,85.0,81.96,0.0,122.0,151.0,42.0,4.87,usda,0
172300,"Babyfood, cereal, rice, with honey, prepared with whole milk",3.9,3.3,17.1,115.0,74.4,0.2,181.0,141.0,49.0,1.25,usda,0
172301,"Infant formula, MEAD JOHNSON, ENFAMIL, with iron, powder",10.8,27.0,56.2,520.0,3.3,0.0,270.0,560.0,139.0,56.0,usda,3
172302,"Infant formula, MEAD JOHNSON, ENFAMIL, Infant, with iron, powder, with ARA and DHA",10.8,27.0,56.2,511.0,3.3,0.0,270.0,560.0,139.0,56.0,usda,3
172303,"Infant formula, MEAD JOHNSON, ENFAMIL, Infant, with iron, liquid concentrate, with ARA and DHA, reconstituted",1.31,3.5,7.86,68.0,87.0,0.0,28.0,71.0,18.0,7.0,usda,0
172304,"Infant formula, MEAD JOHNSON, ENFAMIL LIPIL, with iron, ready-to-feed, with ARA and DHA",1.38,3.5,7.1,64.0,88.35,0.0,35.0,71.0,18.0,7.1,usda,0
172305,"Infant formula, MEAD JOHNSON, ENFAMIL, LIPIL, low iron, ready to feed, with ARA and DHA",1.38,3.5,7.18,64.0,88.35,0.0,35.0,71.0,18.0,7.18,usda,0
172306,"Infant formula, MEAD JOHNSON, ENFAMIL, Infant, ready-to-feed, with ARA and DHA",1.31,3.5,7.86,68.0,87.0,0.0,28.0,71.0,18.0,7.0,usda,0
172307,"Infant formula, ABBOTT NUTRITION, SIMILAC, PM 60/40, powder not reconstituted",11.4,28.71,54.94,524.0,2.25,0.0,144.0,411.0,123.0,52.38,usda,3
172308,"Infant formula, MEAD JOHNSON, ENFAMIL, NUTRAMIGEN WITH LGG, with iron, powder, not reconstituted, with ARA and DHA",14.1,27.0,53.6,514.0,2.3,0.0,260.0,560.0,240.0,4.5,usda,3
172309,"Infant formula, MEAD JOHNSON, ENFAMIL, NUTRAMIGEN, with iron, ready-to-feed, with ARA and DHA",1.83,3.5,7.21,68.0,87.0,0.0,34.0,72.0,31.0,0.1,usda,0
172310,"Infant formula, ABBOTT NUTRITION, SIMILAC, ALIMENTUM, with iron, ready-to-feed",1.8,3.63,6.77,66.0,87.32,0.0,49.0,77.0,29.0,4.4,usda,0
172311,"Infant formula, MEAD JOHNSON, ENFAMIL, ENFACARE, with iron, powder, with ARA and DHA",13.9,26.0,53.8,505.0,2.5,0.0,330.0,520.0,184.0,34.0,usda,3
172312,"Infant formula, ABBOTT NUTRITION, SIMILAC, with iron, liquid concentrate, not reconstituted",2.64,6.89,13.76,127.0,76.16,0.0,54.0,134.0,31.0,13.76,usda,0
172313,"Child formula, ABBOTT NUTRITION, PEDIASURE, ready-to-feed",2.86,4.77,11.15,99.0,80.47,0.0,76.0,125.0,36.0,10.5,usda,0
172314,"Infant formula, MEAD JOHNSON, NEXT STEP, PROSOBEE LIPIL, powder, with ARA and DHA",15.6,21.0,57.1,480.0,3.0,0.0,620.0,570.0,171.0,56.0,usda,3
172315,"Infant formula, MEAD JOHNSON, NEXT STEP, PROSOBEE, LIPIL, ready to feed, with ARA and DHA",2.14,2.91,8.09,67.0,86.4,0.0,85.0,79.0,23.0,7.77,usda,0
172316,"Infant formula, NESTLE, GOOD START SOY, with ARA and DHA, powder",12.5,25.6,55.6,503.0,2.5,0.0,316.0,581.0,200.0,44.38,usda,3
172317,"Babyfood, corn and sweet potatoes, strained",1.26,0.28,15.23,68.0,82.62,1.8,29.0,154.0,14.0,4.0,usda,0
172318,"Infant formula, ABBOTT NUTRITION, SIMILAC, ALIMENTUM, ADVANCE, ready-to-feed, with ARA and DHA",1.8,3.63,6.77,67.0,87.32,0.0,49.0,77.0,29.0,4.4,usda,0
172319,"Infant formula, PBM PRODUCTS, store brand, ready-to-feed",1.4,3.5,6.39,63.0,88.1,0.0,28.0,55.0,14.0,6.4,usda,0
172320,"Infant formula, PBM PRODUCTS, store brand, liquid concentrate, not reconstituted",2.9,7.0,13.9,130.0,76.0,0.0,55.0,109.0,29.0,13.9,usda,0
172321,"Infant formula, MEAD JOHNSON, ENFAMIL, AR, ready-to-feed, with ARA and DHA",1.64,3.3,8.73,71.0,86.0,0.4,35.0,71.0,26.0,6.44,usda,0
172322,"Infant formula, MEAD JOHNSON, ENFAMIL, AR, powder, with ARA and DHA",12.4,25.0,57.4,504.0,2.2,0.0,260.0,540.0,200.0,56.03,usda,3
172323,"Infant formula, ABBOTT NUTRITION, SIMILAC NEOSURE, ready-to-feed, with ARA and DHA",1.92,3.77,6.94,69.0,87.0,0.0,42.0,97.0,23.0,6.9,usda,0
172324,"Infant formula, ABBOTT NUTRITION, SIMILAC, NEOSURE, powder, with ARA and DHA",14.42,28.33,51.75,520.0,2.25,0.0,319.0,731.0,170.0,52.02,usda,3
172325,"Infant formula, ABBOTT NUTRITION, SIMILAC, SENSITIVE (LACTOSE FREE) ready-to-feed, with ARA and DHA",1.48,3.74,7.4,68.0,87.0,0.0,39.0,74.0,21.0,7.4,usda,0
172326,"Infant formula, ABBOTT NUTRITION, SIMILAC, ADVANCE, with iron, liquid concentrate, not reconstituted",2.64,6.89,13.52,127.0,76.16,0.0,54.0,134.0,31.0,13.52,usda,0
172327,"Shortening, household, lard and vegetable oil",0.0,100.0,0.0,900.0,0.0,0.0,0.0,0.0,0.0,0.0,usda,2
172328,"Oil, sunflower, linoleic, (partially hydrogenated)",0.0,100.0,0.0,884.0,0.0,0.0,0.0,0.0,0.0,0.0,usda,2
172329,"Shortening bread, soybean (hydrogenated) and cottonseed",0.0,100.0,0.0,884.0,0.0,0.0,0.0,0.0,0.0,0.0,usda,2
172330,"Shortening cake mix, soybean (hydrogenated) and cottonseed (hydrogenated)",0.0,100.0,0.0,884.0,0.0,0.0,0.0,0.0,0.0,0.0,usda,2
172331,"Shortening frying (heavy duty), palm (hydrogenated)",0.0,100.0,0.0,884.0,0.0,0.0,0.0,0.0,0.0,1.25,usda,2
172332,Shortening household soybean (hydrogenated) and palm,0.0,100.0,0.0,884.0,0.0,0.0,0.0,0.0,0.0,1.25,usda,2
172333,"Shortening frying (heavy duty), soybean (hydrogenated), linoleic (less than 1%)",0.0,100.0,0.0,884.0,0.0,0.0,0.0,0.0,0.0,0.0,usda,2
172334,"Shortening, confectionery, fractionated palm",0.0,100.0,0.0,884.0,0.0,0.0,0.0,0.0,0.0,1.25,usda,2
172335,"Oil, nutmeg butter",0.0,100.0,0.0,884.0,0.0,0.0,0.0,0.0,0.0,0.0,usda,2
172336,"Oil, canola",0.0,100.0,0.0,884.0,0.0,0.0,0.0,0.0,0.0,0.0,usda,2
172337,"Oil, mustard",0.0,100.0,0.0,884.0,0.0,0.0,0.0,0.0,0.0,1.25,usda,2
172338,"Oil, sunflower, high oleic (70% and over)",0.0,100.0,0.0,884.0,0.0,0.0,0.0,0.0,0.0,0.0,usda,2
172339,"Margarine-like, margarine-butter blend, soybean oil and butter",0.31,80.32,0.77,727.0,17.07,0.0,10.0,22.0,719.0,0.0,usda,2
172340,"Fish oil, herring",0.0,100.0,0.0,902.0,0.0,0.0,0.0,0.0,0.0,1.25,usda,2
172341,"Fish oil, menhaden",0.0,100.0,0.0,902.0,0.0,0.0,0.0,0.0,0.0,1.25,usda,2
172342,"Fish oil, menhaden, fully hydrogenated",0.0,100.0,0.0,902.0,0.0,0.0,0.0,0.0,0.0,1.25,usda,2
172343,"Fish oil, salmon",0.0,100.0,0.0,902.0,0.0,0.0,0.0,0.0,0.0,1.25,usda,2
172344,"Butter, light, stick, without salt",3.3,55.1,0.0,499.0,43.2,0.0,34.0,71.0,36.0,0.0,usda,1
172345,"Animal fat, bacon grease",0.0,99.5,0.0,897.0,0.0,0.0,0.0,0.0,150.0,0.0,usda,2
172346,"Margarine, regular, 80% fat, composite, stick, with salt",0.16,80.71,0.7,717.0,16.52,0.0,5.0,18.0,751.0,0.0,usda,2
172347,"Margarine, regular, 80% fat, composite, tub, with salt",0.22,80.17,0.75,713.0,17.07,0.0,5.0,17.0,657.0,0.0,usda,2
172348,"Margarine-like, vegetable oil spread, 60% fat, stick, with salt",0.12,60.39,0.69,537.0,36.95,0.0,16.0,30.0,785.0,0.0,usda,1
172349,"Margarine, regular, 80% fat, composite, tub, without salt",0.22,80.17,0.75,713.0,17.07,0.0,5.0,17.0,28.0,0.0,usda,2
172350,"Margarine-like, vegetable oil spread, 60% fat, stick/tub/bottle, without salt",0.17,59.81,0.86,533.0,37.58,0.0,16.0,30.0,2.0,0.0,usda,2
172351,"Margarine-like, vegetable oil spread, fat free, liquid, with salt",1.5,3.0,2.5,43.0,91.0,0.0,30.0,50.0,833.0,0.0,usda,0
172352,"Margarine-like spread with yogurt, 70% fat, stick, with salt",0.3,70.0,0.5,630.0,28.0,0.0,16.0,25.0,590.0,0.0,usda,2
172353,"Margarine-like, vegetable oil spread, fat-free, tub",0.1,3.04,4.34,44.0,90.69,0.0,2.0,36.0,580.0,0.0,usda,0
172354,"Margarine-like, vegetable oil spread, 20% fat, with salt",0.0,19.5,0.4,175.0,78.8,0.0,14.0,25.0,733.0,0.0,usda,0
172355,"Margarine-like, vegetable oil spread, 20% fat, without salt",0.0,19.5,0.4,175.0,78.8,0.0,14.0,25.0,0.0,0.0,usda,0
172356,"Salad dressing, thousand island dressing, fat-free",0.55,1.45,29.27,132.0,66.14,3.3,1.0,122.0,788.0,16.83,usda,0
172357,"Oil, industrial, mid-oleic, sunflower",0.0,100.0,0.0,884.0,0.0,0.0,0.0,0.0,0.0,0.0,usda,2
172358,"Oil, industrial, canola with antifoaming agent, principal uses salads, woks and light frying",0.0,100.0,0.0,884.0,0.0,0.0,0.0,0.0,0.0,0.0,usda,2
172359,"Oil, industrial, canola for salads, woks and light frying",0.0,100.0,0.0,884.0,0.0,0.0,0.0,0.0,0.0,0.0,usda,2
172360,"Oil, industrial, canola (partially hydrogenated) oil for deep fat frying",0.0,100.0,0.0,884.0,0.0,0.0,0.0,0.0,0.0,0.0,usda,2
172361,"Oil, industrial, soy (partially hydrogenated), multiuse for non-dairy butter flavor",0.0,100.0,0.0,884.0,0.0,0.0,0.0,0.0,0.0,0.0,usda,2
172362,"Oil, industrial, soy ( partially hydrogenated), all purpose",0.0,100.0,0.0,884.0,0.0,0.0,0.0,0.0,0.0,0.0,usda,2
172363,"Oil, industrial, soy (partially hydrogenated ) and soy (winterized), pourable clear fry",0.0,100.0,0.0,884.0,0.0,0.0,0.0,0.0,0.0,0.0,usda,2
172364,"Oil, industrial, soy (partially hydrogenated)  and cottonseed, principal use as a tortilla shortening",0.0,100.0,0.0,884.0,0.0,0.0,0.0,0.0,0.0,0.0,usda,2
172365,"Oil, industrial, coconut, confection fat, typical basis for ice cream coatings",0.0,100.0,0.0,884.0,0.08,0.0,0.0,2.0,5.0,0.0,usda,2
172366,"Oil, industrial, palm kernel (hydrogenated) , used for whipped toppings, non-dairy",0.0,100.0,0.0,884.0,0.04,0.0,0.0,2.0,6.0,0.0,usda,2
172367,"Oil, industrial, coconut (hydrogenated), used for whipped toppings and coffee whiteners",0.0,99.5,0.0,880.0,0.07,0.0,0.0,2.0,7.0,0.0,usda,2
172368,"Oil, industrial, palm and palm kernel, filling fat (non-hydrogenated)",0.0,99.5,0.0,880.0,0.04,0.0,0.0,4.0,6.0,0.0,usda,2
172369,"Margarine, industrial, soy and partially hydrogenated soy oil, use for baking, sauces and candy",0.18,80.0,0.71,714.0,17.17,0.0,5.0,18.0,886.0,0.0,usda,2
172370,"Oil, vegetable, soybean, refined",0.0,100.0,0.0,884.0,0.0,0.0,0.0,0.0,0.0,0.0,usda,2
172371,"Margarine-like spread, SMART BALANCE Regular Buttery Spread with flax oil",0.14,64.63,0.14,583.0,33.95,0.0,4.0,28.0,646.0,0.0,usda,2
172372,"Margarine-like spread, SMART BALANCE Light Buttery Spread",0.02,36.41,1.98,337.0,59.89,0.2,1.0,32.0,580.0,1.25,usda,2
172373,"Chicken, broilers or fryers, drumstick, meat and skin, raw",18.08,9.2,0.11,161.0,72.46,0.0,163.0,211.0,106.0,0.0,usda,1
172374,"Chicken, broilers or fryers, drumstick, meat and skin, cooked, fried, batter",21.95,15.75,8.28,268.0,52.77,0.3,147.0,186.0,269.0,1.25,usda,1
172375,"Chicken, broilers or fryers, drumstick, meat only, cooked, fried",28.62,8.08,0.0,195.0,62.24,0.0,186.0,249.0,96.0,1.25,usda,1
172376,"Chicken, broilers or fryers, dark meat, drumstick, meat only, cooked, roasted",24.24,5.7,0.0,155.0,69.93,0.0,200.0,256.0,128.0,0.0,usda,1
172377,"Chicken, broilers or fryers, drumstick, meat only, cooked, stewed",27.5,5.71,0.0,169.0,67.58,0.0,150.0,199.0,80.0,0.0,usda,1
172378,"Chicken, broilers or fryers, leg, meat and skin, raw",16.37,15.95,0.17,214.0,67.3,0.0,155.0,203.0,84.0,0.0,usda,1
172379,"Chicken, broilers or fryers, leg, meat only, cooked, fried",28.38,9.32,0.65,208.0,60.61,0.0,193.0,254.0,96.0,1.25,usda,1
172380,"Chicken, broilers or fryers, leg, meat only, cooked, roasted",24.22,7.8,0.0,174.0,67.69,0.0,205.0,269.0,99.0,0.0,usda,1
172381,"Chicken, broilers or fryers, leg, meat only, cooked, stewed",26.26,8.06,0.0,185.0,66.44,0.0,149.0,190.0,78.0,0.0,usda,1
172382,"Chicken, broilers or fryers, neck, meat and skin, raw",14.07,26.24,0.0,297.0,59.99,0.0,112.0,137.0,64.0,1.25,usda,1
172383,"Chicken, broilers or fryers, neck, meat only, cooked, fried",26.87,11.88,1.77,229.0,58.71,0.0,135.0,213.0,99.0,1.25,usda,1
172384,"Chicken, broilers or fryers, neck, meat only, cooked, simmered",24.56,8.18,0.0,179.0,67.05,0.0,128.0,140.0,64.0,1.25,usda,1
172385,"Chicken, broilers or fryers, thigh, meat and skin, raw",16.52,16.61,0.25,221.0,66.47,0.0,157.0,204.0,81.0,0.0,usda,1
172386,"Chicken, broilers or fryers, thigh, meat and skin, cooked, fried, batter",21.61,16.53,9.08,277.0,51.5,0.3,155.0,192.0,288.0,1.25,usda,1
172387,"Chicken, broilers or fryers, thigh, meat only, cooked, fried",28.18,10.3,1.18,218.0,59.31,0.0,199.0,259.0,95.0,1.25,usda,1
172388,"Chicken, broilers or fryers, thigh, meat only, cooked, roasted",24.76,8.15,0.0,179.0,67.0,0.0,230.0,269.0,106.0,0.0,usda,1
172389,"Chicken, broilers or fryers, thigh, meat only, cooked, stewed",25.0,9.79,0.0,195.0,65.59,0.0,149.0,183.0,75.0,0.0,usda,1
172390,"Chicken, broilers or fryers, wing, meat and skin, raw",17.52,12.85,0.0,191.0,69.19,0.0,123.0,187.0,84.0,0.0,usda,1
172391,"Chicken, broilers or fryers, wing, meat only, cooked, fried",30.15,9.15,0.0,211.0,59.83,0.0,164.0,208.0,91.0,1.25,usda,1
172392,"Chicken, broilers or fryers, wing, meat only, cooked, roasted",30.46,8.13,0.0,203.0,62.78,0.0,166.0,210.0,92.0,0.0,usda,1
172393,"Chicken, broilers or fryers, wing, meat only, cooked, stewed",27.18,7.18,0.0,181.0,67.01,0.0,134.0,153.0,73.0,0.0,usda,1
172394,"Chicken, roasting, meat and skin and giblets and neck, raw",17.09,15.46,0.09,213.0,65.98,0.0,165.0,196.0,69.0,1.25,usda,1
172395,"Chicken, roasting, meat only, cooked, roasted",25.01,6.63,0.0,167.0,67.41,0.0,192.0,229.0,75.0,1.25,usda,1
172396,"Chicken, roasting, giblets, raw",18.14,5.04,1.14,127.0,74.73,0.0,184.0,227.0,77.0,1.25,usda,1
172397,"Chicken, roasting, giblets, cooked, simmered",26.77,5.22,0.86,165.0,66.32,0.0,213.0,160.0,60.0,1.25,usda,1
172398,"Chicken, roasting, light meat, meat only, raw",22.2,1.63,0.0,109.0,74.3,0.0,223.0,252.0,51.0,0.0,usda,1
172399,"Chicken, stewing, meat and skin, and giblets and neck, cooked, stewed",24.88,11.91,0.0,214.0,64.24,0.0,151.0,171.0,67.0,0.0,usda,1
172400,"Chicken, stewing, meat and skin, raw",17.55,20.33,0.0,258.0,61.84,0.0,172.0,204.0,71.0,0.0,usda,1
172401,"Chicken, stewing, meat and skin, cooked, stewed",26.88,18.87,0.0,285.0,53.07,0.0,180.0,182.0,73.0,1.25,usda,1
172402,"Chicken, stewing, meat only, raw",21.26,6.32,0.0,148.0,72.54,0.0,209.0,251.0,79.0,0.0,usda,1
172403,"Chicken, stewing, meat only, cooked, stewed",30.42,11.89,0.0,237.0,56.35,0.0,204.0,202.0,78.0,0.0,usda,1
172404,"Chicken, stewing, dark meat, meat only, raw",19.7,8.12,0.0,157.0,71.94,0.0,190.0,242.0,101.0,0.0,usda,1
172405,"Chicken, stewing, dark meat, meat only, cooked, stewed",28.14,15.28,0.0,258.0,55.09,0.0,187.0,204.0,95.0,1.25,usda,1
172406,"Chicken, capons, meat and skin and giblets and neck, raw",18.51,16.9,0.08,232.0,63.66,0.0,181.0,213.0,47.0,1.25,usda,1
172407,"Chicken, capons, meat and skin and giblets and neck, cooked, roasted",28.35,11.67,0.04,226.0,59.25,0.0,239.0,243.0,50.0,1.25,usda,1
172408,"Duck, domesticated, meat and skin, raw",11.49,39.34,0.0,404.0,48.5,0.0,139.0,209.0,63.0,0.0,usda,1
172409,"Duck, domesticated, meat and skin, cooked, roasted",18.99,28.35,0.0,337.0,51.84,0.0,156.0,204.0,59.0,0.0,usda,1
172410,"Duck, domesticated, meat only, raw",18.28,5.95,0.94,135.0,73.77,0.0,203.0,271.0,74.0,0.0,usda,1
172411,"Duck, domesticated, meat only, cooked, roasted",23.48,11.2,0.0,201.0,64.22,0.0,203.0,252.0,65.0,0.0,usda,1
172412,"Goose, domesticated, meat and skin, cooked, roasted",25.16,21.92,0.0,305.0,51.95,0.0,270.0,329.0,70.0,0.0,usda,1
172413,"Goose, domesticated, meat only, raw",22.75,7.13,0.0,161.0,68.3,0.0,312.0,420.0,87.0,1.25,usda,1
172414,"Goose, domesticated, meat only, cooked, roasted",28.97,12.67,0.0,238.0,57.23,0.0,309.0,388.0,76.0,1.25,usda,1
172415,"Goose, liver, raw",16.37,4.28,6.32,133.0,71.78,0.0,261.0,230.0,140.0,1.25,usda,1
172416,"Guinea hen, meat and skin, raw",23.4,6.45,0.0,158.0,68.9,0.0,153.0,193.0,67.0,1.25,usda,1
172417,"Pheasant, leg, meat only, raw",22.2,4.3,0.0,134.0,73.4,0.0,280.0,296.0,45.0,1.25,usda,1
172418,"Quail, meat and skin, raw",19.63,12.05,0.0,192.0,69.65,0.0,275.0,216.0,53.0,1.25,usda,1
172419,"Quail, meat only, raw",21.76,4.53,0.0,134.0,70.03,0.0,307.0,237.0,51.0,1.25,usda,1
172420,"Lentils, raw",24.63,1.06,63.35,352.0,8.26,10.7,281.0,677.0,6.0,2.03,usda,3
172421,"Lentils, mature seeds, cooked, boiled, without salt",9.02,0.38,20.13,116.0,69.64,7.9,180.0,369.0,2.0,1.8,usda,0
172422,"Lima beans, thin seeded (baby), mature seeds, cooked, boiled, without salt",8.04,0.38,23.31,126.0,67.15,7.7,127.0,401.0,3.0,1.25,usda,0
172423,"Lupins, mature seeds, raw",36.17,9.74,40.37,371.0,10.44,18.9,440.0,1013.0,15.0,1.25,usda,3
172424,"Lupins, mature seeds, cooked, boiled, without salt",15.57,2.92,9.88,119.0,71.08,2.8,128.0,245.0,4.0,1.25,usda,0
172425,"Mothbeans, mature seeds, raw",22.94,1.61,61.52,343.0,9.68,0.2,489.0,1191.0,30.0,1.25,usda,3
172426,"Mothbeans, mature seeds, cooked, boiled, without salt",7.81,0.55,20.96,117.0,69.23,0.2,150.0,304.0,10.0,1.25,usda,0
172427,"Mungo beans, mature seeds, cooked, boiled, without salt",7.54,0.55,18.34,105.0,72.51,6.4,156.0,231.0,7.0,2.01,usda,0
172428,"Peas, green, split, mature seeds, raw",23.12,3.89,61.63,364.0,8.69,22.2,334.0,852.0,5.0,3.14,usda,3
172429,"Peas, split, mature seeds, cooked, boiled, without salt",8.34,0.39,21.1,118.0,69.49,8.3,99.0,362.0,2.0,2.9,usda,0
172430,"Peanuts, all types, raw",25.8,49.24,16.13,567.0,6.5,8.5,376.0,705.0,18.0,4.72,usda,3
172431,"Peanuts, spanish, oil-roasted, with salt",28.01,49.04,17.45,579.0,1.78,8.9,387.0,776.0,433.0,1.25,usda,3
172432,"Peanuts, valencia, raw",25.09,47.58,20.91,570.0,4.26,8.7,336.0,332.0,1.0,1.25,usda,3
172433,"Peanuts, valencia, oil-roasted, with salt",27.04,51.24,16.3,589.0,2.12,8.9,319.0,612.0,772.0,1.25,usda,3
172434,"Peanuts, virginia, raw",25.19,48.75,16.54,563.0,6.91,8.5,380.0,690.0,10.0,3.95,usda,3
172435,"Peanut flour, low fat",33.8,21.9,31.27,428.0,7.8,15.8,508.0,1358.0,1.0,1.25,usda,3
172436,"Pigeon peas (red gram), mature seeds, raw",21.7,1.49,62.78,343.0,10.59,15.0,367.0,1392.0,17.0,1.25,usda,3
172437,"Pigeon peas (red gram), mature seeds, cooked, boiled, without salt",6.76,0.38,23.25,121.0,68.55,6.7,119.0,384.0,5.0,1.25,usda,0
172438,"Refried beans, canned, traditional style",4.98,2.01,13.55,90.0,77.75,3.7,92.0,319.0,370.0,0.54,usda,0
172439,"Bacon, meatless",11.69,29.52,5.31,309.0,48.98,2.6,70.0,170.0,1465.0,0.0,usda,1
172440,"Soybeans, mature seeds, roasted, salted",38.55,25.4,30.22,469.0,1.95,17.7,363.0,1470.0,163.0,4.2,usda,3
172441,"Soybeans, mature seeds, dry roasted",43.32,21.62,28.98,449.0,0.8,8.1,649.0,1364.0,2.0,1.25,usda,3
172442,Miso,12.79,6.01,25.37,198.0,43.02,5.4,159.0,210.0,3728.0,6.2,usda,3
172443,Natto,19.4,11.0,12.68,211.0,55.02,5.4,174.0,729.0,7.0,4.89,usda,3
172444,"Soy flour, low-fat",49.81,8.9,30.63,372.0,4.61,16.0,675.0,2090.0,9.0,9.33,usda,3
172445,"Soy meal, defatted, raw",49.2,2.39,35.89,337.0,6.94,0.2,701.0,2490.0,3.0,1.25,usda,3
172446,"Soymilk, original and vanilla, unfortified",3.27,1.75,6.28,54.0,88.05,0.6,52.0,118.0,51.0,3.99,usda,0
172447,"Soy protein concentrate, produced by alcohol extraction",63.63,0.46,25.41,328.0,5.8,5.5,839.0,2202.0,3.0,20.0,usda,3
172448,"Tofu, firm, prepared with calcium sulfate and magnesium chloride (nigari)",9.04,4.17,2.85,78.0,82.93,0.9,121.0,148.0,12.0,0.6,usda,1
172449,"Tofu, soft, prepared with calcium sulfate and magnesium chloride (nigari)",7.17,3.69,1.18,61.0,87.26,0.2,92.0,120.0,8.0,0.7,usda,0
172450,"Tofu, dried-frozen (koyadofu)",52.47,30.34,10.03,477.0,5.78,7.2,483.0,20.0,6.0,1.25,usda,3
172451,"Tofu, fried",18.82,20.18,8.86,270.0,50.52,3.9,287.0,146.0,16.0,2.72,usda,3
172452,Okara,3.52,1.73,12.23,76.0,81.64,0.2,60.0,213.0,9.0,1.25,usda,0
172453,"Winged beans, mature seeds, cooked, boiled, without salt",10.62,5.84,14.94,147.0,67.19,0.2,153.0,280.0,13.0,1.25,usda,1
172454,"Hummus, home prepared",4.86,8.59,20.12,177.0,64.87,4.0,110.0,173.0,242.0,0.27,usda,3
172455,"Falafel, home-prepared",13.31,17.8,31.84,333.0,34.62,0.2,192.0,585.0,294.0,1.25,usda,3
172456,"Soymilk, original and vanilla, with added calcium, vitamins A and D",2.6,1.47,4.92,43.0,90.36,0.2,43.0,122.0,47.0,3.65,usda,0
172457,"Peanut spread, reduced sugar",24.8,54.89,14.23,650.0,1.93,7.8,350.0,818.0,292.0,6.35,usda,3
172458,"Peanut butter, smooth, reduced fat",25.9,34.0,35.65,520.0,1.2,5.2,369.0,669.0,540.0,9.28,usda,3
172459,"Peanut butter, smooth, vitamin and mineral fortified",25.72,50.81,18.75,591.0,1.47,5.6,368.0,667.0,420.0,10.47,usda,3
172460,"Peanut butter, chunky, vitamin and mineral fortified",26.06,51.47,17.69,593.0,1.48,5.7,316.0,744.0,366.0,10.94,usda,3
172461,"MORI-NU, Tofu, silken, firm",6.9,2.7,2.4,62.0,87.4,0.1,90.0,194.0,36.0,1.27,usda,0
172462,"MORI-NU, Tofu, silken, extra firm",7.4,1.9,2.0,55.0,88.1,0.1,100.0,154.0,63.0,0.99,usda,0
172463,"MORI-NU, Tofu, silken, lite firm",6.3,0.8,1.1,37.0,91.4,0.0,81.0,63.0,85.0,0.45,usda,0
172464,"MORI-NU, Tofu, silken, lite extra firm",7.0,0.7,1.0,38.0,90.9,0.0,83.0,57.0,98.0,0.42,usda,0
172465,"Refried beans, canned, fat-free",5.34,0.45,13.5,79.0,78.69,4.7,111.0,344.0,350.0,0.61,usda,0
172466,"Frijoles rojos volteados (Refried beans, red, canned)",5.0,6.93,15.47,144.0,70.71,4.7,91.0,310.0,375.0,1.25,usda,3
172467,"Tempeh, cooked",19.91,11.38,7.62,195.0,59.56,0.2,253.0,401.0,14.0,1.25,usda,1
172469,"Peanut butter, chunk style, without salt",24.06,49.94,21.57,589.0,1.14,8.0,319.0,745.0,17.0,8.41,usda,3
172470,"Peanut butter, smooth style, without salt",22.21,51.36,22.31,598.0,1.23,5.0,335.0,558.0,17.0,10.49,usda,3
172471,"Peanut butter with omega-3, creamy",24.47,54.17,17.0,608.0,0.99,6.1,426.0,780.0,356.0,3.11,usda,3
172472,"Pigeon peas (red gram), mature seeds, cooked, boiled, with salt",6.76,0.38,23.25,121.0,68.55,6.7,119.0,384.0,241.0,1.25,usda,3
172473,"Soy sauce made from soy and wheat (shoyu), low sodium",9.05,0.3,5.59,57.0,75.14,0.7,166.0,352.0,3598.0,0.5,usda,1
172474,"Soy sauce, reduced sodium, made from hydrolyzed vegetable protein",8.19,0.31,14.44,90.0,63.33,0.3,89.0,3098.0,2890.0,5.63,usda,1
172475,"Tofu, raw, firm, prepared with calcium sulfate",17.27,8.72,2.78,144.0,69.83,2.3,190.0,237.0,14.0,1.25,usda,1
172476,"Tofu, raw, regular, prepared with calcium sulfate",8.08,4.78,1.87,76.0,84.55,0.3,97.0,121.0,7.0,0.62,usda,1
172477,"Winged beans, mature seeds, cooked, boiled, with salt",10.62,5.84,14.94,147.0,67.19,0.2,153.0,280.0,249.0,1.25,usda,1
172479,"Lamb, composite of trimmed retail cuts, separable lean and fat, trimmed to 1/4"" fat, choice, raw",16.88,21.59,0.0,267.0,60.7,0.0,160.0,230.0,58.0,1.25,usda,1
172480,"Lamb, composite of trimmed retail cuts, separable lean and fat, trimmed to 1/4"" fat, choice, cooked",24.52,20.94,0.0,294.0,53.72,0.0,188.0,310.0,72.0,0.0,usda,1
172481,"Lamb, foreshank, separable lean and fat, trimmed to 1/4"" fat, choice, raw",18.91,13.38,0.0,201.0,67.01,0.0,170.0,214.0,72.0,1.25,usda,1
172482,"Lamb, foreshank, separable lean and fat, trimmed to 1/4"" fat, choice, cooked, braised",28.37,13.46,0.0,243.0,56.8,0.0,166.0,257.0,72.0,0.0,usda,1
172483,"Lamb, foreshank, separable lean only, trimmed to 1/4"" fat, choice, raw",21.08,3.29,0.0,120.0,74.86,0.0,187.0,237.0,79.0,1.25,usda,1
172484,"Lamb, foreshank, separable lean only, trimmed to 1/4"" fat, choice, cooked, braised",31.01,6.02,0.0,187.0,61.79,0.0,175.0,267.0,74.0,1.25,usda,1
172485,"Lamb, leg, shank half, separable lean and fat, trimmed to 1/4"" fat, choice, cooked, roasted",26.41,12.45,0.0,225.0,60.66,0.0,198.0,326.0,65.0,1.25,usda,1
172486,"Lamb, leg, shank half, separable lean only, trimmed to 1/4"" fat, choice, raw",20.52,4.19,0.0,125.0,74.44,0.0,195.0,290.0,61.0,1.25,usda,1
172487,"Lamb, leg, shank half, separable lean only, trimmed to 1/4"" fat, choice, cooked, roasted",28.17,6.67,0.0,180.0,64.92,0.0,208.0,342.0,66.0,1.25,usda,1
172488,"Lamb, leg, sirloin half, separable lean and fat, trimmed to 1/4"" fat, choice, raw",16.94,22.11,0.0,272.0,60.3,0.0,159.0,231.0,56.0,1.25,usda,1
172489,"Lamb, loin, separable lean and fat, trimmed to 1/4"" fat, choice, cooked, broiled",25.17,23.08,0.0,316.0,51.57,0.0,196.0,327.0,77.0,0.0,usda,1
172490,"Lamb, loin, separable lean and fat, trimmed to 1/4"" fat, choice, cooked, roasted",22.55,23.59,0.0,309.0,52.5,0.0,180.0,246.0,64.0,0.0,usda,1
172491,"Lamb, loin, separable lean only, trimmed to 1/4"" fat, choice, raw",20.88,5.94,0.0,143.0,72.55,0.0,190.0,276.0,68.0,1.25,usda,1
172492,"Lamb, loin, separable lean only, trimmed to 1/4"" fat, choice, cooked, broiled",29.99,9.73,0.0,216.0,60.98,0.0,226.0,376.0,84.0,0.0,usda,1
172493,"Lamb, rib, separable lean only, trimmed to 1/4"" fat, choice, raw",19.98,9.23,0.0,169.0,70.44,0.0,181.0,265.0,72.0,1.25,usda,1
172494,"Lamb, rib, separable lean only, trimmed to 1/4"" fat, choice, cooked, broiled",27.74,12.95,0.0,235.0,58.83,0.0,213.0,313.0,85.0,0.0,usda,1
172495,"Lamb, rib, separable lean only, trimmed to 1/4"" fat, choice, cooked, roasted",26.16,13.31,0.0,232.0,60.13,0.0,195.0,315.0,81.0,1.25,usda,1
172496,"Lamb, shoulder, whole (arm and blade), separable lean and fat, trimmed to 1/4"" fat, choice, raw",16.58,21.45,0.0,264.0,61.39,0.0,158.0,230.0,61.0,0.0,usda,1
172497,"Lamb, shoulder, whole (arm and blade), separable lean and fat, trimmed to 1/4"" fat, choice, cooked, braised",28.68,24.55,0.0,344.0,45.2,0.0,186.0,248.0,75.0,1.25,usda,1
172498,"Lamb, shoulder, whole (arm and blade), separable lean only, trimmed to 1/4"" fat, choice, cooked, broiled",27.12,10.5,0.0,210.0,61.38,0.0,217.0,324.0,83.0,0.0,usda,1
172499,"Lamb, shoulder, whole (arm and blade), separable lean only, trimmed to 1/4"" fat, choice, cooked, roasted",24.94,10.77,0.0,204.0,63.32,0.0,200.0,265.0,68.0,0.0,usda,1
172500,"Lamb, shoulder, arm, separable lean and fat, trimmed to 1/4"" fat, choice, raw",16.79,20.9,0.0,260.0,61.76,0.0,159.0,238.0,60.0,1.25,usda,1
172501,"Lamb, shoulder, arm, separable lean and fat, trimmed to 1/4"" fat, choice, cooked, braised",30.39,24.0,0.0,346.0,44.22,0.0,206.0,306.0,72.0,1.25,usda,1
172502,"Lamb, shoulder, arm, separable lean only, trimmed to 1/4"" fat, choice, cooked, broiled",27.71,9.02,0.0,200.0,62.28,0.0,219.0,340.0,82.0,1.25,usda,1
172503,"Lamb, shoulder, arm, separable lean only, trimmed to 1/4"" fat, choice, cooked, roasted",25.46,9.26,0.0,192.0,64.32,0.0,202.0,277.0,67.0,1.25,usda,1
172504,"Lamb, shoulder, blade, separable lean and fat, trimmed to 1/4"" fat, choice, raw",16.63,20.86,0.0,259.0,61.9,0.0,160.0,229.0,62.0,1.25,usda,1
172505,"Lamb, shoulder, blade, separable lean and fat, trimmed to 1/4"" fat, choice, cooked, braised",28.51,24.73,0.0,345.0,45.18,0.0,185.0,243.0,75.0,1.25,usda,1
172506,"Lamb, shoulder, blade, separable lean only, trimmed to 1/4"" fat, choice, cooked, broiled",25.48,11.32,0.0,211.0,62.46,0.0,216.0,368.0,88.0,1.25,usda,1
172507,"Lamb, shoulder, blade, separable lean only, trimmed to 1/4"" fat, choice, cooked, roasted",24.61,11.57,0.0,209.0,62.82,0.0,199.0,258.0,68.0,1.25,usda,1
172508,"Lamb, cubed for stew or kabob (leg and shoulder), separable lean only, trimmed to 1/4"" fat, raw",20.21,5.28,0.0,134.0,73.74,0.0,189.0,284.0,65.0,1.25,usda,1
172509,"Lamb, cubed for stew or kabob (leg and shoulder), separable lean only, trimmed to 1/4"" fat, cooked, braised",33.69,8.8,0.0,223.0,56.23,0.0,205.0,260.0,70.0,0.0,usda,1
172510,"Lamb, cubed for stew or kabob (leg and shoulder), separable lean only, trimmed to 1/4"" fat, cooked, broiled",28.08,7.33,0.0,186.0,63.53,0.0,224.0,335.0,76.0,1.25,usda,1
172511,"Lamb, New Zealand, imported, frozen, composite of trimmed retail cuts, separable fat, raw",6.92,67.63,0.0,640.0,25.56,0.0,86.0,51.0,22.0,1.25,usda,1
172512,"Lamb, New Zealand, imported, frozen, composite of trimmed retail cuts, separable fat, cooked",9.72,60.39,0.0,586.0,26.12,0.0,135.0,87.0,35.0,1.25,usda,1
172513,"Lamb, New Zealand, imported, fore-shank, separable lean and fat, raw",20.09,11.38,0.09,183.0,68.69,0.0,157.0,286.0,76.0,0.0,usda,1
172514,"Lamb, New Zealand, imported, fore-shank, separable lean and fat, cooked, braised",30.35,14.99,0.03,256.0,55.58,0.0,165.0,250.0,74.0,0.0,usda,1
172515,"Lamb, New Zealand, imported, leg chop/steak, bone-in, separable lean only, raw",21.1,4.64,0.0,126.0,74.35,0.0,198.0,350.0,64.0,0.0,usda,1
172516,"Lamb, New Zealand, imported, frozen, leg, whole (shank and sirloin), separable lean only, cooked, roasted",27.68,7.01,0.0,181.0,63.92,0.0,234.0,183.0,45.0,1.25,usda,1
172517,"Lamb, New Zealand, imported, loin chop, separable lean and fat, raw",15.4,26.19,0.22,298.0,56.89,0.0,149.0,262.0,63.0,0.0,usda,1
172518,"Game meat, muskrat, raw",20.76,8.1,0.0,162.0,69.35,0.0,220.0,276.0,82.0,1.25,usda,1
172519,"Game meat, muskrat, cooked, roasted",30.09,11.74,0.0,234.0,55.58,0.0,271.0,320.0,95.0,1.25,usda,1
172520,"Game meat, opossum, cooked, roasted",30.2,10.2,0.0,221.0,58.3,0.0,278.0,438.0,58.0,0.0,usda,1
172521,"Game meat, rabbit, domesticated, composite of cuts, raw",20.05,5.55,0.0,136.0,72.82,0.0,213.0,330.0,41.0,1.25,usda,1
172522,"Game meat, rabbit, domesticated, composite of cuts, cooked, roasted",29.06,8.05,0.0,197.0,60.61,0.0,263.0,383.0,47.0,1.25,usda,1
172523,"Game meat, squirrel, raw",21.23,3.21,0.0,120.0,73.83,0.0,172.0,304.0,103.0,1.25,usda,1
172524,"Game meat, squirrel, cooked, roasted",30.77,4.69,0.0,173.0,62.07,0.0,211.0,352.0,119.0,0.0,usda,1
172525,"Lamb, variety meats and by-products, brain, raw",10.4,8.58,0.0,122.0,79.2,0.0,270.0,296.0,112.0,1.25,usda,1
172526,"Lamb, variety meats and by-products, brain, cooked, braised",12.55,10.17,0.0,145.0,75.73,0.0,337.0,205.0,134.0,1.25,usda,1
172527,"Lamb, variety meats and by-products, heart, raw",16.47,5.68,0.21,122.0,76.71,0.0,175.0,316.0,89.0,1.25,usda,1
172528,"Lamb, variety meats and by-products, heart, cooked, braised",24.97,7.91,1.93,185.0,64.2,0.0,254.0,188.0,63.0,1.25,usda,1
172529,"Veal, variety meats and by-products, heart, raw",17.18,3.98,0.08,110.0,77.69,0.0,211.0,261.0,77.0,1.25,usda,1
172530,"Veal, variety meats and by-products, heart, cooked, braised",29.12,6.75,0.13,186.0,62.18,0.0,250.0,199.0,58.0,1.25,usda,1
172531,"Lamb, variety meats and by-products, liver, raw",20.38,5.02,1.78,139.0,71.37,0.0,364.0,313.0,70.0,1.25,usda,1
172532,"Lamb, variety meats and by-products, liver, cooked, braised",30.57,8.81,2.53,220.0,56.67,0.0,420.0,221.0,56.0,1.25,usda,1
172533,"Lamb, variety meats and by-products, liver, cooked, pan-fried",25.53,12.65,3.78,238.0,56.2,0.0,427.0,352.0,124.0,1.25,usda,1
172534,"Veal, variety meats and by-products, liver, raw",19.93,4.85,2.91,140.0,70.89,0.0,379.0,308.0,77.0,0.0,usda,1
172535,"Veal, variety meats and by-products, liver, cooked, braised",28.42,6.26,3.77,192.0,59.86,0.0,460.0,329.0,78.0,0.0,usda,1
172536,"Veal, variety meats and by-products, lungs, cooked, braised",18.74,2.64,0.0,104.0,77.59,0.0,232.0,142.0,56.0,1.25,usda,1
172537,"Lamb, variety meats and by-products, mechanically separated, raw",14.97,23.54,0.0,276.0,58.68,0.0,337.0,288.0,59.0,1.25,usda,1
172538,"Lamb, variety meats and by-products, pancreas, raw",14.84,9.82,0.0,152.0,73.77,0.0,400.0,420.0,75.0,1.25,usda,1
172539,"Lamb, variety meats and by-products, pancreas, cooked, braised",22.83,15.12,0.0,234.0,59.65,0.0,431.0,291.0,52.0,1.25,usda,1
172540,"Veal, variety meats and by-products, spleen, raw",18.3,2.2,0.0,98.0,78.15,0.0,339.0,362.0,97.0,1.25,usda,1
172541,"Veal, variety meats and by-products, spleen, cooked, braised",24.08,2.89,0.0,129.0,71.25,0.0,312.0,215.0,58.0,1.25,usda,1
172542,"Veal, variety meats and by-products, thymus, raw",17.21,3.07,0.0,101.0,79.16,0.0,533.0,488.0,67.0,0.0,usda,1
172543,"Veal, variety meats and by-products, thymus, cooked, braised",22.67,3.11,0.0,125.0,73.63,0.0,627.0,435.0,59.0,0.0,usda,1
172544,"Lamb, ground, cooked, broiled",24.75,19.65,0.0,283.0,55.09,0.0,201.0,339.0,81.0,0.0,usda,1
172545,"Lamb, composite of trimmed retail cuts, separable lean and fat, trimmed to 1/8"" fat, choice, raw",17.54,18.66,0.0,243.0,63.17,0.0,166.0,239.0,59.0,1.25,usda,1
172546,"Lamb, composite of trimmed retail cuts, separable lean and fat, trimmed to 1/8"" fat, choice, cooked",25.51,18.01,0.0,271.0,55.82,0.0,193.0,318.0,72.0,1.25,usda,1
172547,"Lamb, foreshank, separable lean and fat, trimmed to 1/8"" fat, choice, raw",18.91,13.38,0.0,201.0,67.01,0.0,170.0,214.0,72.0,1.25,usda,1
172548,"Lamb, leg, shank half, separable lean and fat, trimmed to 1/8"" fat, choice, cooked, roasted",26.73,11.4,0.0,217.0,61.43,0.0,200.0,329.0,65.0,1.25,usda,1
172549,"Lamb, leg, sirloin half, separable lean and fat, trimmed to 1/8"" fat, choice, raw",17.21,20.8,0.0,261.0,61.32,0.0,161.0,235.0,56.0,1.25,usda,1
172550,"Lamb, leg, sirloin half, separable lean and fat, trimmed to 1/8"" fat, choice, cooked, roasted",24.95,19.67,0.0,284.0,54.85,0.0,185.0,304.0,68.0,1.25,usda,1
172551,"Lamb, loin, separable lean and fat, trimmed to 1/8"" fat, choice, raw",17.18,22.75,0.0,279.0,59.55,0.0,159.0,226.0,59.0,1.25,usda,1
172552,"Lamb, rib, separable lean and fat, trimmed to 1/8"" fat, choice, cooked, roasted",21.82,27.53,0.0,341.0,49.59,0.0,170.0,277.0,74.0,1.25,usda,1
172553,"Lamb, shoulder, whole (arm and blade), separable lean and fat, trimmed to 1/8"" fat, choice, raw",17.07,18.96,0.0,244.0,63.36,0.0,163.0,237.0,63.0,1.25,usda,1
172554,"Lamb, shoulder, whole (arm and blade), separable lean and fat, trimmed to 1/8"" fat, choice, cooked, braised",29.46,23.57,0.0,338.0,45.46,0.0,193.0,261.0,74.0,1.25,usda,1
172555,"Lamb, shoulder, whole (arm and blade), separable lean and fat, trimmed to 1/8"" fat, choice, cooked, broiled",23.84,18.39,0.0,268.0,56.7,0.0,201.0,335.0,82.0,1.25,usda,1
172556,"Lamb, shoulder, blade, separable lean and fat, trimmed to 1/8"" fat, choice, raw",17.01,18.97,0.0,244.0,63.39,0.0,163.0,234.0,63.0,1.25,usda,1
172557,"Lamb, shoulder, blade, separable lean and fat, trimmed to 1/8"" fat, choice, cooked, braised",28.92,23.88,0.0,339.0,45.65,0.0,187.0,244.0,75.0,1.25,usda,1
172558,"Lamb, shoulder, blade, separable lean and fat, trimmed to 1/8"" fat, choice, cooked, broiled",23.48,18.5,0.0,267.0,57.01,0.0,201.0,341.0,83.0,1.25,usda,1
172559,"Lamb, shoulder, blade, separable lean and fat, trimmed to 1/8"" fat, choice, cooked, roasted",22.62,19.19,0.0,270.0,56.95,0.0,185.0,248.0,67.0,1.25,usda,1
172560,"Lamb, New Zealand, imported, frozen, leg, whole (shank and sirloin), separable lean and fat, trimmed to 1/8"" fat, raw",18.76,13.37,0.0,201.0,67.05,0.0,189.0,160.0,41.0,1.25,usda,1
172561,"Lamb, New Zealand, imported, frozen, leg, whole (shank and sirloin), separable lean and fat, trimmed to 1/8"" fat, cooked, roasted",25.34,13.95,0.0,234.0,59.01,0.0,221.0,170.0,44.0,1.25,usda,1
172562,"Lamb, New Zealand, imported, frozen, loin, separable lean and fat, trimmed to 1/8"" fat, raw",17.18,22.1,0.0,273.0,59.95,0.0,170.0,128.0,39.0,1.25,usda,1
172563,"Lamb, New Zealand, imported, frozen, loin, separable lean and fat, trimmed to 1/8"" fat, cooked, broiled",24.41,21.28,0.0,296.0,52.17,0.0,213.0,164.0,50.0,1.25,usda,1
172564,"Game meat, bison, top sirloin, separable lean only, trimmed to 0"" fat, raw",21.4,2.4,0.0,113.0,74.4,0.2,203.0,335.0,51.0,1.25,usda,1
172565,"Game meat, bison, ribeye, separable lean only, trimmed to 0"" fat, raw",22.1,2.4,0.0,116.0,74.0,0.2,198.0,344.0,48.0,1.25,usda,1
172566,"Game meat, bison, shoulder clod, separable lean only, trimmed to 0"" fat, raw",21.1,2.1,0.0,109.0,75.4,0.2,189.0,322.0,59.0,1.25,usda,1
172567,"Veal, breast, separable fat, cooked",9.4,53.35,0.0,521.0,36.15,0.0,102.0,181.0,49.0,1.25,usda,1
172568,"Veal, shank (fore and hind), separable lean and fat, raw",19.15,3.48,0.0,113.0,76.92,0.2,191.0,314.0,84.0,1.25,usda,1
172569,"Veal, shank (fore and hind), separable lean and fat, cooked, braised",31.54,6.2,0.0,191.0,61.74,0.2,225.0,305.0,93.0,1.25,usda,1
172570,"Veal, shank (fore and hind), separable lean only, raw",19.28,2.83,0.0,108.0,77.45,0.2,192.0,316.0,85.0,1.25,usda,1
172571,"Veal, shank (fore and hind), separable lean only, cooked, braised",32.22,4.33,0.0,177.0,62.98,0.0,228.0,309.0,94.0,1.25,usda,1
172572,"Lamb, Australian, imported, fresh, separable fat, raw",6.27,68.87,0.0,648.0,25.08,0.2,71.0,112.0,33.0,1.25,usda,1
172573,"Lamb, Australian, imported, fresh, separable fat, cooked",9.42,66.4,0.0,639.0,24.0,0.2,114.0,179.0,51.0,1.25,usda,1
172574,"Lamb, Australian, imported, fresh, foreshank, separable lean and fat, trimmed to 1/8"" fat, raw",18.85,12.68,0.0,195.0,68.31,0.2,158.0,270.0,96.0,1.25,usda,1
172575,"Lamb, Australian, imported, fresh, foreshank, separable lean and fat, trimmed to 1/8"" fat, cooked, braised",24.78,14.44,0.0,236.0,60.47,0.2,167.0,244.0,93.0,1.25,usda,1
172576,"Lamb, Australian, imported, fresh, leg, whole (shank and sirloin), separable lean only, trimmed to 1/8"" fat, raw",20.46,5.23,0.0,135.0,73.98,0.2,192.0,329.0,81.0,1.25,usda,1
172577,"Lamb, Australian, imported, fresh, leg, whole (shank and sirloin), separable lean only, trimmed to 1/8"" fat, cooked, roasted",27.31,8.1,0.0,190.0,64.54,0.2,214.0,326.0,72.0,1.25,usda,1
172578,"Lamb, Australian, imported, fresh, leg, shank half, separable lean and fat, trimmed to 1/8"" fat, raw",18.59,13.48,0.0,201.0,67.64,0.2,176.0,301.0,75.0,1.25,usda,1
172579,"Lamb, Australian, imported, fresh, leg, shank half, separable lean and fat, trimmed to 1/8"" fat, cooked, roasted",25.25,13.69,0.0,231.0,60.82,0.2,203.0,313.0,67.0,1.25,usda,1
172580,"Lamb, Australian, imported, fresh, leg, shank half, separable lean only, trimmed to 1/8"" fat, raw",20.45,5.1,0.0,133.0,74.08,0.2,191.0,329.0,81.0,1.25,usda,1
172581,"Lamb, Australian, imported, fresh, leg, sirloin half, boneless, separable lean only, trimmed to 1/8"" fat, cooked, roasted",27.75,10.65,0.0,215.0,62.18,0.2,214.0,318.0,83.0,1.25,usda,1
172582,"Lamb, Australian, imported, fresh, leg, sirloin chops, boneless, separable lean and fat, trimmed to 1/8"" fat, raw",18.33,14.38,0.0,208.0,66.86,0.2,192.0,308.0,59.0,1.25,usda,1
172583,"Lamb, Australian, imported, fresh, leg, sirloin chops, boneless, separable lean and fat, trimmed to 1/8"" fat, cooked, broiled",25.75,13.83,0.0,235.0,59.95,0.2,224.0,336.0,64.0,1.25,usda,1
172584,"Lamb, Australian, imported, fresh, leg, sirloin chops, boneless, separable lean only, trimmed to 1/8"" fat, raw",20.43,4.91,0.0,132.0,74.13,0.2,214.0,342.0,64.0,1.25,usda,1
172585,"Lamb, Australian, imported, fresh, leg, center slice, bone-in, separable lean only, trimmed to 1/8"" fat, cooked, broiled",26.75,7.68,0.0,183.0,64.85,0.2,237.0,354.0,66.0,1.25,usda,1
172586,"Lamb, Australian, imported, fresh, loin, separable lean and fat, trimmed to 1/8"" fat, raw",19.32,13.38,0.0,203.0,66.8,0.2,185.0,302.0,70.0,1.25,usda,1
172587,"Lamb, Australian, imported, fresh, loin, separable lean and fat, trimmed to 1/8"" fat, cooked, broiled",25.49,12.25,0.0,219.0,62.0,0.2,214.0,331.0,78.0,1.25,usda,1
172588,"Lamb, Australian, imported, fresh, loin, separable lean only, trimmed to 1/8"" fat, raw",21.0,6.24,0.0,146.0,72.17,0.2,199.0,327.0,75.0,1.25,usda,1
172589,"Lamb, Australian, imported, fresh, rib chop, frenched, bone-in, separable lean only, trimmed to 1/8"" fat, cooked, grilled",32.16,11.68,0.0,234.0,56.33,0.0,216.0,320.0,85.0,0.0,usda,1
172590,"Lamb, Australian, imported, fresh, shoulder, whole (arm and blade), separable lean and fat, trimmed to 1/8"" fat, raw",16.68,20.47,0.0,256.0,62.7,0.2,156.0,267.0,76.0,1.25,usda,1
172591,"Lamb, Australian, imported, fresh, shoulder, whole (arm and blade), separable lean and fat, trimmed to 1/8"" fat, cooked",23.58,21.65,0.0,296.0,55.31,0.2,183.0,288.0,85.0,1.25,usda,1
172592,"Lamb, Australian, imported, fresh, shoulder, whole (arm and blade), separable lean only,   trimmed to 1/8"" fat, raw",19.36,8.01,0.0,155.0,72.39,0.2,178.0,306.0,88.0,1.25,usda,1
172593,"Lamb, Australian, imported, fresh, shoulder, whole (arm and blade), separable lean only, trimmed to 1/8"" fat, cooked",26.18,13.44,0.0,233.0,61.05,0.2,195.0,308.0,91.0,1.25,usda,1
172594,"Lamb, Australian, imported, fresh, shoulder, blade, separable lean and fat, trimmed to 1/8"" fat, raw",16.48,21.28,0.0,262.0,62.13,0.2,150.0,260.0,78.0,1.25,usda,1
172595,"Lamb, Australian, imported, fresh, shoulder, blade, separable lean and fat, trimmed to 1/8"" fat, cooked, broiled",21.71,22.03,0.0,291.0,56.63,0.2,177.0,295.0,88.0,1.25,usda,1
172596,"Lamb, Australian, imported, fresh, shoulder, blade, separable lean only, trimmed to 1/8"" fat, raw",19.1,9.09,0.0,164.0,71.62,0.2,170.0,298.0,90.0,1.25,usda,1
172597,"Lamb, Australian, imported, fresh, shoulder ,blade, separable lean only, trimmed to 1/8"" fat, cooked, broiled",23.83,14.38,0.0,231.0,62.25,0.2,188.0,315.0,94.0,1.25,usda,1
172598,"Game meat, bison, chuck, shoulder clod, separable lean only, raw",21.12,3.15,0.0,119.0,75.5,0.0,213.0,353.0,62.0,0.0,usda,1
172599,"Game meat, bison, ribeye, separable lean only, 1"" steak, cooked, broiled",29.45,5.67,0.0,177.0,64.48,0.0,238.0,371.0,52.0,0.0,usda,1
172600,"Game meat, bison, top round, separable lean only, 1"" steak, cooked, broiled",30.18,4.96,0.0,174.0,65.08,0.0,257.0,382.0,41.0,0.0,usda,1
172601,"Game meat, bison, top round, separable lean only, 1"" steak, raw",23.32,2.43,0.0,122.0,73.95,0.0,237.0,390.0,47.0,0.0,usda,1
172602,"Game meat, deer, ground, raw",21.78,7.13,0.0,157.0,71.15,0.0,201.0,330.0,75.0,0.0,usda,1
172603,"Game meat, deer, ground, cooked, pan-broiled",26.45,8.22,0.0,187.0,64.23,0.0,228.0,364.0,78.0,0.0,usda,1
172604,"Game meat, deer, loin, separable lean only, 1"" steak, cooked, broiled",30.2,2.38,0.0,150.0,67.07,0.0,277.0,398.0,57.0,0.0,usda,1
172605,"Game meat, deer, shoulder clod, separable lean only, cooked, braised",36.28,3.95,0.0,191.0,59.78,0.0,261.0,313.0,52.0,0.0,usda,1
172609,"Lamb, New Zealand, imported, Intermuscular fat, cooked",8.53,62.44,0.0,596.0,29.57,0.0,118.0,198.0,52.0,0.0,usda,1
172610,"Lamb, New Zealand, imported, breast, separable lean only, cooked, braised",28.16,17.53,0.0,270.0,54.77,0.0,152.0,183.0,86.0,0.0,usda,1
172611,"Lamb, New Zealand, imported, breast, separable lean only, raw",18.31,7.98,1.02,149.0,71.69,0.0,180.0,293.0,107.0,0.0,usda,1
172612,"Lamb, New Zealand, imported, chump, boneless, separable lean only, cooked, fast roasted",23.69,5.27,0.0,142.0,70.59,0.0,205.0,339.0,61.0,0.0,usda,1
172613,"Lamb, New Zealand, imported, subcutaneous fat, cooked",5.24,72.28,0.62,674.0,21.77,0.0,84.0,164.0,43.0,0.0,usda,1
172614,"Lamb, New Zealand, imported, liver, cooked, soaked and fried",25.8,6.56,1.48,168.0,64.6,0.0,459.0,287.0,59.0,0.0,usda,1
172615,"Lamb, New Zealand, imported, liver, raw",20.7,4.92,2.22,136.0,70.8,0.0,381.0,285.0,59.0,0.0,usda,1
172616,"Lamb, New Zealand, imported, ground lamb, cooked, braised",22.6,11.34,0.0,192.0,66.59,0.0,122.0,162.0,34.0,0.0,usda,1
172617,"Lamb, New Zealand, imported, ground lamb, raw",20.33,12.41,0.0,193.0,69.29,0.0,156.0,281.0,57.0,0.0,usda,1
172618,"Lamb, New Zealand, imported, testes, cooked, soaked and fried",21.01,4.56,0.0,125.0,73.96,0.0,302.0,265.0,118.0,0.0,usda,1
172619,"Lamb, New Zealand, imported, testes, raw",11.4,2.38,0.14,68.0,85.01,0.0,179.0,265.0,119.0,0.0,usda,1
172620,"Lamb, New Zealand, imported, tongue - swiss cut, cooked, soaked and simmered",17.51,22.04,0.86,272.0,58.74,0.0,143.0,132.0,52.0,0.0,usda,1
172621,"Lamb, New Zealand, imported, tongue - swiss cut, raw",14.27,18.61,0.0,225.0,66.5,0.0,142.0,207.0,77.0,0.0,usda,1
172622,"Lamb, New Zealand, imported, tenderloin, separable lean only, cooked, fast fried",27.94,4.81,0.0,155.0,66.43,0.0,268.0,433.0,59.0,0.0,usda,1
172623,"Lamb, New Zealand, imported, tenderloin, separable lean only, raw",20.53,3.81,0.0,116.0,74.35,0.0,222.0,381.0,49.0,0.0,usda,1
172624,"Lamb, New Zealand, imported, loin saddle, separable lean only, cooked, fast roasted",25.53,6.7,0.0,162.0,68.3,0.0,205.0,345.0,76.0,0.0,usda,1
172625,"Lamb, New Zealand, imported, loin saddle, separable lean only, raw",20.86,5.32,0.0,131.0,73.5,0.0,193.0,356.0,75.0,0.0,usda,1
172626,"Lamb, New Zealand, imported, neck chops, separable lean only, cooked, braised",31.4,15.36,0.0,264.0,54.64,0.0,194.0,289.0,97.0,0.0,usda,1
172627,"Lamb, New Zealand, imported, netted shoulder, rolled, boneless, separable lean only, cooked, slow roasted",25.14,10.91,0.0,199.0,64.22,0.0,197.0,337.0,65.0,0.0,usda,1
172628,"Lamb, New Zealand, imported, netted shoulder, rolled, boneless, separable lean only, raw",20.2,6.88,0.0,143.0,72.9,0.0,175.0,325.0,65.0,0.0,usda,1
172629,"Lamb, New Zealand, imported, rack - fully frenched, separable lean only, cooked, fast roasted",24.39,8.38,0.0,173.0,66.7,0.0,200.0,330.0,67.0,0.0,usda,1
172630,"Lamb, New Zealand, imported, flap, boneless, separable lean and fat, cooked, braised",20.48,32.63,0.14,376.0,47.82,0.0,122.0,182.0,51.0,0.0,usda,1
172631,"Lamb, New Zealand, imported, flap, boneless, separable lean and fat, raw",16.17,30.14,0.27,337.0,54.39,0.0,129.0,240.0,69.0,0.0,usda,1
172632,"Lamb, New Zealand, imported, hind-shank, separable lean and fat, cooked, braised",29.59,14.22,0.04,247.0,56.87,0.0,170.0,249.0,69.0,0.0,usda,1
172633,"Lamb, New Zealand, imported, hind-shank, separable lean and fat, raw",18.39,12.12,0.73,186.0,67.84,0.0,168.0,299.0,76.0,0.0,usda,1
172634,"Lamb, New Zealand, imported, loin, boneless, separable lean and fat, cooked, fast roasted",28.96,4.57,0.0,157.0,66.64,0.0,234.0,355.0,57.0,0.0,usda,1
172635,"Lamb, New Zealand, imported, loin, boneless, separable lean and fat, raw",21.44,3.99,0.0,122.0,74.37,0.0,217.0,368.0,60.0,0.0,usda,1
172636,"Lamb, New Zealand, imported, neck chops, separable lean and fat, cooked, braised",28.53,21.43,0.03,307.0,51.28,0.0,183.0,276.0,91.0,0.0,usda,1
172637,"Lamb, New Zealand, imported, neck chops, separable lean and fat, raw",17.43,17.9,0.14,231.0,64.7,0.0,156.0,290.0,73.0,0.0,usda,1
172638,"Lamb, New Zealand, imported, netted shoulder, rolled, boneless, separable lean and fat, cooked, slow roasted",21.45,22.33,0.05,287.0,56.45,0.0,178.0,305.0,61.0,0.0,usda,1
172639,"Lamb, New Zealand, imported, tenderloin, separable lean and fat, cooked, fast fried",27.87,5.0,0.0,157.0,66.31,0.0,268.0,432.0,59.0,0.0,usda,1
172640,"Lamb, New Zealand, imported, rack - fully frenched, separable lean and fat, cooked, fast roasted",23.56,11.2,0.01,195.0,64.76,0.0,195.0,323.0,67.0,0.0,usda,1
172641,"Lamb, New Zealand, imported, rack - fully frenched, separable lean and fat, raw",19.88,9.96,0.05,169.0,69.53,0.0,186.0,324.0,62.0,0.0,usda,1
172642,"Lamb, New Zealand, imported, tunnel-boned leg, chump off, shank off, separable lean and fat, cooked, slow roasted",23.41,12.68,0.03,208.0,63.79,0.0,201.0,349.0,61.0,0.0,usda,1
172643,"Veal, leg, top round, cap off, cutlet, boneless, raw",22.07,2.07,0.0,107.0,75.2,0.0,212.0,273.0,86.0,0.0,usda,1
172644,"Veal, loin, chop, separable lean only, cooked, grilled",29.75,4.44,0.07,159.0,64.65,0.0,214.0,239.0,85.0,0.0,usda,1
172645,"Veal, shank, separable lean only, raw",19.77,1.64,0.0,94.0,77.96,0.0,212.0,163.0,109.0,0.0,usda,1
172646,"Veal, foreshank, osso buco, separable lean only, cooked, braised",29.12,4.51,0.0,157.0,63.28,0.0,218.0,205.0,90.0,0.0,usda,1
172647,"Veal, seam fat only, cooked",11.16,50.17,2.11,505.0,35.99,0.0,152.0,155.0,87.0,0.0,usda,1
172648,"Veal, shank, separable lean and fat, raw",19.28,3.3,0.0,107.0,75.85,0.0,207.0,162.0,107.0,0.0,usda,1
172649,"Veal, foreshank, osso buco, separable lean and fat, cooked, braised",27.94,7.77,0.11,182.0,61.3,0.0,214.0,201.0,90.0,0.0,usda,1
172650,"Veal, loin, chop, separable lean and fat, cooked, grilled",28.04,9.48,0.16,198.0,61.41,0.0,208.0,229.0,86.0,0.0,usda,1
172651,"Veal, shoulder, blade chop, separable lean and fat, cooked, grilled",25.72,10.57,0.15,199.0,62.96,0.0,242.0,235.0,111.0,0.0,usda,1
172652,"Lamb, Australian, imported, fresh, tenderloin, boneless, separable lean only, trimmed to 1/8"" fat, raw",23.42,4.73,0.0,136.0,72.45,0.0,210.0,311.0,73.0,0.0,usda,1
172653,"Lamb, Australian, imported, fresh, leg, bottom, boneless, separable lean only, trimmed to 1/8"" fat, raw",22.28,5.24,0.0,136.0,72.94,0.0,174.0,231.0,83.0,0.0,usda,1
172654,"Lamb, Australian, imported, fresh, leg, trotter off, bone-in, separable lean only, trimmed to 1/8"" fat, cooked, roasted",32.08,9.59,0.0,215.0,58.24,0.0,215.0,308.0,80.0,0.0,usda,1
172655,"Lamb, Australian, imported, fresh, leg, trotter off, bone-in, separable lean only, trimmed to 1/8"" fat, raw",23.11,4.33,0.0,131.0,73.02,0.0,167.0,238.0,77.0,0.0,usda,1
172656,"Lamb, Australian, imported, fresh, seam fat, cooked",13.81,54.72,1.55,554.0,29.25,0.0,112.0,164.0,53.0,0.0,usda,1
172657,"Lamb, Australian, imported, fresh, seam fat, raw",15.65,44.01,0.0,459.0,40.32,0.0,71.0,126.0,55.0,0.0,usda,1
172658,"Lamb, Australian, imported, fresh, leg, bottom, boneless, separable lean and fat, trimmed to 1/8"" fat, cooked, roasted",27.54,12.04,0.0,219.0,60.91,0.0,191.0,279.0,69.0,0.0,usda,1
172659,"Lamb, Australian, imported, fresh, leg, bottom, boneless, separable lean and fat, trimmed to 1/8"" fat, raw",20.97,11.43,0.0,187.0,67.93,0.0,161.0,218.0,80.0,0.0,usda,1
172660,"Lamb, Australian, imported, fresh, tenderloin, boneless, separable lean and fat, trimmed to 1/8"" fat, raw",23.23,5.52,0.0,143.0,71.83,0.0,208.0,308.0,73.0,0.0,usda,1
172661,"Lamb, Australian, imported, fresh, rib chop, frenched, denuded, bone-in, separable lean only, trimmed to 0"" fat, cooked, grilled",33.17,11.5,0.0,236.0,55.36,0.0,220.0,294.0,85.0,0.0,usda,1
172662,"Lamb, Australian, imported, fresh, rack, roast, frenched, denuded, bone-in, separable lean and fat, trimmed to 0"" fat, cooked, roasted",25.95,9.91,0.0,193.0,64.15,0.0,166.0,227.0,71.0,0.0,usda,1
172663,"Lamb, Australian, imported, fresh, rack, roast, frenched, bone-in, separable lean and fat, trimmed to 1/8"" fat, cooked, roasted",25.96,20.77,0.0,291.0,53.33,0.0,166.0,228.0,65.0,0.0,usda,1
172664,"Bagels, cinnamon-raisin",9.8,1.7,55.2,274.0,32.0,2.3,100.0,148.0,407.0,5.98,usda,3
172665,"Bagels, cinnamon-raisin, toasted",10.6,1.8,59.3,294.0,26.9,2.5,83.0,163.0,370.0,6.43,usda,3
172666,"Bagels, oat bran",10.7,1.2,53.3,255.0,32.9,3.6,110.0,115.0,590.0,1.63,usda,3
172667,"Biscuits, plain or buttermilk, frozen, baked",6.2,11.03,53.87,338.0,26.7,1.3,430.0,224.0,942.0,3.48,usda,3
172668,"Biscuits, plain or buttermilk, refrigerated dough, higher fat",6.66,10.58,46.32,307.0,33.15,0.7,470.0,162.0,977.0,7.4,usda,3
172669,"Biscuits, plain or buttermilk, refrigerated dough, higher fat, baked",6.79,11.22,49.05,324.0,29.69,2.8,446.0,152.0,1002.0,8.19,usda,3
172670,"Biscuits, plain or buttermilk, prepared from recipe",7.0,16.3,44.6,353.0,28.9,1.5,164.0,121.0,580.0,2.18,usda,3
172671,"Biscuits, mixed grain, refrigerated dough",6.1,5.6,47.4,263.0,37.8,0.2,236.0,456.0,670.0,1.25,usda,3
172672,"Bread, cracked-wheat",8.7,3.9,49.5,260.0,35.8,5.5,153.0,177.0,538.0,1.25,usda,3
172673,"Bread, egg",9.5,6.0,47.8,287.0,34.7,2.3,106.0,115.0,380.0,1.78,usda,3
172674,"Bread, egg, toasted",10.5,6.6,52.6,315.0,28.3,2.5,117.0,126.0,417.0,1.94,usda,3
172675,"Bread, french or vienna (includes sourdough)",10.75,2.42,51.88,272.0,33.0,2.2,105.0,117.0,602.0,4.62,usda,3
172676,"Bread, oat bran",10.4,4.4,39.8,236.0,44.0,4.5,141.0,147.0,353.0,7.7,usda,3
172677,"Bread, oat bran, toasted",11.4,4.8,43.7,259.0,38.5,4.9,116.0,123.0,387.0,8.46,usda,3
172678,"Bread, oatmeal",8.4,4.4,48.5,269.0,36.7,4.0,126.0,142.0,447.0,8.14,usda,3
172679,"Bread, oatmeal, toasted",9.2,4.8,52.7,292.0,31.2,4.3,137.0,154.0,486.0,8.84,usda,3
172680,"Bread, raisin, enriched",7.9,4.4,52.3,274.0,33.6,4.3,109.0,227.0,347.0,5.68,usda,3
172681,"Bread, raisin, enriched, toasted",8.6,4.8,56.9,297.0,27.8,4.7,118.0,246.0,377.0,6.18,usda,3
172682,"Bread, reduced-calorie, oat bran",8.0,3.2,41.3,201.0,46.0,12.0,139.0,102.0,459.0,3.52,usda,3
172683,"Bread, reduced-calorie, oat bran, toasted",9.5,3.8,49.2,239.0,35.7,14.3,144.0,122.0,547.0,4.2,usda,3
172684,"Bread, rye",8.5,3.3,48.3,259.0,37.3,5.8,125.0,166.0,603.0,3.85,usda,3
172685,"Bread, rye, toasted",9.4,3.6,53.1,284.0,31.0,6.4,138.0,183.0,664.0,4.23,usda,3
172686,"Bread, wheat",10.67,4.53,47.54,274.0,35.25,4.0,129.0,141.0,473.0,5.73,usda,3
172687,"Bread, wheat, toasted",12.96,4.27,55.77,313.0,24.23,4.7,188.0,223.0,601.0,6.42,usda,3
172688,"Bread, whole-wheat, commercially prepared",12.45,3.5,42.71,252.0,39.01,6.0,212.0,254.0,455.0,4.34,usda,3
172689,"Bread, whole-wheat, commercially prepared, toasted",16.27,4.07,51.16,306.0,24.25,7.5,303.0,326.0,565.0,5.77,usda,3
172690,"Bread, whole-wheat, prepared from recipe",8.4,5.4,51.4,278.0,32.7,6.0,187.0,314.0,346.0,3.84,usda,3
172691,"Bread, whole-wheat, prepared from recipe, toasted",9.2,5.9,56.4,305.0,26.0,6.7,205.0,345.0,381.0,4.22,usda,3
172692,"Bread, stuffing, cornbread, dry mix",10.0,4.2,76.7,389.0,4.6,14.3,113.0,204.0,1429.0,13.16,usda,3
172693,"Bread, stuffing, cornbread, dry mix, prepared",2.9,8.8,21.9,179.0,64.9,2.9,34.0,62.0,526.0,0.0,usda,0
172694,"Cake, angelfood, commercially prepared",5.9,0.8,57.8,258.0,33.2,1.5,324.0,93.0,749.0,1.25,usda,3
172695,"Cake, angelfood, dry mix, prepared",6.1,0.3,58.7,257.0,32.9,0.2,232.0,135.0,511.0,30.51,usda,3
172696,"Cake, boston cream pie, commercially prepared",2.4,8.5,42.9,252.0,45.4,1.4,49.0,39.0,254.0,36.11,usda,3
172697,"Cake, chocolate, prepared from recipe without frosting",5.3,15.1,53.4,371.0,24.4,1.6,106.0,140.0,315.0,1.25,usda,3
172698,"Cake, white, prepared from recipe with coconut frosting",4.4,10.3,63.2,356.0,20.7,1.0,70.0,99.0,284.0,57.39,usda,3
172699,"Cake, coffeecake, cheese",7.0,15.2,44.3,339.0,32.2,1.0,101.0,289.0,339.0,1.25,usda,3
172700,"Cake, coffeecake, cinnamon with crumb topping, commercially prepared, enriched",6.8,23.3,46.7,418.0,21.9,2.0,108.0,123.0,351.0,1.25,usda,3
172701,"Cake, gingerbread, dry mix",4.4,13.8,74.6,437.0,4.4,1.7,226.0,341.0,657.0,46.62,usda,3
172702,"Cake, gingerbread, prepared from recipe",3.9,16.4,49.2,356.0,28.0,0.2,54.0,439.0,327.0,1.25,usda,3
172703,"Cake, pineapple upside-down, prepared from recipe",3.5,12.1,50.5,319.0,32.3,0.8,82.0,112.0,319.0,1.25,usda,3
172704,"Cake, pound, commercially prepared, butter (includes fresh and frozen)",5.0,13.96,53.64,353.0,25.87,0.6,140.0,149.0,377.0,33.36,usda,3
172705,"Cake, white, dry mix, special dietary (includes lemon-flavored)",3.0,8.4,79.6,397.0,6.0,0.2,296.0,149.0,260.0,1.25,usda,3
172706,"Cake, sponge, commercially prepared",5.4,2.7,61.0,290.0,29.7,0.5,137.0,99.0,623.0,36.66,usda,3
172707,"Cake, sponge, prepared from recipe",7.3,4.3,57.7,297.0,29.4,0.2,100.0,141.0,228.0,1.25,usda,3
172708,"Cake, pudding-type, white, enriched, dry mix",3.9,9.5,80.9,423.0,3.5,0.7,277.0,72.0,665.0,48.95,usda,3
172709,"Cake, white, prepared from recipe without frosting",5.4,12.4,57.2,357.0,23.3,0.8,93.0,95.0,327.0,35.49,usda,3
172710,"Cake, yellow, prepared from recipe without frosting",5.3,14.6,53.0,361.0,25.1,0.7,117.0,91.0,343.0,1.25,usda,3
172711,"Cake, cheesecake, commercially prepared",5.5,22.5,25.5,321.0,45.6,0.4,93.0,90.0,438.0,21.8,usda,3
172712,"Cake, cheesecake, prepared from mix, no-bake type",5.5,12.7,35.5,274.0,44.2,1.9,234.0,211.0,380.0,1.25,usda,3
172713,"Cookies, brownies, commercially prepared",4.8,16.3,63.9,405.0,13.6,2.1,101.0,149.0,286.0,36.61,usda,3
172714,"Cookies, chocolate wafers",6.6,14.2,72.7,433.0,4.5,3.4,132.0,210.0,580.0,37.43,usda,3
172715,"Cookies, chocolate chip, commercially prepared, regular, lower fat",5.97,17.91,67.49,451.0,7.36,3.0,63.0,134.0,418.0,32.84,usda,3
172716,"Cookies, chocolate chip, commercially prepared, regular, higher fat, enriched",5.1,24.72,65.36,492.0,3.57,2.0,109.0,171.0,311.0,32.9,usda,3
172717,"Cookies, chocolate chip, commercially prepared, soft-type",3.63,19.77,65.75,444.0,9.88,1.8,61.0,130.0,276.0,37.1,usda,3
172718,"Cookies, chocolate sandwich, with creme filling, regular",5.21,19.14,71.0,464.0,3.11,2.9,93.0,234.0,388.0,40.67,usda,3
172719,"Cookies, chocolate sandwich, with creme filling, regular, chocolate-coated",3.6,26.4,66.4,481.0,2.0,5.2,90.0,240.0,326.0,49.58,usda,3
172720,"Cookies, chocolate sandwich, with extra creme filling",4.33,24.52,68.2,497.0,1.65,2.7,69.0,137.0,351.0,46.0,usda,3
172721,"Cookies, fig bars",3.7,7.3,70.9,348.0,16.5,4.6,62.0,207.0,350.0,46.36,usda,3
172722,"Cookies, fortune",4.2,2.7,84.0,378.0,8.0,1.6,35.0,41.0,31.0,45.42,usda,3
172723,"Cookies, marshmallow, chocolate-coated (includes marshmallow pies)",4.0,16.9,67.7,421.0,10.1,2.0,97.0,182.0,188.0,44.8,usda,3
172724,"Cookies, molasses",5.6,12.8,73.8,430.0,5.8,1.0,95.0,346.0,459.0,17.6,usda,3
172725,"Cookies, oatmeal, commercially prepared, regular",6.2,18.1,68.7,450.0,5.7,2.8,138.0,142.0,520.0,24.66,usda,3
172726,"Cookies, oatmeal, commercially prepared, soft-type",6.1,14.7,65.7,409.0,11.0,2.7,209.0,135.0,349.0,1.25,usda,3
172727,"Cookies, peanut butter, commercially prepared, regular",8.92,23.82,58.15,473.0,7.28,2.1,156.0,202.0,463.0,28.58,usda,3
172728,"Cookies, peanut butter, commercially prepared, soft-type",5.3,24.4,57.7,457.0,11.5,1.7,87.0,107.0,336.0,1.25,usda,3
172729,"Cookies, peanut butter, refrigerated dough",8.2,25.0,52.1,458.0,12.6,1.1,241.0,308.0,397.0,1.25,usda,3
172730,"Cookies, peanut butter, refrigerated dough, baked",9.1,27.5,57.3,503.0,4.0,1.2,264.0,338.0,436.0,1.25,usda,3
172731,"Cookies, brownies, dry mix, sugar free",2.9,12.5,80.4,426.0,3.5,4.2,57.0,335.0,83.0,1.25,usda,3
172732,"Cookies, chocolate chip, commercially prepared, special dietary",3.9,16.8,73.4,450.0,5.1,1.6,109.0,199.0,244.0,39.81,usda,3
172733,"Cookies, chocolate sandwich, with creme filling, special dietary",4.5,22.1,68.0,461.0,4.2,4.1,200.0,295.0,342.0,19.73,usda,3
172734,"Cookies, oatmeal, commercially prepared, special dietary",4.8,18.0,69.9,449.0,6.5,2.9,122.0,175.0,273.0,31.65,usda,3
172735,"Cookies, sugar, refrigerated dough, baked",4.7,23.1,65.6,489.0,5.0,0.9,187.0,163.0,362.0,40.36,usda,3
172736,"Cookies, sugar wafers with creme filling, regular",3.84,23.24,70.64,502.0,1.66,1.6,72.0,117.0,103.0,42.95,usda,3
172737,"Cookies, vanilla sandwich with creme filling",4.5,20.0,72.1,483.0,2.2,1.5,75.0,91.0,388.0,39.3,usda,3
172738,"Puff pastry, frozen, ready-to-bake, baked",7.4,38.5,45.7,558.0,7.4,1.5,60.0,62.0,253.0,0.75,usda,3
172739,"Crackers, crispbread, rye",7.9,1.3,82.2,366.0,6.1,16.5,269.0,319.0,410.0,1.07,usda,3
172740,"Crackers, matzo, plain",10.0,1.4,83.7,395.0,4.3,3.0,89.0,112.0,0.0,0.29,usda,3
172741,"Crackers, matzo, egg",12.3,2.1,78.6,391.0,6.4,2.8,148.0,150.0,21.0,1.25,usda,3
172742,"Crackers, matzo, whole-wheat",13.1,1.5,78.9,351.0,4.8,11.8,305.0,316.0,2.0,1.25,usda,3
172743,"Crackers, rye, sandwich-type with cheese filling",9.2,22.3,60.8,481.0,3.8,3.6,339.0,342.0,1044.0,1.25,usda,3
172744,"Crackers, rye, wafers, plain",9.6,0.9,80.4,334.0,5.0,22.9,334.0,495.0,557.0,1.01,usda,3
172745,"Crackers, rye, wafers, seasoned",9.0,9.2,73.8,381.0,4.0,20.9,307.0,454.0,887.0,1.25,usda,3
172746,"Crackers, saltines (includes oyster, soda, soup)",9.46,8.64,74.05,418.0,5.05,2.8,102.0,152.0,941.0,1.29,usda,3
172747,"Crackers, wheat, sandwich, with cheese filling",9.8,25.0,58.2,497.0,3.2,3.1,382.0,306.0,839.0,1.25,usda,3
172748,"Crackers, wheat, sandwich, with peanut butter filling",13.5,26.7,53.8,495.0,3.4,4.4,347.0,297.0,807.0,1.25,usda,3
172749,"Crackers, whole-wheat",10.58,14.13,69.55,427.0,2.94,10.3,331.0,345.0,800.0,1.19,usda,3
172750,"Cracker, meal",9.3,1.7,80.9,383.0,7.6,2.6,104.0,115.0,16.0,0.33,usda,3
172751,"Croutons, plain",11.9,6.6,73.5,407.0,5.5,5.1,115.0,124.0,698.0,1.25,usda,3
172752,"Croutons, seasoned",10.8,18.3,63.5,465.0,3.6,5.0,140.0,181.0,1333.0,4.41,usda,3
172753,"Danish pastry, cinnamon, enriched",7.0,22.4,44.6,403.0,24.3,1.3,107.0,125.0,414.0,19.78,usda,3
172754,"Danish pastry, cheese",8.0,21.9,37.2,374.0,31.4,1.0,108.0,98.0,417.0,6.95,usda,3
172755,"Danish pastry, fruit, enriched (includes apple, cinnamon, raisin, lemon, raspberry, strawberry)",5.4,18.5,47.8,371.0,27.1,1.9,89.0,83.0,445.0,27.53,usda,3
172756,"Doughnuts, french crullers, glazed",3.1,18.3,59.5,412.0,17.9,1.2,123.0,78.0,345.0,35.11,usda,3
172757,"Doughnuts, yeast-leavened, with creme filling",6.4,24.5,30.0,361.0,38.2,0.8,76.0,80.0,309.0,14.55,usda,3
172758,"Doughnuts, yeast-leavened, glazed, enriched (includes honey buns)",6.14,22.7,47.93,421.0,22.0,2.1,117.0,102.0,316.0,22.75,usda,3
172759,"Doughnuts, yeast-leavened, with jelly filling",5.9,18.7,39.0,340.0,35.6,0.9,85.0,79.0,455.0,21.1,usda,3
172760,"Muffins, English, raisin-cinnamon, toasted (includes apple-cinnamon)",8.87,2.21,55.04,276.0,32.07,3.0,108.0,194.0,342.0,13.34,usda,3
172761,"Muffins, English, wheat",8.7,2.0,44.8,223.0,42.3,4.6,107.0,186.0,353.0,1.56,usda,3
172762,"Muffins, English, whole-wheat",8.8,2.1,40.4,203.0,45.7,6.7,282.0,210.0,364.0,8.09,usda,3
172763,"French toast, frozen, ready-to-heat",7.4,6.1,32.1,213.0,52.6,1.1,139.0,134.0,495.0,1.25,usda,3
172764,"Muffins, plain, prepared from recipe, made with low fat (2%) milk",6.9,11.4,41.4,296.0,37.7,2.7,153.0,121.0,467.0,1.25,usda,3
172765,"Muffins, blueberry, commercially prepared (Includes mini-muffins)",4.49,16.07,53.0,375.0,24.96,1.1,146.0,121.0,336.0,31.47,usda,3
172766,"Muffins, blueberry, dry mix",3.48,3.25,61.0,293.0,30.18,1.4,220.0,48.0,479.0,32.73,usda,3
172767,"Muffins, blueberry, toaster-type",4.6,9.5,53.3,313.0,30.8,1.8,59.0,83.0,417.0,4.85,usda,3
172768,"Muffins, blueberry, prepared from recipe, made with low fat (2%) milk",6.5,10.8,40.7,285.0,39.5,0.2,145.0,123.0,441.0,1.25,usda,3
172769,"Muffins, oat bran",7.0,7.4,48.3,270.0,35.0,4.6,376.0,507.0,393.0,8.22,usda,3
172770,"Muffins, wheat bran, dry mix",7.1,12.0,73.0,396.0,4.8,0.2,480.0,200.0,700.0,1.25,usda,3
172771,"Pancakes plain, frozen, ready-to-heat (includes buttermilk)",5.23,6.83,37.75,233.0,48.37,1.0,215.0,90.0,461.0,8.32,usda,3
172772,"Pancakes, plain, dry mix, complete (includes buttermilk)",9.77,3.1,73.65,368.0,9.05,2.9,600.0,191.0,1082.0,16.03,usda,3
172773,"Pancakes, blueberry, prepared from recipe",6.1,9.2,29.0,222.0,53.2,0.2,151.0,138.0,412.0,1.25,usda,1
172774,"Pancakes, buckwheat, dry mix, incomplete",10.9,2.7,71.3,340.0,9.1,8.5,913.0,316.0,684.0,7.21,usda,3
172775,"Pancakes, special dietary, dry mix",8.9,1.4,73.9,349.0,10.8,0.2,596.0,676.0,456.0,1.25,usda,3
172776,"Pancakes, whole-wheat, dry mix, incomplete",12.8,1.5,71.0,344.0,8.8,0.2,782.0,445.0,1419.0,1.25,usda,3
172777,"Pie, banana cream, prepared from recipe",4.4,13.6,32.9,269.0,47.9,0.7,92.0,165.0,240.0,12.06,usda,3
172778,"Pie, blueberry, commercially prepared",1.8,10.0,34.9,232.0,52.5,1.0,23.0,50.0,287.0,9.89,usda,3
172779,"Pie, blueberry, prepared from recipe",2.7,11.9,33.5,245.0,51.2,0.2,30.0,50.0,185.0,1.25,usda,0
172780,"Pie, cherry, commercially prepared",2.0,11.0,39.8,260.0,46.2,0.8,29.0,81.0,246.0,14.29,usda,3
172781,"Pie, cherry, prepared from recipe",2.8,12.2,38.5,270.0,45.8,0.2,30.0,77.0,191.0,1.25,usda,3
172782,"Pie, coconut custard, commercially prepared",5.9,13.2,30.2,260.0,49.2,1.8,122.0,175.0,335.0,1.25,usda,3
172783,"Pie, egg custard, commercially prepared",5.5,11.6,20.8,210.0,60.9,1.6,112.0,106.0,275.0,11.58,usda,3
172784,"Pie, fried pies, fruit",3.0,16.1,42.6,316.0,37.6,2.6,43.0,65.0,333.0,21.4,usda,3
172785,"Pie, lemon meringue, commercially prepared",1.5,8.7,47.2,268.0,41.7,1.2,105.0,89.0,172.0,23.86,usda,3
172786,"Pie, pecan, prepared from recipe",4.9,22.2,52.2,412.0,19.5,0.2,94.0,133.0,262.0,1.25,usda,3
172787,"Pie, pumpkin, commercially prepared",3.9,9.75,34.83,243.0,50.39,1.8,81.0,167.0,239.0,18.88,usda,3
172788,"Pie, pumpkin, prepared from recipe",4.5,9.3,26.4,204.0,58.5,0.2,98.0,186.0,225.0,1.25,usda,1
172789,"Pie, vanilla cream, prepared from recipe",4.8,14.4,32.6,278.0,47.0,0.6,104.0,126.0,260.0,12.68,usda,3
172790,"Puff pastry, frozen, ready-to-bake",7.3,38.1,45.1,551.0,8.5,1.5,60.0,61.0,249.0,0.74,usda,3
172791,Phyllo dough,7.1,6.0,52.6,299.0,32.6,1.9,75.0,74.0,483.0,0.18,usda,3
172792,"Popovers, dry mix, enriched",10.4,4.3,71.0,371.0,11.7,0.2,100.0,100.0,906.0,1.25,usda,3
172793,"Rolls, dinner, plain, commercially prepared (includes brown-and-serve)",10.86,6.47,52.04,310.0,28.44,2.0,122.0,139.0,467.0,5.55,usda,3
172794,"Rolls, dinner, whole-wheat",8.7,4.7,51.1,266.0,33.1,7.5,224.0,272.0,521.0,8.46,usda,3
172795,"Rolls, french",8.6,4.3,50.2,277.0,34.8,3.2,84.0,114.0,574.0,0.31,usda,3
172796,"Rolls, hamburger or hotdog, plain",9.77,3.91,50.12,279.0,34.34,1.8,101.0,122.0,494.0,7.28,usda,3
172797,"Rolls, hamburger or hotdog, mixed-grain",9.6,6.0,44.6,263.0,38.0,3.8,122.0,160.0,458.0,6.25,usda,3
172798,"Sweet rolls, cinnamon, refrigerated dough with frosting",5.0,12.2,51.6,333.0,28.9,0.2,321.0,58.0,765.0,1.25,usda,3
172799,"Sweet rolls, cinnamon, refrigerated dough with frosting, baked",5.4,13.2,56.1,362.0,22.7,0.2,348.0,63.0,832.0,1.25,usda,3
172800,"Taco shells, baked",6.41,21.79,63.49,476.0,6.4,6.7,233.0,231.0,324.0,1.5,usda,3
172801,"Toaster pastries, brown-sugar-cinnamon",4.06,7.98,72.64,370.0,14.09,2.3,84.0,105.0,361.0,27.24,usda,3
172802,Wonton wrappers (includes egg roll wrappers),9.8,1.5,57.9,291.0,28.8,1.8,81.0,82.0,572.0,1.25,usda,3
172803,"Leavening agents, baking powder, double-acting, sodium aluminum sulfate",0.0,0.0,27.7,53.0,5.0,0.2,2191.0,20.0,10600.0,0.0,usda,3
172804,"Leavening agents, baking powder, double-acting, straight phosphate",0.1,0.0,24.1,51.0,4.0,0.2,9918.0,5.0,7893.0,0.0,usda,3
172805,"Leavening agents, baking powder, low-sodium",0.1,0.4,46.9,97.0,6.2,2.2,6869.0,10100.0,90.0,0.0,usda,3
172806,"Bread, crumbs, dry, grated, seasoned",14.13,5.48,68.49,383.0,6.35,4.9,177.0,231.0,2100.0,5.74,usda,3
172807,"Cookies, oatmeal, prepared from recipe, without raisins",6.8,17.9,66.4,447.0,6.2,0.2,167.0,182.0,598.0,1.25,usda,3
172808,"Cookies, chocolate chip, prepared from recipe, made with butter",5.7,28.4,58.2,488.0,5.7,0.2,100.0,221.0,341.0,1.25,usda,3
172809,"Bread, protein, (includes gluten), toasted",13.2,2.4,48.1,270.0,34.0,3.3,189.0,346.0,444.0,1.44,usda,3
172810,"Rolls, dinner, plain, prepared from recipe, made with low fat (2%) milk",8.5,7.3,53.4,316.0,29.1,1.9,126.0,152.0,415.0,1.25,usda,3
172811,"Pie crust, cookie-type, prepared from recipe, graham cracker, chilled",4.1,24.4,63.9,484.0,6.1,1.5,64.0,86.0,560.0,37.57,usda,3
172812,"Crackers, matzo, egg and onion",10.0,3.9,77.1,391.0,7.2,5.0,89.0,83.0,285.0,1.25,usda,3
172813,"Pie crust, cookie-type, prepared from recipe, vanilla wafer, chilled",3.7,36.2,50.2,531.0,8.5,0.1,78.0,79.0,515.0,7.33,usda,3
172814,"Pie crust, standard-type, prepared from recipe, unbaked",5.7,30.8,42.3,469.0,19.7,3.4,60.0,59.0,482.0,0.15,usda,3
172815,"Bread, cornbread, dry mix, unenriched (includes corn muffin mix)",7.0,12.2,69.5,418.0,7.8,6.5,489.0,113.0,1111.0,1.25,usda,3
172816,"Bread, pita, white, unenriched",9.1,1.2,55.7,275.0,32.1,2.2,97.0,120.0,536.0,1.25,usda,3
172817,"Bread, raisin, unenriched",7.9,4.4,52.3,274.0,33.6,4.3,109.0,227.0,390.0,1.25,usda,3
172818,"Bread, white, commercially prepared, low sodium, no salt",8.2,3.6,49.6,267.0,36.7,2.3,94.0,119.0,298.0,4.31,usda,3
172819,"Cookies, butter, commercially prepared, unenriched",6.1,18.8,68.9,467.0,4.6,0.8,102.0,111.0,351.0,1.25,usda,3
172820,"Cookies, chocolate chip, commercially prepared, regular, higher fat, unenriched",5.4,22.6,66.8,481.0,4.1,2.5,108.0,135.0,315.0,1.25,usda,3
172821,"Cookies, ladyfingers, without lemon juice and rind",10.6,9.1,59.7,363.0,19.5,1.0,173.0,113.0,147.0,1.25,usda,3
172822,"Crackers, melba toast, plain, without salt",12.1,3.2,76.6,390.0,5.1,6.3,196.0,202.0,19.0,1.25,usda,3
172823,"Crackers, whole-wheat, low salt",8.8,17.2,68.6,443.0,2.7,10.5,295.0,297.0,186.0,0.37,usda,3
172824,"Danish pastry, cinnamon, unenriched",7.0,22.4,44.6,403.0,24.3,1.2,107.0,125.0,371.0,1.25,usda,3
172825,"Danish pastry, fruit, unenriched (includes apple, cinnamon, raisin, strawberry)",5.4,18.5,47.8,371.0,27.1,1.9,89.0,83.0,354.0,1.25,usda,3
172826,"Bread, white, commercially prepared, toasted, low sodium no salt",9.0,4.0,54.4,293.0,30.4,0.2,103.0,131.0,376.0,1.25,usda,3
172827,"Danish pastry, lemon, unenriched",5.4,18.5,47.8,371.0,27.1,1.9,89.0,83.0,354.0,1.25,usda,3
172828,"English muffins, plain, unenriched, with calcium propionate (includes sourdough)",7.7,1.8,46.0,235.0,42.1,2.7,133.0,131.0,464.0,1.25,usda,3
172829,"Quail, breast, meat only, raw",22.59,2.99,0.0,123.0,71.67,0.0,228.0,260.0,55.0,1.25,usda,1
172830,"Chicken, broiler, rotisserie, BBQ, wing, meat and skin",23.42,18.04,0.6,257.0,57.23,0.0,251.0,285.0,579.0,0.6,usda,1
172831,"Ruffed Grouse, breast meat, skinless, raw",25.94,0.88,0.0,112.0,72.93,0.0,229.0,311.0,50.0,0.0,usda,1
172832,"Emu, ground, raw",22.77,4.03,0.0,134.0,72.87,0.0,222.0,320.0,56.0,0.0,usda,1
172833,"Emu, ground, cooked, pan-broiled",28.43,4.65,0.0,163.0,65.83,0.0,269.0,375.0,65.0,0.0,usda,1
172834,"Emu, full rump, cooked, broiled",33.67,2.68,0.0,168.0,61.97,0.0,323.0,324.0,110.0,0.0,usda,1
172835,"Emu, inside drum, raw",22.22,1.49,0.0,108.0,74.73,0.0,229.0,318.0,102.0,0.0,usda,1
172836,"Emu, inside drums, cooked, broiled",32.38,2.01,0.0,156.0,64.31,0.0,307.0,312.0,118.0,0.0,usda,1
172837,"Emu, outside drum, raw",23.08,0.48,0.0,103.0,74.87,0.0,225.0,320.0,100.0,0.0,usda,1
172838,"Emu, oyster, raw",22.81,4.86,0.0,141.0,72.57,0.0,217.0,250.0,150.0,0.0,usda,1
172839,"Ostrich, inside leg, raw",22.39,1.72,0.0,111.0,75.97,0.0,220.0,320.0,72.0,0.0,usda,1
172840,"Ostrich, inside leg, cooked",29.01,1.94,0.0,141.0,69.95,0.0,244.0,352.0,83.0,0.0,usda,1
172841,"Ostrich, inside strip, raw",23.69,2.87,0.0,127.0,74.16,0.0,226.0,330.0,76.0,0.0,usda,1
172842,"Ostrich, inside strip, cooked",29.37,4.26,0.0,164.0,66.53,0.0,253.0,366.0,73.0,0.0,usda,1
172843,"Ostrich, oyster, cooked",28.81,3.97,0.0,159.0,67.55,0.0,281.0,409.0,81.0,0.0,usda,1
172844,"Ostrich, round, raw",21.99,2.4,0.0,116.0,75.68,0.0,216.0,315.0,72.0,0.0,usda,1
172845,"Ostrich, tenderloin, raw",22.07,3.19,0.0,123.0,74.5,0.0,220.0,320.0,86.0,0.0,usda,1
172846,"Ostrich, tip trimmed, raw",21.85,2.3,0.0,114.0,76.12,0.0,213.0,310.0,67.0,0.0,usda,1
172847,"Turkey, ground, fat free, raw",23.57,1.95,0.0,112.0,74.66,0.0,227.0,295.0,51.0,0.0,usda,1
172848,"Turkey, ground, fat free, pan-broiled crumbles",31.69,2.71,0.0,151.0,65.76,0.0,290.0,357.0,61.0,0.0,usda,1
172849,"Turkey, ground, fat free, patties, broiled",28.99,2.48,0.0,138.0,68.4,0.0,264.0,339.0,59.0,0.0,usda,1
172850,"Turkey, ground, 93% lean, 7% fat, raw",18.73,8.34,0.0,150.0,72.63,0.0,193.0,213.0,69.0,0.0,usda,1
172851,"Turkey, ground, 93% lean, 7% fat, pan-broiled crumbles",27.1,11.6,0.0,213.0,61.05,0.0,259.0,304.0,90.0,0.0,usda,1
172852,"Chicken, broilers or fryers, dark meat, drumstick, meat only, cooked, braised",23.93,5.95,0.0,149.0,69.94,0.0,184.0,239.0,117.0,0.0,usda,1
172853,"Chicken, broilers or fryers, dark meat, thigh, meat only, cooked, braised",24.55,8.63,0.0,176.0,66.87,0.0,201.0,266.0,77.0,0.0,usda,1
172854,"Chicken, skin (drumsticks and thighs), cooked, braised",14.61,42.76,0.0,443.0,42.09,0.0,130.0,161.0,75.0,0.0,usda,1
172855,"Chicken, skin (drumsticks and thighs), raw",9.58,44.23,0.79,440.0,44.91,0.0,95.0,119.0,51.0,0.0,usda,1
172856,"Chicken, dark meat, drumstick, meat only, with added solution, cooked, roasted",25.34,5.0,0.0,146.0,69.5,0.0,197.0,250.0,190.0,0.0,usda,1
172857,"Chicken, dark meat, drumstick, meat only, with added solution, cooked, braised",22.99,6.33,0.0,149.0,70.18,0.0,170.0,229.0,169.0,0.0,usda,1
172858,"Chicken, dark meat, thigh, meat only, with added solution, cooked, braised",23.0,7.96,0.0,164.0,68.62,0.0,203.0,290.0,197.0,0.0,usda,1
172859,"Chicken, dark meat, thigh, meat only, with added solution, raw",19.11,3.69,0.0,110.0,77.16,0.0,175.0,234.0,156.0,0.0,usda,1
172860,"Chicken, dark meat, drumstick, meat and skin, with added solution, raw",18.03,8.24,0.0,146.0,73.79,0.0,135.0,179.0,150.0,0.0,usda,1
172861,"Chicken, dark meat, drumstick, meat and skin, with added solution, cooked, roasted",24.72,9.0,0.05,180.0,65.97,0.0,194.0,244.0,186.0,0.0,usda,1
172862,"Chicken, dark meat, thigh, meat and skin, with added solution, cooked, braised",20.7,14.62,0.21,215.0,63.97,0.0,183.0,259.0,185.0,0.0,usda,1
172863,"Chicken, dark meat, thigh, meat and skin, with added solution, raw",16.56,14.58,0.0,197.0,68.63,0.0,147.0,191.0,151.0,0.0,usda,1
172864,"Turkey from whole, light meat, meat only, with added solution, raw",21.54,1.66,0.0,101.0,76.42,0.0,236.0,242.0,206.0,0.05,usda,1
172865,"Turkey from whole, light meat, meat only, with added solution, cooked, roasted",26.97,2.08,0.0,127.0,70.18,0.0,255.0,249.0,238.0,0.0,usda,1
172866,"Turkey, skin from whole (light and dark), with added solution, raw",12.29,36.8,0.21,381.0,50.0,0.0,99.0,107.0,138.0,0.1,usda,1
172867,"Turkey, skin from whole, (light and dark), with added solution, roasted",22.15,40.31,0.0,451.0,36.92,0.0,244.0,263.0,234.0,0.0,usda,1
172868,"Turkey, whole, meat only, with added solution, raw",20.87,2.39,0.14,106.0,76.25,0.0,223.0,237.0,194.0,0.06,usda,1
172869,"Turkey, whole, meat only, with added solution, roasted",26.61,3.7,0.0,140.0,68.81,0.0,235.0,239.0,223.0,0.0,usda,1
172870,"Turkey, whole, meat and skin, with added solution, raw",19.03,9.1,0.15,159.0,71.26,0.0,195.0,211.0,180.0,0.08,usda,1
172871,"Turkey, whole, meat and skin, with added solution, roasted",26.09,8.01,0.0,176.0,65.05,0.0,236.0,242.0,224.0,0.0,usda,1
172872,"Turkey, retail parts, wing, meat only, cooked, roasted",30.17,5.51,0.0,170.0,64.04,0.0,180.0,207.0,103.0,0.0,usda,1
172873,"Turkey, skin, from retail parts, from dark meat, raw",14.35,35.83,0.0,380.0,50.08,0.0,80.0,93.0,78.0,0.0,usda,1
172874,"Turkey, skin, from retail parts, from dark meat, cooked, roasted",24.58,35.03,0.0,414.0,39.42,0.0,230.0,225.0,106.0,0.0,usda,1
172875,"Turkey, retail parts, drumstick, meat only, raw",20.52,3.97,0.0,118.0,75.67,0.0,158.0,220.0,87.0,0.0,usda,1
172876,"Turkey, breast, from whole bird, meat only, with added solution, raw",21.54,1.66,0.14,102.0,76.42,0.0,236.0,242.0,206.0,0.05,usda,1
172877,"Turkey, retail parts, thigh, meat only, cooked, roasted",25.14,6.25,0.46,159.0,66.98,0.0,200.0,296.0,104.0,0.0,usda,1
172878,"Turkey, retail parts, drumstick, meat only, cooked, roasted",28.61,6.52,0.0,173.0,65.14,0.0,193.0,257.0,112.0,0.0,usda,1
172879,"Sauce, plum, ready-to-serve",0.89,1.04,42.81,184.0,53.71,0.7,22.0,259.0,538.0,1.25,usda,0
172880,"Sauce, pizza, canned, ready-to-serve",2.18,1.15,8.66,54.0,86.71,2.0,50.0,354.0,348.0,3.78,usda,0
172881,"Soup, tomato bisque, canned, condensed",1.76,1.95,18.47,96.0,75.32,0.8,47.0,325.0,698.0,1.25,usda,0
172882,"Soup, tomato, canned, condensed",1.46,0.44,15.22,66.0,80.79,1.1,31.0,562.0,377.0,8.23,usda,0
172883,"Soup, stock, beef, home-prepared",1.97,0.09,1.2,13.0,95.89,0.0,31.0,185.0,198.0,0.54,usda,0
172884,"Soup, stock, chicken, home-prepared",2.52,1.2,3.53,36.0,92.15,0.0,27.0,105.0,143.0,1.58,usda,0
172885,"Soup, stock, fish, home-prepared",2.26,0.81,0.0,16.0,96.6,0.0,56.0,144.0,156.0,0.0,usda,0
172886,"Sauce, hoisin, ready-to-serve",3.31,3.39,44.08,220.0,44.23,2.8,38.0,119.0,1615.0,27.26,usda,3
172887,"Soup, cream of mushroom, canned, condensed, reduced sodium",1.21,1.69,8.1,52.0,87.26,0.6,51.0,374.0,383.0,2.13,usda,0
172888,"Soup, chicken broth, less/reduced sodium, ready to serve",1.36,0.0,0.38,7.0,97.32,0.0,18.0,85.0,231.0,0.22,usda,0
172889,"Soup, beef broth, less/reduced sodium, ready to serve",1.14,0.07,0.2,6.0,98.01,0.0,9.0,20.0,225.0,0.2,usda,0
172890,"Sauce, teriyaki, ready-to-serve, reduced sodium",5.93,0.02,15.58,89.0,69.7,0.1,154.0,225.0,1778.0,14.1,usda,0
172891,"Soup, cream of asparagus, canned, prepared with equal volume milk",2.55,3.3,6.61,65.0,86.0,0.3,62.0,145.0,420.0,1.25,usda,0
172892,"Soup, chicken vegetable with potato and cheese, chunky, ready-to-serve",1.16,4.46,5.2,65.0,87.9,0.3,19.0,73.0,416.0,0.64,usda,0
172893,"Soup, cream of celery, canned, prepared with equal volume milk",2.29,3.91,5.86,66.0,86.46,0.3,61.0,125.0,272.0,1.25,usda,0
172894,"Soup, cheese, canned, prepared with equal volume milk",3.77,5.8,6.47,92.0,82.44,0.4,100.0,136.0,406.0,1.25,usda,1
172895,"Soup, oyster stew, canned, prepared with equal volume milk",2.51,3.24,3.99,55.0,88.94,0.0,66.0,96.0,425.0,1.25,usda,0
172896,"Soup, pea, green, canned, prepared with equal volume milk",4.97,2.77,12.69,94.0,77.93,1.1,94.0,148.0,352.0,1.25,usda,0
172897,"Soup, cream of potato, canned, prepared with equal volume milk",2.33,2.6,6.92,60.0,86.67,0.2,65.0,130.0,230.0,1.25,usda,0
172898,"Soup, cream of shrimp, canned, prepared with equal volume low fat (2%) milk",2.78,3.23,5.64,61.0,87.11,0.1,60.0,95.0,354.0,2.62,usda,0
172901,"CAMPBELL'S, Cream of Mushroom Soup, condensed",1.29,5.5,6.59,81.0,84.76,0.6,19.0,67.0,697.0,0.4,usda,0
172902,"Soup, tomato bisque, canned, prepared with equal volume milk",2.51,2.63,11.73,79.0,81.51,0.2,69.0,241.0,442.0,1.25,usda,0
172903,"Soup, black bean, canned, prepared with equal volume water",2.42,0.66,7.71,46.0,87.62,3.4,38.0,125.0,487.0,1.24,usda,0
172904,"Soup, bean with pork, canned, prepared with equal volume water",2.88,2.16,8.31,63.0,85.35,2.9,48.0,147.0,349.0,1.47,usda,0
172905,"Soup, bean with frankfurters, canned, prepared with equal volume water",3.99,2.79,8.8,75.0,83.03,0.2,66.0,191.0,437.0,1.25,usda,0
172906,"Soup, beef noodle, canned, prepared with equal volume water",1.93,1.23,3.58,34.0,92.16,0.3,19.0,40.0,325.0,1.03,usda,0
172907,"Soup, cream of celery, canned, prepared with equal volume water",0.68,2.29,3.62,37.0,92.27,0.3,15.0,50.0,254.0,1.25,usda,0
172908,"Soup, chicken gumbo, canned, prepared with equal volume water",1.08,0.59,3.43,23.0,93.84,0.8,10.0,31.0,391.0,1.02,usda,0
172909,"Soup, chicken noodle, canned, prepared with equal volume water",1.16,0.76,2.97,24.0,94.17,0.5,18.0,24.0,335.0,0.0,usda,0
172910,"Soup, chicken with rice, canned, prepared with equal volume water",1.45,0.78,2.92,24.0,93.87,0.3,9.0,41.0,238.0,0.08,usda,0
172911,"Soup, chili beef, canned, prepared with equal volume water",2.49,1.24,9.23,57.0,85.68,1.2,55.0,196.0,388.0,2.49,usda,0
172912,"CAMPBELL'S CHUNKY, Old Fashioned Vegetable Beef Soup",3.16,1.23,6.24,49.0,88.06,1.3,48.0,163.0,346.0,1.15,usda,0
172913,"Soup, minestrone, canned, prepared with equal volume water",1.77,1.04,4.66,34.0,91.33,0.4,23.0,130.0,254.0,1.25,usda,0
172914,"Soup, mushroom barley, canned, prepared with equal volume water",0.77,0.93,4.8,30.0,92.4,0.3,25.0,38.0,365.0,1.25,usda,0
172915,"Soup, cream of mushroom, canned, prepared with equal volume water",0.66,2.59,3.33,39.0,92.46,0.3,12.0,31.0,340.0,0.2,usda,0
172916,"Soup, pea, split with ham, canned, prepared with equal volume water",4.08,1.74,11.05,75.0,81.77,0.9,84.0,158.0,398.0,1.25,usda,0
172917,"Soup, cream of potato, canned, prepared with equal volume water",0.72,0.97,4.7,30.0,92.49,0.2,19.0,56.0,238.0,1.25,usda,0
172918,"Soup, cream of shrimp, canned, prepared with equal volume water",1.11,2.07,3.27,36.0,92.38,0.1,13.0,24.0,391.0,0.24,usda,0
172919,"Soup, tomato beef with noodle, canned, prepared with equal volume water",1.78,1.71,8.44,56.0,86.99,0.6,23.0,88.0,367.0,0.73,usda,0
172920,"Soup, tomato rice, canned, prepared with equal volume water",0.82,1.06,8.54,47.0,88.52,0.7,13.0,129.0,319.0,2.95,usda,0
172921,"Soup, vegetable with beef broth, canned, prepared with equal volume water",1.21,0.78,5.35,33.0,91.59,0.7,16.0,79.0,253.0,0.82,usda,0
172922,"Soup, beef broth or bouillon, powder, prepared with water",0.21,0.08,0.25,3.0,98.69,0.0,3.0,6.0,382.0,0.2,usda,0
172923,"Soup, beef broth, cubed, prepared with water",0.21,0.08,0.25,3.0,98.69,0.0,3.0,6.0,260.0,0.2,usda,0
172924,"Soup, chicken broth or bouillon, dry, prepared with water",0.28,0.23,0.3,4.0,98.28,0.0,3.0,6.0,401.0,0.29,usda,0
172925,"Soup, chicken noodle, dry, mix, prepared with water",0.84,0.55,3.67,23.0,94.16,0.1,12.0,13.0,229.0,0.31,usda,0
172926,"Olive loaf, pork",11.8,16.5,9.2,235.0,58.2,0.0,127.0,297.0,964.0,0.0,usda,1
172927,"Pastrami, turkey",16.3,6.21,3.34,139.0,71.73,0.1,200.0,345.0,1123.0,3.34,usda,1
172928,"Pate, chicken liver, canned",13.45,13.1,6.55,201.0,65.64,0.0,175.0,95.0,386.0,0.0,usda,1
172929,"Pate, goose liver, smoked, canned",11.4,43.84,4.67,462.0,37.04,0.0,200.0,138.0,697.0,1.25,usda,1
172930,"Pate, liver, not specified, canned",14.2,28.0,1.5,319.0,53.9,0.0,200.0,138.0,697.0,1.25,usda,1
172931,"Luxury loaf, pork",18.4,4.8,4.9,141.0,68.2,0.0,185.0,377.0,1225.0,1.25,usda,1
172932,"Mother's loaf, pork",12.07,22.3,7.53,282.0,54.9,0.0,129.0,225.0,1127.0,1.25,usda,1
172933,"Picnic loaf, pork, beef",14.92,16.64,4.76,232.0,60.2,0.0,125.0,267.0,1164.0,1.25,usda,1
172934,"Pork sausage, link/patty, unprepared",15.39,24.8,0.93,288.0,56.59,0.0,133.0,307.0,739.0,0.93,usda,1
172935,"Salami, cooked, beef",12.6,22.2,1.9,261.0,60.0,0.0,205.0,188.0,1140.0,1.5,usda,1
172936,"Salami, cooked, beef and pork",21.85,25.9,2.4,336.0,45.19,0.0,191.0,316.0,1740.0,0.96,usda,1
172937,"Salami, cooked, turkey",19.2,9.21,1.55,172.0,68.8,0.1,266.0,216.0,1107.0,1.12,usda,1
172938,"Salami, dry or hard, pork",22.58,33.72,1.6,407.0,36.18,0.0,229.0,378.0,2260.0,1.25,usda,1
172939,"Sausage, smoked link sausage, pork and beef (nonfat dry milk added)",13.28,27.61,1.92,313.0,53.91,0.0,137.0,286.0,1173.0,1.25,usda,1
172940,"Thuringer, cervelat, summer sausage, beef, pork",17.45,30.43,3.33,362.0,45.18,0.0,111.0,260.0,1300.0,0.85,usda,1
172941,"Turkey breast, sliced, prepackaged",14.81,3.77,2.2,106.0,75.98,0.0,249.0,371.0,898.0,0.91,usda,1
172942,"Sausage, Vienna, canned, chicken, beef, pork",10.5,19.4,2.6,230.0,64.9,0.0,49.0,101.0,879.0,0.0,usda,1
172943,"Honey roll sausage, beef",18.58,10.5,2.18,182.0,64.78,0.0,137.0,291.0,1322.0,1.25,usda,1
172944,"Oscar Mayer, Braunschweiger Liver Sausage (sliced)",14.25,29.35,2.6,331.0,50.5,0.2,199.0,202.0,1159.0,1.2,usda,1
172945,"Oscar Mayer, Chicken Breast (honey glazed)",19.85,1.5,4.3,109.0,70.4,0.0,289.0,329.0,1438.0,4.3,usda,1
172946,"Oscar Mayer, Ham (chopped with natural juice)",16.3,11.15,3.65,180.0,65.25,0.0,219.0,260.0,1249.0,2.2,usda,1
172947,"Oscar Mayer, Salami (hard)",25.9,28.7,1.6,368.0,38.25,0.0,180.0,356.0,1976.0,0.2,usda,1
172948,"Sausage, turkey, pork, and beef, low fat, smoked",8.0,2.5,11.54,101.0,76.3,0.6,74.0,243.0,796.0,0.0,usda,1
172949,"Frankfurter, beef, pork, and turkey, fat free",12.5,1.59,11.21,109.0,71.5,0.0,132.0,220.0,880.0,0.0,usda,1
172950,"Luncheon meat, pork, ham, and chicken, minced, canned, reduced sodium, added ascorbic acid, includes SPAM, 25% less sodium",12.5,25.1,3.4,293.0,55.5,0.0,109.0,564.0,1036.0,0.0,usda,1
172951,"Luncheon meat, pork with ham, minced, canned, includes Spam (Hormel)",13.4,26.6,4.6,315.0,51.7,0.0,151.0,409.0,1411.0,0.0,usda,1
172952,"Sausage, Italian, sweet, links",16.13,8.42,2.1,149.0,71.6,0.0,103.0,194.0,570.0,0.0,usda,1
172953,"Sausage, Polish, beef with chicken, hot",17.6,19.4,3.6,259.0,55.2,0.0,136.0,237.0,1540.0,0.0,usda,1
172954,"Sausage, Polish, pork and beef, smoked",12.07,26.56,1.98,301.0,56.58,0.0,107.0,189.0,848.0,0.0,usda,1
172955,"Sausage, pork and beef, with cheddar cheese, smoked",12.89,25.84,2.13,296.0,56.11,0.0,178.0,206.0,848.0,0.11,usda,1
172956,"Bratwurst, beef and pork, smoked",12.2,26.34,2.0,297.0,56.65,0.0,130.0,283.0,848.0,0.0,usda,1
172957,"Bratwurst, chicken, cooked",19.44,10.35,0.0,176.0,70.28,0.0,160.0,211.0,72.0,0.0,usda,1
172958,"Bratwurst, pork, beef and turkey, lite, smoked",14.45,13.53,1.62,186.0,65.89,0.0,132.0,246.0,982.0,1.57,usda,1
172959,"Pastrami, beef, 98% fat-free",19.6,1.16,1.54,95.0,74.3,0.0,150.0,228.0,1010.0,0.0,usda,1
172961,"Beerwurst, pork and beef",14.0,22.53,4.27,276.0,56.71,0.9,135.0,244.0,732.0,0.0,usda,1
172962,"Chicken breast, fat-free, mesquite flavor, sliced",16.8,0.39,2.25,80.0,76.73,0.0,256.0,316.0,1040.0,0.2,usda,1
172963,"Chicken breast, oven-roasted, fat-free, sliced",16.79,0.39,2.17,79.0,76.71,0.0,60.0,67.0,1087.0,0.1,usda,1
172964,"Frankfurter, pork",12.81,23.68,0.28,269.0,59.85,0.1,171.0,264.0,816.0,0.0,usda,1
172965,"Macaroni and cheese loaf, chicken, pork and beef",11.76,14.96,11.63,228.0,57.63,0.0,173.0,313.0,3.0,0.0,usda,1
172966,"Salami, Italian, pork and beef, dry, sliced, 50% less sodium",21.8,26.4,6.4,350.0,40.5,0.0,142.0,378.0,936.0,0.0,usda,1
172967,"Pate, truffle flavor",11.2,28.5,6.3,327.0,51.8,0.2,200.0,138.0,807.0,1.25,usda,1
172968,"Frankfurter, meat",10.26,25.76,4.17,290.0,56.31,0.0,206.0,152.0,1090.0,1.25,usda,1
172969,"Scrapple, pork",8.06,13.87,14.06,213.0,62.47,0.3,76.0,158.0,482.0,0.2,usda,1
172970,"Bologna, chicken, turkey, pork",9.88,26.18,5.65,298.0,55.25,0.0,185.0,152.0,922.0,0.0,usda,1
172971,"Pork sausage, link/patty, fully cooked, microwaved",15.12,41.66,0.62,438.0,39.64,0.0,193.0,225.0,990.0,0.62,usda,1
172972,"Cereals, QUAKER, QUAKER MultiGrain Oatmeal, dry",12.64,2.73,72.62,334.0,10.35,11.9,346.0,322.0,7.0,2.46,usda,3
172973,"Cereals ready-to-eat, chocolate-flavored frosted puffed corn",3.34,3.5,87.2,405.0,3.42,3.8,141.0,176.0,534.0,43.7,usda,3
172974,"Cereals ready-to-eat, QUAKER, Toasted Multigrain Crisps",12.38,5.11,74.9,372.0,4.0,10.2,518.0,438.0,365.0,16.34,usda,3
172975,"Cereals ready-to-eat, QUAKER, QUAKER 100% Natural Granola with Oats, Wheat, Honey, and Raisins",9.66,10.38,74.67,412.0,3.39,9.4,357.0,501.0,54.0,24.63,usda,3
172976,"Cereals ready-to-eat, QUAKER, Low Fat 100% Natural Granola with Raisins",8.42,5.52,80.57,388.0,3.4,9.6,316.0,431.0,234.0,25.65,usda,3
172977,"Cereals, QUAKER, Instant Grits, Butter flavor, dry",8.12,5.64,74.83,369.0,6.59,4.7,115.0,121.0,1197.0,0.88,usda,3
172978,"Cereals, Oat Bran, QUAKER, QUAKER/MOTHER'S Oat Bran, prepared with water, salt",2.03,0.95,7.49,43.0,88.98,1.7,82.0,69.0,46.0,1.25,usda,0
172979,"Cereals, QUAKER, QUAKER MultiGrain Oatmeal, prepared with water, no salt",2.08,0.47,13.49,61.0,83.58,2.2,64.0,75.0,3.0,1.25,usda,0
172980,"Cereals, QUAKER, QUAKER MultiGrain Oatmeal, prepared with water, salt",2.07,0.47,13.47,61.0,83.44,2.2,63.0,75.0,70.0,1.25,usda,0
172981,"Cereals ready-to-eat, HEALTH VALLEY, FIBER 7 Flakes",14.44,1.41,78.15,353.0,3.0,14.1,327.0,480.0,200.0,20.0,usda,3
172982,"Cereals ready-to-eat, MALT-O-MEAL, BERRY COLOSSAL CRUNCH",4.19,4.17,86.55,396.0,2.5,1.8,75.0,109.0,633.0,41.66,usda,3
172983,"Cereals ready-to-eat, MALT-O-MEAL, Crispy Rice",6.07,1.12,86.4,346.0,3.4,0.4,121.0,114.0,924.0,7.82,usda,3
172984,"Cereals ready-to-eat, MALT-O-MEAL, TOOTIE FRUITIES",4.69,3.2,85.94,391.0,2.5,2.2,78.0,104.0,453.0,45.31,usda,3
172985,"Cereals ready-to-eat, QUAKER, MOTHER'S PEANUT BUTTER BUMPERS Cereal",7.62,7.33,79.68,407.0,2.5,2.5,213.0,296.0,774.0,29.29,usda,3
172986,"Cereals ready-to-eat, QUAKER, MOTHER'S Toasted Oat Bran cereal",11.45,5.04,75.41,372.0,4.0,8.6,429.0,489.0,653.0,15.57,usda,3
172987,"Cereals ready-to-eat, QUAKER, Shredded Wheat, bagged cereal",11.24,2.01,81.01,348.0,4.2,11.8,362.0,358.0,4.0,0.81,usda,3
172988,"Cereals ready-to-eat, SUN COUNTRY, KRETSCHMER Wheat Germ, Regular",31.43,9.56,49.38,366.0,4.78,11.9,1130.0,1097.0,6.0,7.14,usda,3
172989,"Cereals, QUAKER, Quick Oats, Dry",13.7,6.87,68.18,371.0,9.37,9.4,458.0,358.0,3.0,1.42,usda,3
172990,"Cereals ready-to-eat, MALT-O-MEAL, Frosted Flakes",4.25,0.87,90.2,389.0,3.0,1.2,46.0,82.0,451.0,39.27,usda,3
172991,"Cereals, QUAKER, Instant Oatmeal, Raisin and Spice, dry",9.11,4.0,75.68,360.0,8.45,5.8,292.0,360.0,440.0,35.65,usda,3
172992,"Cereals, QUAKER, Instant Grits, Redeye Gravy & Country Ham flavor, dry",9.83,1.58,75.86,342.0,7.06,4.6,79.0,172.0,1805.0,0.71,usda,3
172993,"Cereals, QUAKER, Instant Grits Product with American Cheese Flavor, dry",8.8,4.67,74.18,360.0,6.8,4.3,76.0,134.0,1518.0,2.02,usda,3
172994,"Cereals, QUAKER, Instant Grits, Ham 'n' Cheese flavor, dry",10.73,4.68,71.08,355.0,6.82,4.2,95.0,210.0,1930.0,2.69,usda,3
172995,"Cereals ready-to-eat, MALT-O-MEAL, HONEY GRAHAM SQUARES",4.46,9.97,74.68,398.0,3.59,4.4,137.0,226.0,838.0,32.7,usda,3
172996,"Cereals ready-to-eat, MALT-O-MEAL, Raisin Bran Cereal",7.63,1.87,80.37,342.0,7.5,10.2,339.0,546.0,466.0,33.04,usda,3
172997,"Cereals ready-to-eat, MALT-O-MEAL, Blueberry MUFFIN TOPS Cereal",4.9,11.48,79.91,443.0,1.1,4.7,176.0,179.0,462.0,35.36,usda,3
172998,"Cereals, MALT-O-MEAL, Farina Hot Wheat Cereal, dry",10.48,0.49,77.2,365.0,9.69,2.9,109.0,93.0,3.0,0.7,usda,3
172999,"Cereals, MALT-O-MEAL, Maple & Brown Sugar Hot Wheat Cereal, dry",8.82,0.47,80.52,368.0,5.9,1.8,125.0,130.0,5.0,28.0,usda,3
173000,"Cereals ready-to-eat, MALT-O-MEAL, Frosted Mini SPOONERS",9.09,1.94,81.81,354.0,5.5,10.9,273.0,327.0,18.0,20.0,usda,3
173001,"Cereals ready-to-eat, MALT-O-MEAL, Fruity DYNO-BITES",3.9,3.15,90.1,404.0,1.2,1.0,67.0,76.0,630.0,42.6,usda,3
173002,"Cereals ready-to-eat, RALSTON Enriched Wheat Bran flakes",10.21,3.36,79.77,390.0,2.53,16.9,533.0,630.0,586.0,17.17,usda,3
173003,"Cereals ready-to-eat, RALSTON Corn Biscuits",5.83,1.05,85.79,376.0,3.59,2.6,38.0,200.0,767.0,9.51,usda,3
173004,"Cereals, MALT-O-MEAL, chocolate, prepared with water, without salt",1.37,0.1,9.22,47.0,89.15,0.4,16.0,32.0,1.0,2.17,usda,0
173005,"Cereals ready-to-eat, POST GREAT GRAINS Cranberry Almond Crunch",8.9,5.9,76.6,384.0,6.2,11.1,255.0,308.0,214.0,25.5,usda,3
173006,Rice and Wheat cereal bar,9.09,9.09,72.73,409.0,7.5,1.8,136.0,143.0,428.0,31.8,usda,3
173007,"Cereals ready-to-eat, QUAKER, QUAKER Honey Graham LIFE Cereal",9.33,4.14,78.56,373.0,4.3,6.3,391.0,269.0,488.0,23.12,usda,3
173008,"Cereals, CREAM OF WHEAT, 2 1/2 minute cook time, cooked with water, stove-top, without salt",1.44,0.2,11.74,56.0,86.2,0.7,47.0,23.0,34.0,0.07,usda,0
173009,"Cereals, CREAM OF WHEAT, 2 1/2 minute cook time, cooked with water, microwaved, without salt",1.88,0.37,10.1,52.0,87.11,0.7,57.0,26.0,45.0,0.34,usda,0
173010,"Cereals, CREAM OF WHEAT, 1 minute cook time, dry",11.77,1.47,72.63,359.0,11.41,4.4,167.0,151.0,7.0,0.51,usda,3
173011,"Cereals, CREAM OF WHEAT, 1 minute cook time, cooked with water, stove-top, without salt",1.65,0.42,11.16,56.0,86.4,0.4,27.0,23.0,4.0,0.07,usda,0
173012,"Cereals, CREAM OF WHEAT, 1 minute cook time, cooked with water, microwaved, without salt",1.95,0.37,10.67,55.0,86.51,1.5,28.0,23.0,4.0,2.98,usda,0
173013,"Cereals ready-to-eat, QUAKER, Cap'n Crunch's OOPS! All Berries Cereal",4.6,3.99,87.1,395.0,2.5,2.6,170.0,189.0,637.0,44.18,usda,3
173014,"Cereals ready-to-eat, QUAKER Oatmeal Squares, Golden Maple",11.3,4.83,78.04,380.0,2.75,8.3,371.0,358.0,347.0,16.82,usda,3
173015,"Cereals ready-to-eat, POST, HONEY BUNCHES OF OATS with vanilla bunches",7.9,5.1,81.8,394.0,3.0,7.8,232.0,262.0,267.0,20.7,usda,3
173016,"Cereals, QUAKER, Instant Oatmeal, Cinnamon Spice, reduced sugar",11.26,6.11,69.45,358.0,8.45,8.8,391.0,329.0,760.0,11.91,usda,3
173017,"Cereals ready-to-eat, NATURE'S PATH, Organic FLAX PLUS flakes",11.91,5.46,75.27,350.0,3.4,16.6,460.0,501.0,458.0,12.25,usda,3
173018,"Cereals ready-to-eat, BARBARA'S PUFFINS, original",7.41,3.7,84.0,333.0,3.59,18.5,126.0,315.0,704.0,18.52,usda,3
173019,"Cereals ready-to-eat, POST, HONEY BUNCHES OF OATS, with real strawberries",6.7,4.9,83.3,399.0,2.9,5.4,139.0,219.0,410.0,24.0,usda,3
173020,"Cereals ready-to-eat, POST HONEY BUNCHES OF OATS with cinnamon bunches",7.1,5.0,82.8,400.0,2.8,5.8,145.0,184.0,464.0,20.4,usda,3
173021,"Figs, raw",0.75,0.3,19.18,74.0,79.11,2.9,14.0,232.0,1.0,16.26,usda,0
173022,"Figs, canned, water pack, solids and liquids",0.4,0.1,13.99,53.0,85.21,2.2,10.0,103.0,1.0,11.79,usda,0
173023,"Figs, canned, light syrup pack, solids and liquids",0.39,0.1,17.95,69.0,81.26,1.8,10.0,102.0,1.0,16.15,usda,0
173024,"Figs, canned, heavy syrup pack, solids and liquids",0.38,0.1,22.9,88.0,76.33,2.2,10.0,99.0,1.0,20.7,usda,0
173025,"Figs, canned, extra heavy syrup pack, solids and liquids",0.38,0.1,27.86,107.0,71.39,0.2,10.0,97.0,1.0,1.25,usda,0
173026,"Fruit cocktail, (peach and pineapple and pear and grape and cherry), canned, extra light syrup, solids and liquids",0.4,0.07,11.63,45.0,87.7,1.1,12.0,104.0,4.0,1.25,usda,0
173027,"Fruit cocktail, (peach and pineapple and pear and grape and cherry), canned, light syrup, solids and liquids",0.4,0.07,14.93,57.0,84.37,1.0,11.0,89.0,6.0,13.93,usda,0
173028,"Fruit cocktail, (peach and pineapple and pear and grape and cherry), canned, heavy syrup, solids and liquids",0.39,0.07,18.91,73.0,80.4,1.0,11.0,88.0,6.0,17.91,usda,0
173029,"Fruit cocktail, (peach and pineapple and pear and grape and cherry), canned, extra heavy syrup, solids and liquids",0.39,0.07,22.89,88.0,76.43,1.1,11.0,86.0,6.0,1.25,usda,0
173030,"Gooseberries, raw",0.88,0.58,10.18,44.0,87.87,4.3,27.0,198.0,1.0,1.25,usda,0
173031,"Gooseberries, canned, light syrup pack, solids and liquids",0.65,0.2,18.75,73.0,80.1,2.4,7.0,77.0,2.0,1.25,usda,0
173033,"Grapefruit, raw, pink and red and white, all areas",0.63,0.1,8.08,32.0,90.89,1.1,8.0,139.0,0.0,6.98,usda,0
173034,"Grapefruit, raw, white, Florida",0.63,0.1,8.19,32.0,90.76,0.2,7.0,150.0,0.0,1.25,usda,0
173035,"Grapefruit, sections, canned, water pack, solids and liquids",0.58,0.1,9.15,36.0,89.85,0.4,10.0,132.0,2.0,8.75,usda,0
173036,"Grapefruit, sections, canned, juice pack, solids and liquids",0.7,0.09,9.21,37.0,89.67,0.4,12.0,169.0,7.0,8.8,usda,0
173037,"Grapefruit, sections, canned, light syrup pack, solids and liquids",0.56,0.1,15.44,60.0,83.59,0.4,10.0,129.0,2.0,15.04,usda,0
173038,"Grapefruit juice, pink or red, with added calcium",0.51,0.68,7.74,39.0,90.77,0.3,16.0,132.0,2.0,7.96,usda,0
173039,"Grapefruit juice, white, raw",0.5,0.1,9.2,39.0,90.0,0.1,15.0,162.0,1.0,9.1,usda,0
173040,"Grapes, muscadine, raw",0.81,0.47,13.93,57.0,84.29,3.9,24.0,203.0,1.0,1.25,usda,0
173041,"Grape juice, canned or bottled, unsweetened, with added ascorbic acid",0.37,0.13,14.77,60.0,84.51,0.2,14.0,104.0,5.0,14.2,usda,0
173042,"Grape juice, canned or bottled, unsweetened, without added ascorbic acid",0.37,0.13,14.77,60.0,84.51,0.2,14.0,104.0,5.0,14.2,usda,0
173044,"Guavas, common, raw",2.55,0.95,14.32,68.0,80.8,5.4,40.0,417.0,2.0,8.92,usda,0
173045,"Guavas, strawberry, raw",0.58,0.6,17.36,69.0,80.66,5.4,27.0,292.0,37.0,1.25,usda,0
173046,"Beef, top loin petite roast, boneless, separable lean only, trimmed to 1/8"" fat, all grades, cooked, roasted",28.33,8.76,0.82,195.0,60.91,0.0,232.0,371.0,62.0,0.0,usda,1
173047,"Beef, top loin petite roast, boneless, separable lean only, trimmed to 1/8"" fat, choice, cooked, roasted",28.24,9.97,0.88,206.0,59.74,0.0,231.0,371.0,62.0,0.0,usda,1
173048,"Beef, top loin petite roast, boneless, separable lean only, trimmed to 1/8"" fat, select, cooked, roasted",28.48,6.95,0.74,179.0,62.67,0.0,245.0,396.0,64.0,0.0,usda,1
173049,"Beef, top loin petite roast/filet, boneless, separable lean only, trimmed to 1/8"" fat, all grades, raw",22.61,5.84,0.0,143.0,70.59,0.0,239.0,407.0,60.0,0.0,usda,1
173050,"Beef, loin, top sirloin filet, boneless, separable lean only, trimmed to 0"" fat, select, cooked, grilled",30.78,4.68,0.0,165.0,63.44,0.0,262.0,390.0,56.0,0.0,usda,1
173051,"Beef, loin, top sirloin petite roast, boneless, separable lean only, trimmed to 0"" fat, all grades, cooked, roasted",29.12,5.92,0.0,170.0,63.93,0.0,243.0,377.0,57.0,0.0,usda,1
173052,"Beef, loin, top sirloin petite roast, boneless, separable lean only, trimmed to 0"" fat, select, cooked, roasted",29.35,5.25,0.0,165.0,64.36,0.0,268.0,426.0,58.0,0.0,usda,1
173053,"Beef, loin, top sirloin petite roast/filet, boneless, separable lean only, trimmed to 0"" fat, all grades, raw",23.04,3.98,0.0,128.0,72.67,0.0,222.0,395.0,65.0,0.0,usda,1
173054,"Beef, ribeye cap steak, boneless, separable lean only, trimmed to 0"" fat, all grades, cooked, grilled",24.66,15.7,1.53,246.0,57.18,0.0,220.0,351.0,86.0,0.0,usda,1
173055,"Beef, ribeye cap steak, boneless, separable lean only, trimmed to 0"" fat, choice, cooked, grilled",24.24,17.21,1.81,259.0,55.8,0.0,219.0,349.0,86.0,0.0,usda,1
173056,"Beef, ribeye cap steak, boneless, separable lean only, trimmed to 0"" fat, select, cooked, grilled",25.28,13.43,1.1,226.0,59.26,0.0,219.0,346.0,79.0,0.0,usda,1
173057,"Beef, ribeye cap steak, boneless, separable lean only, trimmed to 0"" fat, all grades, raw",19.7,10.6,1.51,180.0,67.31,0.0,210.0,357.0,88.0,0.0,usda,1
173058,"Beef, ribeye petite roast, boneless, separable lean only, trimmed to 0"" fat, all grades, cooked, roasted",28.15,7.31,0.0,178.0,63.52,0.0,254.0,398.0,55.0,0.0,usda,1
173059,"Beef, ribeye petite roast, boneless, separable lean only, trimmed to 0"" fat, choice, cooked, roasted",28.0,8.42,0.0,188.0,62.52,0.0,234.0,363.0,54.0,0.0,usda,1
173060,"Beef, ribeye petite roast, boneless, separable lean only, trimmed to 0"" fat, select, cooked, roasted",28.37,5.65,0.0,164.0,65.02,0.0,236.0,372.0,84.0,0.0,usda,1
173061,"Beef, loin, top sirloin cap steak, boneless, separable lean and fat, trimmed to 1/8"" fat, all grades, cooked, grilled",26.0,15.0,0.8,242.0,57.1,0.0,226.0,361.0,89.0,0.0,usda,1
173062,"Beef, loin, top sirloin cap steak, boneless, separable lean and fat, trimmed to 1/8"" fat, select, raw",20.1,10.9,0.0,179.0,68.6,0.0,207.0,339.0,78.0,0.0,usda,1
173063,"Beef, top loin filet, boneless, separable lean and fat, trimmed to 1/8"" fat, all grades, cooked, grilled",27.4,14.1,0.6,239.0,56.8,0.0,236.0,376.0,93.0,0.0,usda,1
173064,"Beef, top loin filet, boneless, separable lean and fat, trimmed to 1/8"" fat, choice, cooked, grilled",26.8,15.9,0.6,253.0,55.6,0.0,231.0,368.0,91.0,0.0,usda,1
173065,"Beef, top loin filet, boneless, separable lean and fat, trimmed to 1/8"" fat, select, cooked, grilled",28.3,11.6,0.4,219.0,58.6,0.0,239.0,378.0,86.0,0.0,usda,1
173066,"Beef, top loin petite roast/filet, boneless, separable lean and fat, trimmed to 1/8"" fat, choice, raw",20.8,12.6,0.6,199.0,65.1,0.0,212.0,360.0,89.0,0.0,usda,1
173067,"Beef, top loin petite roast/filet, boneless, separable lean and fat, trimmed to 1/8"" fat, select, raw",21.6,9.3,0.0,170.0,68.4,0.0,225.0,369.0,85.0,0.0,usda,1
173069,"Beef, loin, top loin steak, boneless, lip-on, separable lean only, trimmed to 1/8"" fat, choice, cooked, grilled",28.66,10.34,0.0,208.0,60.58,0.0,226.0,293.0,56.0,0.0,usda,1
173070,"Beef, loin, top loin steak, boneless, lip-on, separable lean only, trimmed to 1/8"" fat, select, cooked, grilled",29.67,7.26,0.0,184.0,62.99,0.0,236.0,315.0,51.0,0.0,usda,1
173071,"Beef, loin, top loin steak, boneless, lip-on, separable lean only, trimmed to 1/8"" fat, all grades, cooked, grilled",29.06,9.11,0.0,198.0,61.54,0.0,229.0,299.0,54.0,0.0,usda,1
173072,"Beef, loin, top loin steak, boneless, lip-on, separable lean and fat, trimmed to 1/8"" fat, choice, raw",21.13,13.36,0.0,205.0,64.65,0.0,187.0,253.0,44.0,0.0,usda,1
173073,"Beef, New Zealand, imported, brisket point end, separable lean only, cooked, braised",34.51,7.05,0.0,202.0,58.64,0.0,167.0,178.0,30.0,0.0,usda,1
173074,"Beef, New Zealand, imported, brisket point end, separable lean only, raw",20.92,4.62,0.0,125.0,73.75,0.0,189.0,321.0,51.0,0.0,usda,1
173075,"Beef, New Zealand, imported, chuck eye roll, separable lean only, raw",20.46,5.41,0.0,131.0,73.5,0.0,180.0,315.0,56.0,0.0,usda,1
173076,"Beef, New Zealand, imported, chuck eye roll, separable lean only, cooked, braised",32.08,8.89,0.0,208.0,59.68,0.0,157.0,189.0,38.0,0.0,usda,1
173077,"Beef, New Zealand, imported, flank, separable lean only, cooked, braised",30.75,7.92,0.0,194.0,61.51,0.0,141.0,192.0,28.0,0.0,usda,1
173078,"Beef, New Zealand, imported, flank, separable lean only, raw",20.53,6.67,0.0,142.0,73.62,0.0,175.0,331.0,47.0,0.0,usda,1
173079,"Beef, New Zealand, imported, flat, separable lean only, cooked, braised",33.22,10.3,0.0,226.0,56.39,0.0,159.0,172.0,30.0,0.0,usda,1
173080,"Beef, New Zealand, imported, flat, separable lean only, raw",21.3,7.69,0.0,154.0,70.81,0.0,175.0,291.0,50.0,0.0,usda,1
173081,"Beef, New Zealand, imported, variety meats and by-products, heart, cooked, boiled",31.29,6.0,0.0,179.0,62.27,0.0,265.0,184.0,59.0,0.0,usda,1
173082,"Beef, New Zealand, imported, intermuscular fat, cooked",7.9,57.22,3.39,560.0,31.16,0.0,75.0,125.0,25.0,0.0,usda,1
173083,"Beef, New Zealand, imported, intermuscular fat, raw",6.97,63.78,0.01,602.0,29.04,0.0,68.0,143.0,32.0,0.0,usda,1
173084,"Beef, New Zealand, imported, variety meats and by-products, kidney, cooked, boiled",27.28,5.27,0.0,157.0,66.44,0.0,338.0,144.0,123.0,0.0,usda,1
173085,"Beef, New Zealand, imported, knuckle, cooked, fast fried",27.51,7.58,0.0,178.0,64.7,0.0,232.0,405.0,49.0,0.0,usda,1
173086,"Beef, New Zealand, imported, manufacturing beef, raw",21.23,3.68,0.23,119.0,73.84,0.0,182.0,340.0,55.0,0.0,usda,1
173087,"Beef, New Zealand, imported, oyster blade, separable lean only, cooked, braised",29.87,8.46,0.0,196.0,62.38,0.0,144.0,151.0,25.0,0.0,usda,1
173088,"Beef, New Zealand, imported, oyster blade, separable lean only, raw",21.83,7.56,0.0,155.0,71.68,0.0,158.0,297.0,59.0,0.0,usda,1
173089,"Beef, New Zealand, imported, ribs prepared, cooked, fast roasted",27.23,9.74,0.09,197.0,61.82,0.0,204.0,363.0,58.0,0.0,usda,1
173090,"Beef, New Zealand, imported, subcutaneous fat, cooked",6.5,78.3,0.0,731.0,15.41,0.0,66.0,129.0,25.0,0.0,usda,1
173091,"Beef, New Zealand, imported, subcutaneous fat, raw",8.5,72.38,0.0,685.0,19.91,0.0,51.0,93.0,26.0,0.0,usda,1
173092,"Beef, New Zealand, imported, sweetbread, cooked, boiled",12.53,29.79,0.0,318.0,56.26,0.0,356.0,258.0,52.0,0.0,usda,1
173093,"Beef, New Zealand, imported, sweetbread, raw",11.51,28.6,0.0,303.0,57.67,0.0,331.0,318.0,64.0,0.0,usda,1
173094,"Beef, New Zealand, imported, tenderloin, separable lean only, cooked, fast fried",29.37,9.01,0.27,200.0,59.69,0.0,259.0,427.0,45.0,0.0,usda,1
173095,"Beef, New Zealand, imported, variety meats and by-products, tripe cooked, boiled",19.0,2.98,0.0,103.0,77.71,0.0,168.0,102.0,40.0,0.0,usda,1
173096,"Beef, New Zealand, imported, variety meats and by-products, tripe uncooked, raw",14.86,1.98,0.0,77.0,82.19,0.0,159.0,217.0,81.0,0.0,usda,1
173097,"Beef, New Zealand, imported, bolar blade, separable lean and fat, cooked, fast roasted",31.3,11.37,0.0,228.0,57.82,0.0,157.0,177.0,33.0,0.0,usda,1
173098,"Beef, New Zealand, imported, bolar blade, separable lean and fat, raw",21.29,8.22,0.0,159.0,70.23,0.0,183.0,313.0,54.0,0.0,usda,1
173099,"Beef, New Zealand, imported, chuck eye roll, separable lean and fat, cooked, braised",29.92,14.74,0.0,252.0,55.95,0.0,149.0,183.0,37.0,0.0,usda,1
173100,"Beef, New Zealand, imported, chuck eye roll, separable lean and fat, raw",19.38,11.45,0.0,181.0,68.67,0.0,169.0,295.0,53.0,0.0,usda,1
173101,"Beef, New Zealand, imported, cube roll, separable lean and fat, cooked, fast roasted",27.79,19.45,0.03,286.0,52.86,0.0,195.0,338.0,49.0,0.0,usda,1
173102,"Beef, New Zealand, imported, cube roll, separable lean and fat, raw",18.22,16.31,1.26,225.0,63.38,0.0,161.0,297.0,43.0,0.0,usda,1
173103,"Beef, New Zealand, imported, flat, separable lean and fat, raw",20.57,10.55,0.0,177.0,68.68,0.0,170.0,283.0,49.0,0.0,usda,1
173104,"Beef, New Zealand, imported, hind shin, separable lean and fat, cooked, braised",29.82,8.5,0.07,196.0,61.87,0.0,150.0,211.0,43.0,0.0,usda,1
173105,"Beef, New Zealand, imported, hind shin, separable lean and fat, raw",20.61,7.2,0.0,147.0,71.41,0.0,170.0,313.0,61.0,0.0,usda,1
173106,"Beef, New Zealand, imported, oyster blade, separable lean and fat, cooked, braised",29.79,8.68,0.0,197.0,62.23,0.0,144.0,151.0,25.0,0.0,usda,1
173107,"Beef, New Zealand, imported, striploin, separable lean and fat, raw",18.49,19.53,0.6,252.0,60.78,0.0,153.0,268.0,43.0,0.0,usda,1
173108,"Beef, New Zealand, imported, tenderloin, separable lean and fat, cooked, fast fried",29.26,9.35,0.27,202.0,59.47,0.0,258.0,425.0,45.0,0.0,usda,1
173109,"Beef, New Zealand, imported, tenderloin, separable lean and fat, raw",21.04,6.88,0.0,146.0,71.18,0.0,203.0,359.0,39.0,0.0,usda,1
173110,"Beef, ground, 93% lean meat / 7% fat, raw",20.85,7.0,0.0,152.0,71.72,0.0,192.0,336.0,66.0,0.0,usda,1
173111,"Beef, ground, 97% lean meat / 3% fat, raw",21.98,3.0,0.0,121.0,74.75,0.0,203.0,357.0,66.0,0.0,usda,1
173112,"Beef, ground, 97% lean meat / 3% fat, patty, cooked, broiled",26.36,4.46,0.0,153.0,67.96,0.0,208.0,353.0,64.0,0.0,usda,1
173113,"Beef, ground, 97% lean meat /3% fat, patty, cooked, pan-broiled",26.03,3.65,0.0,144.0,68.68,0.0,224.0,382.0,69.0,0.0,usda,1
173114,"Beef, ground, 97% lean meat / 3% fat, loaf, cooked, baked",27.58,4.06,0.0,154.0,66.43,0.0,202.0,321.0,56.0,0.0,usda,1
173115,"Beef, round, bottom round, steak, separable lean only, trimmed to 1/8"" fat, choice, cooked, braised",34.22,9.02,0.0,228.0,56.44,0.0,215.0,278.0,45.0,0.0,usda,1
173116,"Beef, short loin, top loin, steak, separable lean only, trimmed to 1/8"" fat, choice, raw",22.78,6.43,0.0,155.0,70.3,0.0,208.0,348.0,58.0,0.0,usda,1
173117,"Beef, tenderloin, steak, separable lean only, trimmed to 1/8"" fat, choice, cooked, broiled",29.01,9.1,0.0,206.0,61.68,0.0,223.0,358.0,59.0,0.0,usda,1
173118,"Beef, top sirloin, steak, separable lean only, trimmed to 1/8"" fat, choice, cooked, broiled",29.51,6.72,0.0,187.0,63.27,0.0,231.0,369.0,61.0,0.0,usda,1
173119,"Beef, short loin, top loin, steak, separable lean only, trimmed to 1/8"" fat, choice, cooked, broiled",29.16,8.45,0.0,201.0,61.99,0.0,226.0,362.0,60.0,0.0,usda,1
173120,"Beef, round, eye of round, roast, separable lean only, trimmed to 1/8"" fat, select, raw",22.31,2.62,0.0,119.0,73.97,0.0,219.0,364.0,62.0,0.0,usda,1
173121,"Beef, round, top round, steak, separable lean only, trimmed to 1/8"" fat, select, raw",23.13,3.37,0.0,129.0,72.63,0.0,224.0,373.0,64.0,0.0,usda,1
173122,"Beef, round, bottom round, roast, separable lean only, trimmed to 1/8"" fat, select, raw",22.18,3.66,0.0,128.0,73.17,0.0,217.0,361.0,62.0,0.0,usda,1
173123,"Beef, rib, small end (ribs 10-12), separable lean only, trimmed to 1/8"" fat, all grades, cooked, broiled",29.58,7.63,0.0,195.0,64.27,0.0,235.0,378.0,62.0,0.0,usda,1
173124,"Beef, bottom sirloin, tri-tip roast, separable lean only, trimmed to 0"" fat, select, raw",21.34,4.21,0.0,129.0,73.48,0.0,204.0,344.0,54.0,0.0,usda,1
173125,"Beef, round, tip round, roast, separable lean only, trimmed to 0"" fat, all grades, raw",21.07,3.95,0.0,126.0,74.48,0.0,198.0,323.0,54.0,0.0,usda,1
173126,"Beef, round, tip round, roast, separable lean only, trimmed to 0"" fat, choice, raw",20.76,4.55,0.0,130.0,73.98,0.0,200.0,318.0,52.0,0.0,usda,1
173127,"Beef, round, tip round, roast, separable lean only, trimmed to 0"" fat, select, raw",21.38,3.35,0.0,122.0,74.99,0.0,203.0,337.0,58.0,0.0,usda,1
173128,"Beef, brisket, flat half, separable lean and fat, trimmed to 1/8"" fat, choice, raw",18.12,22.15,0.12,278.0,58.8,0.0,166.0,281.0,61.0,0.0,usda,1
173129,"Beef, brisket, flat half, separable lean and fat, trimmed to 1/8"" fat, select, raw",17.77,22.21,0.0,276.0,59.34,0.0,164.0,271.0,58.0,0.0,usda,1
173130,"Beef, brisket, flat half, separable lean and fat, trimmed to 1/8"" fat, choice, cooked, braised",28.66,19.47,0.0,298.0,51.58,0.0,171.0,227.0,46.0,0.0,usda,1
173131,"Snacks, popcorn, microwave, 94% fat free",10.72,6.1,76.04,402.0,4.22,13.6,304.0,284.0,571.0,0.65,usda,3
173136,"Formulated bar, MARS SNACKFOOD US, SNICKERS MARATHON Energy Bar, all flavors",21.91,10.79,50.3,386.0,14.0,6.7,455.0,351.0,383.0,28.71,usda,3
173137,"Formulated bar, POWER BAR, chocolate",14.15,3.11,69.63,363.0,9.83,5.7,614.0,362.0,308.0,30.07,usda,3
173139,"Formulated bar, SLIM-FAST OPTIMA meal bar, milk chocolate peanut",16.19,8.92,60.21,386.0,10.87,5.1,673.0,289.0,253.0,25.0,usda,3
173140,"Snacks, soy chips or crisps, salted",26.5,7.35,53.15,385.0,8.5,3.5,7.0,7.0,842.0,1.8,usda,3
173141,"Popcorn, microwave, regular (butter) flavor, made with palm oil",8.38,30.22,57.26,535.0,0.9,10.0,275.0,393.0,763.0,0.3,usda,3
173142,"Snacks, plantain chips, salted",2.28,29.59,63.84,531.0,2.09,3.5,78.0,786.0,202.0,0.92,usda,3
173143,"Tortilla chips, yellow, plain, salted",6.62,22.33,67.38,497.0,1.94,4.7,234.0,206.0,310.0,1.21,usda,3
173144,"Snacks, granola bar, KASHI GOLEAN, crunchy, mixed flavors",17.88,9.23,59.58,393.0,9.43,5.9,263.0,300.0,486.0,27.3,usda,3
173145,"Snacks, granola bar, chewy, reduced sugar, all flavors",5.55,12.5,69.4,412.0,11.65,3.1,159.0,199.0,312.0,20.8,usda,3
173146,"Snacks, granola bites, mixed flavors",7.17,17.5,66.27,451.0,7.88,5.7,216.0,285.0,167.0,30.0,usda,3
173147,"Snacks, pita chips, salted",11.79,15.2,68.26,457.0,2.0,3.8,124.0,129.0,854.0,4.76,usda,3
173148,"Snacks, granola bars, soft, almond, confectioners coating",8.6,20.0,60.13,455.0,8.74,4.3,192.0,320.0,486.0,34.0,usda,3
173149,"Formulated bar, high fiber, chewy, oats and chocolate",5.0,10.0,69.82,389.0,12.04,22.5,419.0,447.0,237.0,25.0,usda,3
173150,"Snacks, bagel chips, plain",12.34,15.14,66.36,451.0,5.05,4.1,131.0,140.0,233.0,6.02,usda,3
173151,"Snacks, NUTRI-GRAIN FRUIT AND NUT BAR",9.38,10.93,66.72,403.0,11.26,7.5,290.0,328.0,195.0,32.45,usda,3
173152,"Snacks, yucca (cassava) chips, salted",1.34,25.91,69.23,515.0,2.8,3.7,99.0,868.0,296.0,3.36,usda,3
173153,"Snacks, granola bar, GENERAL MILLS, NATURE VALLEY, CHEWY TRAIL MIX",5.71,11.43,72.27,415.0,9.3,3.8,168.0,189.0,185.0,42.86,usda,3
173154,"Snacks, granola bar, QUAKER, DIPPS, all flavors",7.52,20.42,64.96,480.0,5.56,3.2,162.0,231.0,269.0,37.61,usda,3
173155,"Snacks, brown rice chips",8.2,2.8,81.5,384.0,5.8,4.2,360.0,290.0,326.0,0.6,usda,3
173156,"Snack, Pretzel, hard chocolate coated",7.05,17.64,70.07,467.0,3.06,3.5,128.0,199.0,494.0,38.8,usda,3
173157,"Snacks, peas, roasted, wasabi-flavored",14.11,14.11,62.2,432.0,6.93,3.8,270.0,732.0,300.0,14.11,usda,3
173158,"Formulated Bar, SOUTH BEACH protein bar",30.34,15.17,38.4,412.0,12.16,7.3,445.0,793.0,436.0,15.17,usda,3
173159,"Snack, BALANCE, original bar",28.0,12.0,48.73,415.0,7.76,3.1,465.0,678.0,253.0,34.89,usda,3
173160,"Snacks, shrimp cracker",7.14,17.86,59.09,426.0,13.6,5.6,191.0,193.0,571.0,21.43,usda,3
173161,Rice crackers,10.0,5.0,82.64,416.0,0.11,0.0,362.0,243.0,233.0,0.0,usda,3
173162,"Beverages, MONSTER energy drink, low carb",0.0,0.0,1.38,5.0,98.35,0.0,0.0,0.0,75.0,1.38,usda,0
173163,"Beverages, Whiskey sour mix, powder",0.6,0.1,97.3,383.0,0.6,0.0,13.0,19.0,274.0,97.3,usda,3
173164,"Alcoholic beverage, whiskey sour, prepared with water, whiskey and powder mix",0.1,0.02,15.85,164.0,69.15,0.0,4.0,4.0,47.0,15.81,usda,0
173165,"Beverages, THE COCA-COLA COMPANY, NOS energy drink, Original, grape, loaded cherry, charged citrus, fortified with vitamins B6 and B12",0.0,0.0,11.25,44.0,88.45,0.0,0.0,0.0,85.0,11.25,usda,0
173166,"Beverages, water, bottled, yumberry, pomegranate with anti-oxidants, zero calories",0.0,0.0,1.25,5.0,98.75,0.0,0.0,8.0,10.0,0.0,usda,0
173167,"Beverages, ABBOTT, EAS whey protein powder",66.67,5.13,17.95,385.0,6.61,0.0,643.0,564.0,385.0,5.13,usda,3
173168,"Alcoholic beverage, creme de menthe, 72 proof",0.0,0.3,41.6,371.0,28.3,0.0,0.0,0.0,5.0,41.6,usda,2
173169,"Beverages, NESTLE, Boost plus, nutritional drink, ready-to-drink",5.38,5.38,17.29,138.0,71.1,1.2,115.0,138.0,77.0,8.46,usda,0
173170,"Beverages, SLIMFAST, Meal replacement,  High Protein Shake, Ready-To-Drink, 3-2-1 plan",6.59,3.38,0.85,61.0,88.57,0.4,136.0,179.0,72.0,0.6,usda,1
173171,"Beverages, UNILEVER, SLIMFAST, meal replacement, regular, ready-to-drink,  3-2-1 Plan",3.32,1.93,7.74,57.0,85.69,1.6,161.0,193.0,68.0,5.95,usda,0
173172,"Beverages, UNILEVER, SLIMFAST Shake Mix, powder, 3-2-1 Plan",8.13,13.34,73.92,448.0,1.99,18.1,385.0,247.0,472.0,38.02,usda,3
173173,"Beverages, FUZE, orange mango, fortified with vitamins A, C, E, B6",0.68,0.06,9.2,38.0,87.97,0.2,16.0,192.0,10.0,9.0,usda,0
173174,"Beverages, UNILEVER, SLIMFAST Shake Mix, high protein, whey powder, 3-2-1 Plan,",27.87,13.46,50.0,433.0,5.4,18.2,563.0,752.0,495.0,20.59,usda,3
173175,"Beverages, Acai berry drink, fortified",0.83,0.83,12.83,62.0,84.88,1.2,13.0,130.0,13.0,11.1,usda,0
173176,"Alcoholic beverage, wine, dessert, sweet",0.2,0.0,13.69,160.0,70.51,0.0,9.0,92.0,9.0,7.78,usda,0
173177,"Beverages, Whey protein powder isolate",58.14,1.16,29.07,359.0,0.86,0.0,581.0,872.0,372.0,1.16,usda,3
173178,"Beverages, Orange juice, light, No pulp",0.21,0.0,5.42,21.0,94.19,0.0,4.0,188.0,4.0,4.17,usda,0
173179,"Beverages, The COCA-COLA company, Hi-C Flashin' Fruit Punch",0.0,0.0,12.5,45.0,87.49,0.0,0.0,0.0,8.0,12.5,usda,0
173180,"Beverages, Protein powder whey based",78.13,1.56,6.25,352.0,3.44,3.1,1321.0,500.0,156.0,0.0,usda,3
173181,"Beverages, Protein powder soy based",55.56,5.56,28.89,388.0,4.13,6.7,1272.0,933.0,733.0,22.22,usda,3
173182,"Beverages, rich chocolate, powder",0.0,0.0,92.96,372.0,1.28,0.0,0.0,0.0,636.0,81.82,usda,2
173183,"Beverages, GEROLSTEINER BRUNNEN GmbH & Co. KG (Gerolsteiner), naturally sparkling, mineral bottled water",0.0,0.0,0.0,0.0,99.95,0.0,0.0,2.0,13.0,0.0,usda,0
173184,"Beverages, chocolate malt, powder, prepared with fat free milk",3.25,0.17,8.64,49.0,86.95,0.0,97.0,158.0,77.0,7.77,usda,0
173185,"Alcoholic beverage, wine, table, all",0.07,0.0,2.72,83.0,86.58,0.0,20.0,99.0,5.0,0.79,usda,0
173187,"Beverages, chocolate almond milk, unsweetened, shelf-stable, fortified with vitamin D2 and E",0.83,1.46,1.25,21.0,95.78,0.4,17.0,96.0,75.0,0.0,usda,0
173188,"Beverages, The COCA-COLA company, Glaceau Vitamin Water, Revive Fruit Punch, fortified",0.0,0.0,0.0,0.0,99.17,0.0,0.0,148.0,0.0,0.0,usda,0
173189,"Beverages, MINUTE MAID, Lemonada, Limeade",0.0,0.0,13.75,50.0,86.08,0.0,1.0,10.0,6.0,12.92,usda,0
173190,"Alcoholic beverage, wine, table, red",0.07,0.0,2.61,85.0,86.49,0.0,23.0,127.0,4.0,0.62,usda,0
173197,"Beverages, Mixed vegetable and fruit juice drink, with added nutrients",0.04,0.01,7.47,29.0,92.34,0.0,2.0,19.0,21.0,2.1,usda,0
173199,"Carbonated beverage, cream soda",0.0,0.0,13.3,51.0,86.7,0.0,0.0,1.0,12.0,13.3,usda,0
173203,"Beverages, carbonated, grape soda",0.0,0.0,11.2,43.0,88.8,0.0,0.0,1.0,15.0,1.25,usda,0
173204,"Beverages, carbonated, low calorie, other than cola or pepper,  without caffeine",0.1,0.0,0.0,0.0,99.8,0.0,0.0,2.0,6.0,0.0,usda,0
173205,"Beverages, carbonated, lemon-lime soda, no caffeine",0.09,0.0,10.42,41.0,89.49,0.0,0.0,1.0,10.0,10.38,usda,0
173206,"Beverages, carbonated, SPRITE, lemon-lime, without caffeine",0.05,0.02,10.14,40.0,89.78,0.0,0.0,1.0,9.0,8.98,usda,0
173207,"Beverages, carbonated, low calorie, other than cola or pepper, with aspartame, contains caffeine",0.1,0.0,0.0,0.0,99.8,0.0,0.0,2.0,6.0,0.0,usda,0
173209,"Beverages, carbonated, pepper-type, contains caffeine",0.0,0.1,10.4,41.0,89.4,0.0,11.0,1.0,10.0,1.25,usda,0
173210,"Beverages, Energy drink, RED BULL",0.46,0.0,10.23,43.0,89.22,0.0,0.0,3.0,39.0,10.22,usda,0
173211,"Beverages, tea, black, ready to drink, decaffeinated, diet",0.0,0.0,0.83,0.0,99.14,0.0,4.0,27.0,4.0,0.0,usda,0
173212,"Beverages, tea, black, ready to drink, decaffeinated",0.0,0.0,8.75,38.0,91.22,0.0,4.0,27.0,8.0,7.92,usda,0
173213,"Beverages, grape juice drink, canned",0.0,0.0,14.55,57.0,85.3,0.1,6.0,33.0,9.0,14.11,usda,0
173214,"Beverages, Cranberry juice cocktail",0.0,0.34,12.25,52.0,87.39,0.2,1.0,19.0,2.0,11.41,usda,0
173216,"Lemonade, frozen concentrate, white",0.22,0.7,49.89,196.0,49.06,0.3,7.0,72.0,7.0,44.46,usda,0
173217,"Lemonade, frozen concentrate, white, prepared with water",0.07,0.04,10.42,40.0,89.35,0.0,2.0,15.0,4.0,9.98,usda,0
173219,"Beverages, Malted drink mix, natural, with added nutrients, powder, prepared with whole milk",3.67,3.21,10.67,86.0,81.49,0.0,107.0,200.0,72.0,8.37,usda,0
173220,"Beverages, Malted drink mix, natural, powder, dairy based.",14.29,9.52,71.21,428.0,2.0,0.1,358.0,758.0,405.0,47.62,usda,3
173221,"Beverages, Malted drink mix, natural, powder, prepared with whole milk",3.86,3.62,10.23,88.0,81.4,0.1,106.0,183.0,79.0,9.56,usda,0
173222,"Beverages, OVALTINE, chocolate malt powder",0.0,0.0,92.96,372.0,1.28,0.0,0.0,0.0,530.0,72.73,usda,2
173223,"Beverages, orange and apricot juice drink, canned",0.3,0.1,12.7,51.0,86.7,0.1,8.0,80.0,2.0,12.06,usda,0
173224,"Beverages, pineapple and grapefruit juice drink, canned",0.2,0.1,11.6,47.0,87.9,0.1,6.0,61.0,14.0,11.52,usda,0
173225,"Beverages, pineapple and orange juice drink, canned",1.3,0.0,11.8,50.0,86.9,0.1,4.0,46.0,3.0,11.59,usda,0
173226,"Shake, fast food, vanilla",3.37,6.52,19.59,148.0,69.65,0.9,98.0,166.0,81.0,13.63,usda,0
173227,"Beverages, tea, black, brewed, prepared with tap water",0.0,0.0,0.3,1.0,99.7,0.0,1.0,37.0,3.0,0.0,usda,0
173228,"Beverages, tea, instant, decaffeinated, lemon, diet",3.3,0.6,85.4,338.0,3.5,0.0,140.0,2568.0,412.0,1.88,usda,3
173229,"Beverages, tea, instant, decaffeinated, lemon, sweetened",0.12,0.73,98.55,401.0,0.13,0.0,2.0,169.0,5.0,95.29,usda,3
173230,"Beverages, tea, instant, unsweetened, powder",20.21,0.0,58.66,315.0,5.09,8.5,239.0,6040.0,72.0,5.53,usda,3
173231,"Beverages, tea, instant, lemon, diet",0.02,0.0,0.44,2.0,99.41,0.0,1.0,14.0,6.0,0.01,usda,0
173232,"Beverages, tea, herb, other than chamomile, brewed",0.0,0.0,0.2,1.0,99.7,0.0,0.0,9.0,1.0,0.0,usda,0
173233,"Beverages, water, bottled, PERRIER",0.0,0.0,0.0,0.0,99.9,0.0,0.0,0.0,1.0,1.25,usda,0
173234,"Beverages, water, bottled, POLAND SPRING",0.0,0.0,0.0,0.0,100.0,0.0,0.0,0.0,1.0,1.25,usda,0
173235,"Beverages, orange-flavor drink, breakfast type, powder",0.0,0.0,98.94,386.0,0.14,0.4,151.0,190.0,17.0,92.31,usda,3
173236,"Beverages, orange-flavor drink, breakfast type, powder, prepared with water",0.0,0.0,12.65,49.0,87.15,0.1,19.0,25.0,5.0,11.8,usda,0
173237,"Beverages, Orange-flavor drink, breakfast type, low calorie, powder",3.6,0.0,85.9,217.0,1.8,3.8,629.0,3132.0,81.0,2.6,usda,3
173238,"English muffins, plain, unenriched, without calcium propionate (includes sourdough)",7.7,1.8,46.0,235.0,42.1,2.7,133.0,131.0,464.0,1.25,usda,3
173239,"Pie, apple, commercially prepared, unenriched flour",1.9,11.0,34.0,237.0,52.2,1.6,24.0,65.0,266.0,1.25,usda,3
173240,"Pie, fried pies, cherry",3.0,16.1,42.6,316.0,37.6,2.6,43.0,65.0,374.0,1.25,usda,3
173241,"Tortillas, ready-to-bake or -fry, corn, without added salt",5.7,2.5,46.6,222.0,44.1,5.2,314.0,154.0,11.0,1.25,usda,3
173242,"Tortillas, ready-to-bake or -fry, flour, without added calcium",8.7,7.1,55.6,325.0,26.8,3.3,124.0,131.0,478.0,1.25,usda,3
173243,"Cake, pound, commercially prepared, fat-free",5.4,1.2,61.0,283.0,31.0,1.1,146.0,110.0,341.0,34.34,usda,3
173244,"Cake, yellow, light, dry mix",4.7,5.5,84.1,404.0,3.1,1.3,324.0,65.0,604.0,1.25,usda,3
173258,"Nabisco, Nabisco Ritz Crackers",7.23,23.21,63.51,492.0,3.12,2.3,273.0,119.0,882.0,8.14,usda,3
173262,"Sorghum flour, refined, unenriched",9.53,1.24,76.85,357.0,11.92,1.9,87.0,145.0,1.0,1.25,usda,3
173263,"Rice, brown, parboiled, cooked, UNCLE BENS",3.09,0.85,31.33,147.0,64.38,1.7,96.0,61.0,4.0,0.15,usda,0
173264,"Pasta, gluten-free, rice flour and rice bran extract, cooked, DE BOLES",4.21,1.7,40.75,200.0,52.8,1.9,132.0,55.0,4.0,0.0,usda,0
173265,"Pasta, gluten-free, corn and rice flour, cooked",3.2,1.0,38.05,179.0,57.67,1.4,33.0,24.0,4.0,0.0,usda,0
173266,"Fast foods, biscuit, with egg and bacon",11.33,20.73,19.06,305.0,46.67,0.5,159.0,167.0,844.0,2.19,usda,3
173267,"Fast foods, biscuit, with egg and ham",10.64,14.08,16.37,233.0,56.6,0.4,165.0,166.0,1093.0,2.2,usda,1
173268,"Fast foods, biscuit, with crispy chicken fillet",11.93,14.93,30.56,300.0,39.4,1.4,355.0,206.0,868.0,2.62,usda,3
173269,"Fast foods, croissant, with egg, cheese, and bacon",12.92,16.4,22.5,289.0,45.83,1.0,217.0,160.0,602.0,4.8,usda,3
173270,"Fast foods, croissant, with egg, cheese, and ham",12.45,14.95,18.98,261.0,51.14,0.9,221.0,179.0,711.0,5.42,usda,3
173271,"Fast foods, croissant, with egg, cheese, and sausage",12.09,21.78,15.9,308.0,48.1,1.8,138.0,158.0,577.0,3.12,usda,3
173272,"Fast foods, egg, scrambled",13.84,16.18,2.08,212.0,66.7,0.0,242.0,147.0,187.0,1.64,usda,1
173273,"Fast foods, potatoes, hash browns, round pieces or patty",2.58,17.04,28.88,272.0,49.27,2.7,98.0,355.0,566.0,0.56,usda,3
173274,"Fast foods, vanilla, light, soft-serve ice cream, with cone",4.24,4.86,26.36,163.0,63.64,0.1,111.0,193.0,81.0,19.49,usda,3
173275,"Fast foods, sundae, caramel",4.71,5.98,31.81,196.0,56.5,0.0,140.0,205.0,126.0,1.25,usda,1
173276,"Fast foods, sundae, hot fudge",3.57,5.46,30.17,180.0,59.7,0.0,144.0,250.0,115.0,1.25,usda,1
173277,"Fast foods, burrito, with beans and beef",11.52,7.47,19.52,191.0,60.0,3.0,163.0,269.0,570.0,2.19,usda,3
173278,"Fast foods, burrito, with beans, cheese, and beef",7.03,6.8,23.37,180.0,60.9,3.7,131.0,204.0,451.0,2.1,usda,3
173279,"PIZZA HUT 12"" Pepperoni Pizza, Hand-Tossed Crust",12.86,11.38,31.55,280.0,41.35,1.7,218.0,207.0,801.0,3.67,usda,3
173280,"PIZZA HUT 12"" Pepperoni Pizza, Pan Crust",11.97,14.21,30.49,298.0,40.8,1.8,205.0,199.0,692.0,3.2,usda,3
173281,"PIZZA HUT 12"" Super Supreme Pizza, Hand-Tossed Crust",10.9,10.72,25.62,243.0,50.2,2.0,200.0,233.0,689.0,3.71,usda,3
173282,"DOMINO'S 14"" Cheese Pizza, Classic Hand-Tossed Crust",10.8,8.97,33.24,257.0,44.87,2.2,204.0,161.0,523.0,4.02,usda,3
173283,"DOMINO'S 14"" Cheese Pizza, Ultimate Deep Dish Crust",10.76,9.83,33.48,265.0,43.42,2.4,203.0,169.0,615.0,4.22,usda,3
173284,"PAPA JOHN'S 14"" Cheese Pizza, Original Crust",11.53,9.25,32.74,260.0,44.16,1.9,203.0,138.0,578.0,5.32,usda,3
173285,"PAPA JOHN'S 14"" Pepperoni Pizza, Original Crust",11.97,11.86,30.04,275.0,43.6,1.2,196.0,150.0,671.0,4.84,usda,3
173286,"PAPA JOHN'S 14"" The Works Pizza, Original Crust",10.27,10.21,26.69,240.0,50.57,2.5,160.0,160.0,570.0,4.84,usda,3
173287,"PAPA JOHN'S 14"" Cheese Pizza, Thin Crust",12.29,15.66,26.26,295.0,43.3,2.3,245.0,160.0,528.0,3.85,usda,3
173288,"LITTLE CAESARS 14"" Pepperoni Pizza, Large Deep Dish Crust",12.93,10.81,29.03,265.0,44.98,1.5,215.0,173.0,492.0,3.39,usda,3
173289,"LITTLE CAESARS 14"" Cheese Pizza, Thin Crust",16.23,16.99,22.85,309.0,41.21,1.6,297.0,177.0,455.0,2.76,usda,3
173290,"PIZZA HUT 14"" Cheese Pizza, Hand-Tossed Crust",11.98,10.42,33.42,275.0,41.48,2.4,228.0,183.0,674.0,3.13,usda,3
173291,"PIZZA HUT 14"" Cheese Pizza, Pan Crust",10.85,11.25,32.85,276.0,42.68,2.1,216.0,170.0,580.0,2.47,usda,3
173292,"Fast Food, Pizza Chain, 14"" pizza, cheese topping, regular crust",11.39,9.69,33.33,266.0,43.17,2.3,216.0,172.0,598.0,3.58,usda,3
173293,"Fast Food, Pizza Chain, 14"" pizza, cheese topping, thick crust",10.81,10.54,33.17,271.0,43.05,2.2,209.0,169.0,597.0,3.34,usda,3
173294,"Fast Food, Pizza Chain, 14"" pizza, cheese topping, thin crust",12.85,13.95,31.2,302.0,38.92,2.5,295.0,199.0,742.0,3.61,usda,3
173295,"Fast Food, Pizza Chain, 14"" pizza, pepperoni topping, regular crust",11.74,11.91,31.98,282.0,41.77,2.3,198.0,195.0,685.0,3.26,usda,3
173296,"Fast Food, Pizza Chain, 14"" pizza, pepperoni topping, thick crust",11.49,12.58,31.84,287.0,41.53,2.2,195.0,189.0,684.0,2.93,usda,3
173297,"McDONALD'S, Chicken McNUGGETS",15.79,19.81,15.09,302.0,47.13,0.2,272.0,252.0,566.0,0.08,usda,1
173298,"McDONALD'S, Hash Brown",2.48,16.3,28.56,271.0,50.42,2.8,99.0,341.0,580.0,0.54,usda,3
173299,"McDONALD'S, Hotcakes (plain)",6.0,5.84,38.27,228.0,48.24,1.4,260.0,173.0,358.0,8.84,usda,3
173301,"McDONALD'S, Hot Caramel Sundae",3.58,4.89,33.36,188.0,57.27,0.0,112.0,186.0,80.0,23.54,usda,3
173302,"McDONALD'S, Hot Fudge Sundae",4.14,5.91,30.05,186.0,58.81,0.4,128.0,246.0,94.0,26.89,usda,3
173303,"McDONALD'S, McFLURRY with M&M'S CANDIES",4.02,6.46,26.82,177.0,61.74,0.2,116.0,208.0,54.0,24.37,usda,3
173304,"McDONALD'S, McFLURRY with OREO cookies",3.97,5.66,25.55,165.0,63.9,0.1,111.0,198.0,75.0,21.19,usda,3
173305,"McDONALD'S, McCHICKEN Sandwich",10.43,13.21,27.97,273.0,46.11,1.3,139.0,173.0,624.0,3.57,usda,3
173306,"McDONALD'S, McCHICKEN Sandwich (without mayonnaise)",11.08,8.46,30.95,240.0,47.43,1.4,150.0,184.0,555.0,4.16,usda,3
173307,"McDONALD'S, Egg McMUFFIN",13.64,9.66,21.67,228.0,52.58,1.1,200.0,173.0,617.0,2.13,usda,3
173308,"McDONALD'S, Sausage McMUFFIN",12.66,21.06,24.52,333.0,38.94,1.4,163.0,188.0,693.0,1.93,usda,3
173309,"McDONALD'S, Deluxe Breakfast, with syrup and margarine",7.56,15.23,29.48,285.0,45.91,1.0,216.0,170.0,437.0,9.88,usda,3
173310,"McDONALD'S, Hotcakes and Sausage",7.81,12.5,37.55,294.0,40.7,1.6,171.0,148.0,484.0,7.29,usda,3
173311,"McDONALD'S, Hotcakes (with 2 pats margarine & syrup)",4.05,8.06,46.08,272.0,40.6,0.9,177.0,125.0,283.0,20.58,usda,3
173313,"McDONALD'S, Fruit 'n Yogurt Parfait (without granola)",2.47,1.13,17.67,90.0,78.18,0.9,71.0,165.0,38.0,11.9,usda,0
173314,"McDONALD'S, FILET-O-FISH (without tartar sauce)",12.47,7.62,31.08,243.0,46.9,1.0,131.0,194.0,464.0,4.27,usda,3
173315,"BURGER KING, CROISSAN'WICH with Sausage, Egg and Cheese",12.09,21.78,15.9,308.0,48.1,1.8,138.0,158.0,577.0,3.12,usda,3
173316,"BURGER KING, CROISSAN'WICH with Sausage and Cheese",13.73,25.45,23.0,376.0,35.08,0.7,158.0,205.0,782.0,3.36,usda,3
173317,"Fast foods, hamburger; single, large patty; with condiments, vegetables and mayonnaise",11.34,12.37,17.33,226.0,57.52,1.5,97.0,188.0,342.0,4.0,usda,3
173318,"Fast foods, hamburger; single, regular patty; double decker bun with condiments and special sauce",12.17,13.3,22.69,259.0,50.3,1.4,112.0,194.0,386.0,1.25,usda,3
173319,"Fast foods, cheeseburger; double, regular patty; with condiments",16.24,16.18,17.97,282.0,47.16,0.9,165.0,226.0,617.0,4.16,usda,3
173320,"Fast foods, cheeseburger; double, large patty; with condiments",16.96,16.22,14.43,272.0,50.34,1.0,165.0,242.0,480.0,3.49,usda,3
173321,"Fast foods, chicken tenders",19.22,13.95,17.25,271.0,46.64,1.2,282.0,373.0,769.0,0.4,usda,1
173322,"Fast foods, bagel, with egg, sausage patty, cheese, and condiments",12.98,16.97,22.64,295.0,45.17,0.2,185.0,123.0,550.0,2.87,usda,3
173323,"Fast foods, bagel, with breakfast steak, egg, cheese, and condiments",15.95,14.07,22.99,282.0,44.9,0.2,204.0,145.0,642.0,2.97,usda,1
173324,"Light Ice Cream, soft serve, blended with milk chocolate candies",4.02,6.46,26.82,182.0,61.74,0.2,116.0,208.0,54.0,24.37,usda,3
173325,"Macaroni and Cheese, canned entree",3.38,2.46,11.52,82.0,81.39,0.5,47.0,84.0,302.0,0.5,usda,0
173326,"HOT POCKETS, CROISSANT POCKETS Chicken, Broccoli, and Cheddar Stuffed Sandwich, frozen",8.9,8.6,30.4,235.0,50.0,1.1,168.0,188.0,346.0,7.6,usda,3
173327,"HOT POCKETS Ham 'N Cheese Stuffed Sandwich, frozen",9.16,15.0,24.69,270.0,48.96,1.5,168.0,188.0,386.0,7.6,usda,3
173328,"Ravioli, cheese-filled, canned",2.48,1.45,13.64,77.0,80.91,1.3,50.0,232.0,306.0,3.72,usda,0
173329,"Ravioli, meat-filled, with tomato sauce or meat sauce, canned",3.24,3.41,13.26,97.0,79.12,1.5,40.0,178.0,283.0,1.97,usda,0
173330,"Beef stew, canned entree",4.41,5.53,7.85,99.0,80.78,0.9,42.0,163.0,388.0,1.76,usda,0
173331,"Chicken pot pie, frozen entree, prepared",5.11,11.85,19.21,204.0,62.58,1.1,72.0,110.0,393.0,2.26,usda,3
173332,"Beef, corned beef hash, with potato, canned",8.73,10.24,9.27,164.0,70.32,1.1,56.0,172.0,412.0,0.34,usda,1
173333,"Lasagna, cheese, frozen, prepared",6.54,5.33,13.84,130.0,72.78,1.7,107.0,182.0,284.0,4.23,usda,3
173334,"Lasagna with meat & sauce, frozen entree",6.63,4.42,14.39,124.0,73.1,1.4,102.0,184.0,347.0,2.96,usda,3
173335,"Burrito, beef and bean, frozen",7.26,9.61,30.84,239.0,50.48,4.2,72.0,221.0,587.0,0.7,usda,3
173336,"Burrito, bean and cheese, frozen",7.07,6.3,34.01,221.0,50.99,3.4,117.0,210.0,351.0,3.21,usda,3
173337,"Macaroni and Cheese, canned, microwavable",5.98,5.99,13.96,134.0,72.94,0.4,97.0,72.0,335.0,1.41,usda,1
173338,"Turkey, stuffing, mashed potatoes w/gravy, assorted vegetables, frozen, microwaved",6.97,3.89,16.32,128.0,71.16,1.3,106.0,230.0,326.0,4.82,usda,3
173339,"Rice bowl with chicken, frozen entree, prepared (includes fried, teriyaki, and sweet and sour varieties)",5.65,1.56,22.46,126.0,69.09,0.7,94.0,123.0,333.0,4.07,usda,0
173340,"Macaroni and cheese dinner with dry sauce mix, boxed, uncooked",13.86,4.82,70.12,379.0,8.05,3.2,331.0,347.0,680.0,9.61,usda,3
173341,"Macaroni and cheese, dry mix, prepared with 2% milk and 80% stick margarine from dry mix",4.89,8.28,23.93,190.0,61.6,1.2,112.0,129.0,338.0,4.27,usda,3
173342,"Macaroni and cheese, frozen entree",5.6,6.41,17.28,149.0,69.39,1.1,119.0,95.0,290.0,1.53,usda,3
173343,Potato salad with egg,1.96,9.4,16.18,157.0,70.99,1.3,53.0,242.0,329.0,4.95,usda,3
173344,Pulled pork in barbecue sauce,13.19,4.42,18.74,168.0,60.99,1.2,161.0,305.0,666.0,15.2,usda,3
173345,"Corn dogs, frozen, prepared",8.57,12.02,26.96,250.0,50.32,1.0,224.0,125.0,668.0,7.54,usda,3
173346,"Chicken tenders, breaded, frozen, prepared",14.62,13.58,14.86,240.0,54.83,1.7,200.0,281.0,527.0,0.57,usda,1
173347,"RICE-A-RONI, chicken flavor, unprepared",10.64,1.04,76.08,356.0,8.19,1.2,126.0,153.0,884.0,0.7,usda,3
173348,"Rice and vermicelli mix, chicken flavor, prepared with 80% margarine",2.65,3.45,23.54,136.0,69.33,0.7,36.0,58.0,377.0,0.64,usda,0
173349,"Beef, shoulder pot roast or steak, boneless, separable lean and fat, trimmed to 0"" fat, all grades, raw",21.39,4.97,0.0,130.0,72.58,0.0,234.0,395.0,72.0,0.0,usda,1
173350,"Beef, short loin, porterhouse steak, separable lean and fat, trimmed to 1/8"" fat, all grades, raw",20.49,14.06,0.0,214.0,64.67,0.0,185.0,243.0,48.0,0.0,usda,1
173351,"Beef, short loin, t-bone steak, separable lean and fat, trimmed to 1/8"" fat, all grades, cooked, grilled",24.6,20.36,0.0,289.0,54.5,0.0,201.0,248.0,62.0,0.0,usda,1
173352,"Beef, short loin, t-bone steak, separable lean and fat, trimmed to 1/8"" fat, select, raw",20.28,14.19,0.0,215.0,65.0,0.0,188.0,246.0,52.0,0.0,usda,1
173353,"Beef, short loin, t-bone steak, separable lean and fat, trimmed to 1/8"" fat, select, cooked, grilled",25.18,19.22,0.0,281.0,55.38,0.0,215.0,261.0,62.0,0.0,usda,1
173354,"Beef, round, knuckle, tip side, steak, separable lean and fat, trimmed to 0"" fat, choice, raw",21.41,4.66,0.0,133.0,73.0,0.0,213.0,378.0,62.0,0.0,usda,1
173355,"Beef, chuck, shoulder clod, shoulder tender, medallion, separable lean and fat, trimmed to 0"" fat, choice, cooked, grilled",26.07,7.68,0.0,181.0,65.57,0.0,227.0,361.0,60.0,0.0,usda,1
173356,"Beef, chuck, shoulder clod, shoulder tender, medallion, separable lean and fat, trimmed to 0"" fat, select, raw",20.93,5.79,0.0,142.0,72.79,0.0,219.0,366.0,60.0,0.0,usda,1
173357,"Beef, chuck, shoulder clod, shoulder top and center steaks, separable lean and fat, trimmed to 0"" fat, choice, raw",20.39,6.12,0.0,143.0,72.49,0.0,212.0,347.0,61.0,0.0,usda,1
173358,"Beef, chuck, shoulder clod, shoulder top and center steaks, separable lean and fat, trimmed to 0"" fat, choice, cooked, grilled",26.07,8.11,0.0,184.0,65.02,0.0,223.0,342.0,59.0,0.0,usda,1
173359,"Beef, chuck, shoulder clod, top blade, steak, separable lean and fat, trimmed to 0"" fat, select, raw",19.38,9.22,0.0,166.0,71.19,0.0,198.0,324.0,75.0,0.0,usda,1
173360,"Beef, chuck, shoulder clod, top blade, steak, separable lean and fat, trimmed to 0"" fat, select, cooked, grilled",25.29,11.52,0.0,212.0,62.22,0.0,211.0,333.0,76.0,0.0,usda,1
173361,"Beef, round, knuckle, tip center, steak, separable lean and fat, trimmed to 0"" fat, choice, raw",20.74,6.85,0.0,150.0,72.05,0.0,214.0,365.0,54.0,0.0,usda,1
173362,"Beef, round, knuckle, tip center, steak, separable lean and fat, trimmed to 0"" fat, choice, cooked, grilled",26.88,8.13,0.0,188.0,64.53,0.0,238.0,373.0,51.0,0.0,usda,1
173363,"Beef, round, knuckle, tip center, steak, separable lean and fat, trimmed to 0"" fat, select, raw",20.98,5.21,0.0,137.0,72.72,0.0,216.0,360.0,53.0,0.0,usda,1
173364,"Beef, round, outside round, bottom round, steak, separable lean and fat, trimmed to 0"" fat, select, cooked, grilled",28.01,5.17,0.0,166.0,65.76,0.0,237.0,368.0,60.0,0.0,usda,1
173365,"Beef, chuck, shoulder clod, shoulder tender, medallion, separable lean and fat, trimmed to 0"" fat, all grades, raw",20.54,6.22,0.0,144.0,72.8,0.0,196.0,327.0,58.0,0.0,usda,1
173366,"Beef, chuck, shoulder clod, shoulder tender, medallion, separable lean and fat, trimmed to 0"" fat, all grades, cooked, grilled",26.22,7.2,0.0,177.0,65.65,0.0,225.0,356.0,59.0,0.0,usda,1
173367,"Beef, round, knuckle, tip side, steak, separable lean and fat, trimmed to 0"" fat, all grades, raw",21.69,4.0,0.0,129.0,73.25,0.0,215.0,381.0,61.0,0.0,usda,1
173368,"Beef, chuck, shoulder clod, top blade, steak, separable lean and fat, trimmed to 0"" fat, all grades, cooked, grilled",24.93,12.79,0.0,222.0,62.04,0.0,203.0,322.0,77.0,0.0,usda,1
173369,"Beef, round, knuckle, tip center, steak, separable lean and fat, trimmed to 0"" fat, all grades, raw",20.93,5.89,0.0,143.0,72.45,0.0,215.0,363.0,54.0,0.0,usda,1
173370,"Beef, round, knuckle, tip center, steak, separable lean and fat, trimmed to 0"" fat, all grades, cooked, grilled",27.12,6.78,0.0,177.0,65.46,0.0,240.0,377.0,52.0,0.0,usda,1
173371,"Beef, round, outside round, bottom round, steak, separable lean and fat, trimmed to 0"" fat, all grades, raw",21.59,5.53,0.0,142.0,72.19,0.0,211.0,345.0,62.0,0.0,usda,1
173372,"Beef, rib eye roast, boneless, lip-on, separable lean only, trimmed to 1/8"" fat, select, cooked, roasted",28.72,9.68,0.0,202.0,61.49,0.0,183.0,335.0,59.0,0.0,usda,1
173373,"Beef, plate steak, boneless, inside skirt, separable lean only, trimmed to 0"" fat, all grades, cooked, grilled",29.99,12.69,0.0,234.0,57.0,0.0,171.0,303.0,63.0,0.0,usda,1
173374,"Beef, plate steak, boneless, inside skirt, separable lean only, trimmed to 0"" fat, all grades, raw",21.17,8.82,0.0,164.0,69.5,0.0,151.0,272.0,66.0,0.0,usda,1
173375,"Beef, plate steak, boneless, inside skirt, separable lean only, trimmed to 0"" fat, choice, cooked, grilled",29.56,13.72,0.0,242.0,56.33,0.0,168.0,298.0,64.0,0.0,usda,1
173376,"Beef, plate steak, boneless, outside skirt, separable lean only, trimmed to 0"" fat, all grades, raw",18.74,14.53,0.19,206.0,65.6,0.0,148.0,253.0,67.0,0.0,usda,1
173377,"Beef, plate steak, boneless, outside skirt, separable lean only, trimmed to 0"" fat, choice, cooked, grilled",27.03,20.28,0.0,291.0,51.62,0.0,185.0,286.0,71.0,0.0,usda,1
173378,"Beef, plate steak, boneless, outside skirt, separable lean only, trimmed to 0"" fat, choice, raw",18.47,15.26,0.17,212.0,65.19,0.0,147.0,251.0,68.0,0.0,usda,1
173379,"Beef, plate steak, boneless, outside skirt, separable lean only, trimmed to 0"" fat, select, cooked, grilled",28.65,17.1,0.0,268.0,53.31,0.0,197.0,284.0,70.0,0.0,usda,1
173380,"Beef, rib eye steak, boneless, lip off, separable lean only, trimmed to 0"" fat, choice, raw",21.44,8.5,0.0,162.0,69.22,0.0,153.0,262.0,56.0,0.0,usda,1
173381,"Beef, rib eye steak, boneless, lip off, separable lean only, trimmed to 0"" fat, select, cooked, grilled",29.18,8.31,0.0,191.0,62.15,0.0,181.0,318.0,59.0,0.0,usda,1
173382,"Beef, rib eye steak, boneless, lip off, separable lean only, trimmed to 0"" fat, select, raw",22.46,5.78,0.0,142.0,71.0,0.0,160.0,297.0,55.0,0.0,usda,1
173383,"Beef, rib, back ribs, bone-in, separable lean only, trimmed to 0"" fat, all grades, cooked, braised",28.36,20.57,0.0,299.0,51.12,0.0,187.0,284.0,68.0,0.0,usda,1
173384,"Beef, rib, back ribs, bone-in, separable lean only, trimmed to 0"" fat, select, raw",19.71,15.73,0.2,221.0,63.52,0.0,138.0,264.0,59.0,0.0,usda,1
173385,"Beef, rib eye steak, bone-in, lip-on, separable lean and fat, trimmed to 1/8"" fat, choice, cooked, grilled",22.71,24.7,0.0,313.0,52.36,0.0,156.0,242.0,60.0,0.0,usda,1
173386,"Beef, rib eye steak, bone-in, lip-on, separable lean and fat, trimmed to 1/8"" fat, select, cooked, grilled",23.19,23.47,0.0,304.0,53.01,0.0,155.0,246.0,59.0,0.0,usda,1
173387,"Beef, rib eye steak, bone-in, lip-on, separable lean and fat, trimmed to 1/8"" fat, all grades, cooked, grilled",22.9,24.2,0.0,309.0,52.62,0.0,156.0,243.0,60.0,0.0,usda,1
173388,"Beef, rib eye roast, bone-in, lip-on, separable lean and fat, trimmed to 1/8"" fat, choice, cooked, roasted",23.53,23.61,0.0,307.0,52.38,0.0,153.0,264.0,62.0,0.0,usda,1
173389,"Beef, rib eye steak/roast, bone-in, lip-on, separable lean and fat, trimmed to 1/8"" fat, select, raw",18.44,19.34,0.0,248.0,61.47,0.0,124.0,237.0,55.0,0.0,usda,1
173390,"Beef, rib eye steak, boneless, lip-on, separable lean and fat, trimmed to 1/8"" fat, choice, cooked, grilled",22.92,23.52,0.0,303.0,53.5,0.0,149.0,247.0,54.0,0.0,usda,1
173391,"Beef, rib eye steak, boneless, lip-on, separable lean and fat, trimmed to 1/8"" fat, select, cooked, grilled",24.83,19.25,0.0,273.0,55.98,0.0,157.0,279.0,54.0,0.0,usda,1
173392,"Beef, rib eye steak, boneless, lip-on, separable lean and fat, trimmed to 1/8"" fat, all grades, cooked, grilled",23.69,21.81,0.0,291.0,54.49,0.0,152.0,260.0,54.0,0.0,usda,1
173393,"Beef, rib eye steak/roast, boneless, lip-on, separable lean and fat, trimmed to 1/8"" fat, choice, raw",18.39,19.95,0.0,253.0,60.9,0.0,128.0,224.0,50.0,0.0,usda,1
173394,"Beef, rib eye steak/roast, boneless, lip-on, separable lean and fat, trimmed to 1/8"" fat, select, raw",19.55,16.9,0.0,230.0,63.08,0.0,137.0,256.0,50.0,0.0,usda,1
173395,"Beef, plate steak, boneless, inside skirt, separable lean and fat, trimmed to 0"" fat, all grades, cooked, grilled",29.36,14.2,0.0,245.0,56.07,0.0,168.0,298.0,63.0,0.0,usda,1
173396,"Beef, plate steak, boneless, inside skirt, separable lean and fat, trimmed to 0"" fat, choice, cooked, grilled",28.9,15.3,0.0,253.0,55.35,0.0,165.0,293.0,63.0,0.0,usda,1
173397,"Beef, plate steak, boneless, outside skirt, separable lean and fat, trimmed to 0"" fat, all grades, cooked, grilled",27.06,20.47,0.0,292.0,51.41,0.0,185.0,280.0,70.0,0.0,usda,1
173398,"Beef, plate steak, boneless, outside skirt, separable lean and fat, trimmed to 0"" fat, choice, cooked, grilled",26.46,21.62,0.0,300.0,50.82,0.0,182.0,282.0,70.0,0.0,usda,1
173399,"Beef, plate steak, boneless, outside skirt, separable lean and fat, trimmed to 0"" fat, select, cooked, grilled",27.95,18.75,0.0,281.0,52.3,0.0,193.0,280.0,69.0,0.0,usda,1
173400,"Beef, plate steak, boneless, outside skirt, separable lean and fat, trimmed to 0"" fat, all grades, raw",17.98,17.59,0.35,232.0,63.17,0.0,142.0,242.0,65.0,0.0,usda,1
173401,"Beef, rib eye steak, boneless, lip off, separable lean and fat, trimmed to 0"" fat, select, cooked, grilled",26.29,15.9,0.0,248.0,57.42,0.0,170.0,301.0,58.0,0.0,usda,1
173402,"Beef, rib eye steak, boneless, lip off, separable lean and fat, trimmed to 0"" fat, all grades, raw",19.26,16.71,0.12,228.0,63.02,0.0,137.0,246.0,52.0,0.0,usda,1
173403,"Beef, rib eye steak, boneless, lip off, separable lean and fat, trimmed to 0"" fat, choice, raw",18.69,18.43,0.2,241.0,61.82,0.0,133.0,231.0,51.0,0.0,usda,1
173404,"Beef, rib eye steak, boneless, lip off, separable lean and fat, trimmed to 0"" fat, select, raw",20.12,14.14,0.0,208.0,64.83,0.0,144.0,268.0,52.0,0.0,usda,1
173405,"Beef, rib, back ribs, bone-in, separable lean and fat, trimmed to 0"" fat, choice, raw",15.75,29.89,0.9,336.0,52.74,0.0,122.0,214.0,53.0,0.0,usda,1
173406,"Beef, rib, back ribs, bone-in, separable lean and fat, trimmed to 0"" fat, select, raw",16.75,26.23,0.6,305.0,55.67,0.0,117.0,224.0,52.0,0.0,usda,1
173407,"Beef, loin, top sirloin petite roast, boneless, separable lean only, trimmed to 0"" fat, choice, cooked, roasted",28.97,6.37,0.0,173.0,63.64,0.0,245.0,379.0,57.0,0.0,usda,1
173408,"Beef, loin, top sirloin petite roast/filet, boneless, separable lean only, trimmed to 0"" fat, choice, raw",23.03,4.4,0.0,132.0,72.28,0.0,222.0,395.0,65.0,0.0,usda,1
173409,"Beef, loin, top sirloin cap steak, boneless, separable lean only, trimmed to 1/8"" fat, select, raw",21.44,4.68,0.0,128.0,73.56,0.0,213.0,355.0,52.0,0.0,usda,1
173410,"Butter, salted",0.85,81.11,0.06,717.0,16.17,0.0,24.0,24.0,643.0,0.06,usda,2
173411,"Butter, whipped, with salt",0.49,78.3,0.0,731.0,16.72,0.0,24.0,41.0,583.0,0.06,usda,1
173412,"Butter oil, anhydrous",0.28,99.48,0.0,876.0,0.24,0.0,3.0,5.0,2.0,0.0,usda,2
173413,"Cheese, caraway",25.18,29.2,3.06,376.0,39.28,0.0,490.0,93.0,690.0,1.25,usda,1
173414,"Cheese, cheddar (Includes foods for USDA's Food Distribution Program)",22.87,33.31,3.37,403.0,36.75,0.0,455.0,76.0,653.0,0.48,usda,1
173415,"Cheese, cheshire",23.37,30.6,4.78,387.0,37.65,0.0,464.0,95.0,700.0,1.25,usda,1
173416,"Cheese, colby",23.76,32.11,2.57,394.0,38.2,0.0,457.0,127.0,604.0,0.52,usda,1
173417,"Cheese, cottage, lowfat, 1% milkfat",12.39,1.02,2.72,72.0,82.48,0.0,134.0,86.0,406.0,2.72,usda,1
173418,"Cheese, cream",6.15,34.44,5.52,350.0,52.62,0.0,107.0,132.0,314.0,3.76,usda,1
173419,"Cheese, edam",24.99,28.57,1.43,357.0,41.0,0.0,536.0,188.0,973.0,0.0,usda,1
173420,"Cheese, feta",14.21,21.49,3.88,265.0,55.22,0.0,337.0,62.0,1139.0,0.0,usda,1
173421,"Egg, yolk, raw, frozen, pasteurized",15.53,25.6,0.81,296.0,56.44,0.0,420.0,121.0,67.0,0.16,usda,1
173422,"Egg, yolk, raw, frozen, sugared, pasteurized",13.87,22.82,10.95,307.0,51.23,0.0,404.0,105.0,70.0,10.3,usda,1
173423,"Egg, whole, cooked, fried",13.61,14.84,0.83,196.0,69.47,0.0,215.0,152.0,207.0,0.4,usda,1
173424,"Egg, whole, cooked, hard-boiled",12.58,10.61,1.12,155.0,74.62,0.0,172.0,126.0,124.0,1.12,usda,1
173425,"Egg, whole, dried, stabilized, glucose reduced",48.17,43.95,2.38,615.0,1.87,0.0,715.0,515.0,548.0,1.25,usda,1
173426,"Egg, white, dried, flakes, stabilized, glucose reduced",76.92,0.04,4.17,351.0,14.62,0.0,83.0,1042.0,1156.0,0.0,usda,1
173427,"Egg, white, dried, powder, stabilized, glucose reduced",82.4,0.04,4.47,376.0,8.54,0.0,89.0,1116.0,1238.0,0.0,usda,1
173428,"Egg, yolk, dried",33.63,59.13,0.66,669.0,3.08,0.0,1040.0,264.0,149.0,0.23,usda,1
173429,"Egg substitute, powder",55.5,13.0,21.8,444.0,3.86,0.0,478.0,744.0,800.0,21.8,usda,3
173430,"Butter, without salt",0.85,81.11,0.06,717.0,16.17,0.0,24.0,24.0,11.0,0.06,usda,2
173431,"Cheese, parmesan, shredded",37.86,27.34,3.41,415.0,25.0,0.0,735.0,97.0,1696.0,0.9,usda,1
173432,"Milk, nonfat, fluid, without added vitamin A and vitamin D (fat free or skim)",3.37,0.18,4.86,35.0,90.84,0.0,101.0,156.0,42.0,5.09,usda,0
173433,"Cheese, goat, semisoft type",21.58,29.84,0.12,364.0,45.52,0.0,375.0,158.0,415.0,0.12,usda,1
173435,"Cheese, goat, soft type",18.52,21.08,0.0,264.0,60.75,0.0,256.0,26.0,459.0,0.0,usda,1
173436,"Egg, yolk, raw, frozen, salted, pasteurized",14.07,22.93,1.77,275.0,50.87,0.0,414.0,111.0,3487.0,0.07,usda,1
173437,"Cheese, mexican, queso asadero",22.6,25.0,4.13,356.0,44.16,0.0,443.0,86.0,607.0,0.0,usda,1
173438,"Cheese, mexican, queso chihuahua",21.56,29.68,5.56,374.0,39.13,0.0,442.0,52.0,617.0,5.56,usda,1
173439,"Cheese, low fat, cheddar or colby",24.35,7.0,1.91,173.0,63.1,0.0,484.0,66.0,873.0,0.52,usda,1
173440,"Cheese, low-sodium, cheddar or colby",24.35,32.62,1.91,398.0,38.98,0.0,484.0,112.0,21.0,0.49,usda,1
173441,"Milk, fluid, 1% fat, without added vitamin A and vitamin D",3.37,0.97,4.99,42.0,89.92,0.0,95.0,150.0,44.0,5.2,usda,0
173442,"Sour cream, reduced fat",7.0,14.1,7.0,181.0,71.0,0.0,85.0,211.0,70.0,0.3,usda,1
173443,"Sour cream, light",3.5,10.6,7.1,136.0,78.1,0.0,71.0,212.0,83.0,0.22,usda,1
173444,"Sour cream, fat free",3.1,0.0,15.6,74.0,80.6,0.0,95.0,129.0,141.0,0.39,usda,0
173445,"Yogurt, vanilla or lemon flavor, nonfat milk, sweetened with low-calorie sweetener",3.86,0.18,7.5,43.0,87.43,0.0,109.0,177.0,59.0,7.5,usda,0
173446,KRAFT CHEEZ WHIZ LIGHT Pasteurized Process Cheese Product,16.3,9.5,16.2,215.0,51.5,0.2,943.0,297.0,1705.0,8.2,usda,3
173447,KRAFT FREE Singles American Nonfat Pasteurized Process Cheese Product,22.7,1.0,11.7,148.0,58.0,0.2,923.0,236.0,1298.0,6.7,usda,1
173448,KRAFT VELVEETA Pasteurized Process Cheese Spread,16.3,22.0,9.8,303.0,45.8,0.0,863.0,335.0,1499.0,8.1,usda,1
173449,KRAFT VELVEETA LIGHT Reduced Fat Pasteurized Process Cheese Product,19.6,10.6,11.8,222.0,51.3,0.0,1024.0,345.0,1586.0,8.5,usda,1
173450,"Milk, chocolate, fluid, commercial, reduced fat, with added calcium",2.99,1.9,12.13,78.0,82.17,0.7,76.0,123.0,66.0,9.55,usda,0
173451,"Yogurt, fruit, lowfat, with low calorie sweetener",4.86,1.41,18.6,105.0,74.1,0.0,133.0,194.0,58.0,2.9,usda,0
173452,"Cheese, parmesan, dry grated, reduced fat",20.0,20.0,1.37,265.0,50.6,0.0,729.0,125.0,1529.0,0.0,usda,1
173453,"Cream substitute, flavored, liquid",0.69,13.5,35.07,251.0,50.06,1.1,28.0,96.0,67.0,33.04,usda,3
173454,"Milk, dry, whole, without added vitamin D",26.32,26.71,38.42,496.0,2.47,0.0,776.0,1330.0,371.0,38.42,usda,3
173455,"Cheese product, pasteurized process, American, reduced fat, fortified with vitamin D",17.6,14.1,10.6,240.0,51.8,0.0,829.0,330.0,1201.0,8.02,usda,1
173456,"Yogurt, fruit, low fat, 9 grams protein per 8 ounce, fortified with vitamin D",3.98,1.15,18.64,99.0,75.3,0.0,109.0,177.0,53.0,18.64,usda,0
173457,"Yogurt, fruit, low fat, 10 grams protein per 8 ounce, fortified with vitamin D",4.37,1.08,19.05,102.0,74.48,0.0,119.0,195.0,58.0,19.05,usda,0
173458,"Yogurt, fruit variety, nonfat, fortified with vitamin D",4.4,0.2,19.0,95.0,75.4,0.0,119.0,194.0,58.0,19.0,usda,0
173459,"Protein supplement, milk based, Muscle Milk, powder",45.71,17.14,18.5,411.0,15.0,7.1,643.0,1129.0,329.0,5.71,usda,3
173460,"Protein supplement, milk based, Muscle Milk Light, powder",50.0,12.0,22.0,396.0,12.0,2.0,700.0,840.0,250.0,4.0,usda,3
173461,Dulce de Leche,6.84,7.35,55.35,315.0,28.71,0.0,193.0,350.0,129.0,49.74,usda,3
173462,"Egg substitute, liquid or frozen, fat free",10.0,0.0,2.0,48.0,87.0,0.0,72.0,213.0,199.0,2.0,usda,0
173463,"Yogurt, vanilla flavor, lowfat milk, sweetened with low calorie sweetener",4.93,1.25,13.8,86.0,79.0,0.0,135.0,219.0,66.0,5.43,usda,0
173464,"Yogurt, frozen, flavors not chocolate, nonfat milk, with low-calorie sweetener",4.4,0.8,19.7,104.0,73.5,2.0,129.0,339.0,81.0,12.61,usda,0
173465,"Ice cream, soft serve, chocolate",4.1,13.0,22.2,222.0,59.8,0.7,116.0,177.0,61.0,21.16,usda,3
173466,"Ice cream, bar or stick, chocolate covered",4.1,24.1,24.5,331.0,46.3,0.8,173.0,305.0,68.0,18.3,usda,3
173467,"Fat free ice cream, no sugar added, flavors other than chocolate",4.41,0.0,28.86,133.0,65.52,7.4,75.0,196.0,110.0,8.82,usda,0
173468,"Salt, table",0.0,0.0,0.0,0.0,0.2,0.0,0.0,8.0,38758.0,0.0,usda,0
173469,"Vinegar, cider",0.0,0.0,0.93,21.0,93.81,0.0,8.0,73.0,5.0,0.4,usda,0
173470,"Thyme, fresh",5.56,1.68,24.45,101.0,65.11,14.0,106.0,609.0,9.0,1.25,usda,3
173471,Vanilla extract,0.06,0.06,12.65,288.0,52.58,0.0,6.0,148.0,9.0,12.65,usda,0
173472,"Horseradish, prepared",1.18,0.69,11.29,48.0,85.08,3.3,31.0,246.0,420.0,7.99,usda,0
173473,"Rosemary, fresh",3.31,5.86,20.7,131.0,67.77,14.1,66.0,668.0,26.0,1.25,usda,3
173474,"Peppermint, fresh",3.75,0.94,14.89,70.0,78.65,8.0,73.0,569.0,31.0,1.25,usda,0
173475,"Spearmint, fresh",3.29,0.73,8.41,44.0,85.55,6.8,60.0,458.0,30.0,1.25,usda,0
173477,Clif Z bar,5.55,9.72,74.72,416.0,7.74,8.3,244.0,333.0,375.0,30.56,usda,3
173478,"Babyfood, juice treats, fruit medley, toddler",0.0,0.02,86.68,347.0,12.89,0.0,9.0,54.0,89.0,57.4,usda,0
173479,"Babyfood, meat, beef, strained",12.03,2.52,2.43,81.0,82.44,0.0,93.0,187.0,41.0,0.0,usda,1
173480,"Babyfood, meat, ham, junior",11.3,3.8,3.7,97.0,80.5,0.0,89.0,210.0,44.0,0.0,usda,1
173481,"Babyfood, meat, lamb, strained",14.07,3.41,0.85,94.0,81.06,0.0,104.0,193.0,43.0,0.0,usda,1
173482,"Babyfood, meat, lamb, junior",15.2,5.2,0.0,112.0,79.6,0.0,91.0,211.0,42.0,0.0,usda,1
173483,"Babyfood, meat, chicken, strained",13.7,7.9,0.1,130.0,77.5,0.0,97.0,141.0,49.0,0.0,usda,1
173484,"Babyfood, meat, turkey sticks, junior",13.7,14.2,1.4,188.0,69.8,0.2,120.0,120.0,295.0,1.4,usda,1
173485,"Babyfood, snack, GERBER GRADUATE FRUIT  STRIPS, Real Fruit Bars",0.82,2.24,76.61,330.0,19.09,2.0,23.0,312.0,14.0,68.65,usda,3
173486,"Babyfood, meat, meat sticks, junior",13.4,14.6,1.1,184.0,69.5,0.2,103.0,114.0,267.0,0.8,usda,1
173487,"Babyfood, GERBER, 2nd Foods, apple, carrot and squash, organic",1.1,0.0,14.82,64.0,83.83,1.2,17.0,106.0,20.0,9.09,usda,0
173488,"Babyfood, dinner, vegetables and dumplings and beef, junior",2.1,0.8,8.0,48.0,88.6,0.2,29.0,47.0,52.0,0.0,usda,0
173489,"Babyfood, dinner, beef lasagna, toddler",4.2,2.1,10.0,77.0,82.3,0.2,40.0,122.0,41.0,0.0,usda,0
173490,"Babyfood, dinner, macaroni and tomato and beef, strained",2.36,1.47,9.45,61.0,86.34,1.2,39.0,112.0,38.0,2.09,usda,0
173491,"Babyfood, dinner, macaroni and tomato and beef, junior",2.5,1.1,9.4,59.0,86.7,1.1,44.0,72.0,35.0,2.43,usda,0
173492,"Babyfood, dinner, spaghetti and tomato and meat, junior",2.57,1.37,11.42,68.0,84.17,1.1,35.0,122.0,30.0,2.72,usda,0
173493,"Babyfood, dinner, spaghetti and tomato and meat, toddler",5.3,1.0,10.8,75.0,81.6,0.2,45.0,163.0,239.0,1.25,usda,0
173494,"Babyfood, dinner, vegetables and beef, strained",2.21,3.6,8.84,77.0,84.94,1.3,33.0,145.0,31.0,2.34,usda,0
173495,"Babyfood, dinner, vegetables and beef, junior",2.21,3.6,8.84,77.0,84.94,1.3,33.0,145.0,31.0,2.34,usda,0
173496,"Babyfood, dinner, chicken soup, strained",1.6,1.7,7.2,50.0,89.1,1.1,24.0,66.0,16.0,1.72,usda,0
173497,"Babyfood, dinner, chicken stew, toddler",5.2,3.7,6.4,78.0,83.3,0.6,51.0,92.0,25.0,1.68,usda,0
173498,"Babyfood, dinner, vegetables chicken, strained",2.47,1.73,8.42,59.0,86.9,2.1,47.0,158.0,24.0,1.58,usda,0
173499,"Babyfood, dinner, vegetables, noodles and chicken, strained",2.0,2.5,7.9,63.0,87.2,1.1,31.0,55.0,20.0,1.25,usda,0
173500,"Babyfood, dinner, turkey and rice, junior",2.37,0.92,9.57,56.0,86.64,1.0,37.0,86.0,23.0,1.25,usda,0
173501,"Babyfood, dinner, vegetables and turkey, strained",2.32,0.9,7.62,48.0,88.82,1.5,44.0,102.0,20.0,1.54,usda,0
173502,"Babyfood, dinner, vegetables and turkey, junior",1.72,1.74,7.55,53.0,88.5,0.9,32.0,98.0,45.0,1.36,usda,0
173503,"Babyfood, dinner, macaroni and cheese, strained",3.14,2.11,8.95,67.0,85.25,0.7,86.0,67.0,88.0,1.27,usda,0
173504,"Babyfood, vegetable, green beans and potatoes",2.2,1.9,9.0,62.0,86.2,1.4,61.0,148.0,18.0,2.35,usda,0
173505,"Babyfood, vegetables, beets, strained",1.3,0.1,7.7,34.0,90.1,1.9,14.0,182.0,83.0,6.09,usda,0
173506,"Babyfood, vegetables, carrots, strained",0.8,0.1,6.0,26.0,92.3,1.7,20.0,196.0,69.0,3.64,usda,0
173507,"Babyfood, vegetables, carrots, junior",0.8,0.2,7.2,32.0,91.0,1.7,20.0,202.0,49.0,3.16,usda,0
173508,"Babyfood, potatoes, toddler",1.0,0.1,11.73,52.0,86.8,0.9,23.0,110.0,57.0,0.91,usda,0
173509,"Babyfood, cereal, Oatmeal, dry, GERBER, SINGLE GRAIN, fortified",10.94,6.42,73.57,396.0,4.21,7.0,459.0,597.0,23.0,12.27,usda,3
173510,"Babyfood, vegetable, butternut squash and corn",2.0,0.6,9.26,50.0,87.3,2.0,35.0,352.0,5.0,2.93,usda,0
173511,"Babyfood, apples, dices, toddler",0.19,0.36,11.56,50.0,87.68,1.9,8.0,86.0,2.0,10.48,usda,0
173512,"Babyfood, fruit, applesauce, strained",0.2,0.2,10.8,41.0,88.6,1.7,7.0,71.0,0.0,9.87,usda,0
173513,"Babyfood, dinner, vegetables and chicken, junior",2.04,1.12,8.66,53.0,87.76,1.1,32.0,83.0,34.0,1.46,usda,0
173514,"Babyfood, dinner, mixed vegetable, strained",1.2,0.1,9.5,41.0,88.7,0.2,24.0,121.0,38.0,1.25,usda,0
173515,"Babyfood, vegetables, mix vegetables strained",1.0,0.5,8.25,36.0,89.8,1.5,22.0,127.0,0.0,1.57,usda,0
173516,"Babyfood, dinner, beef noodle, junior",2.5,1.9,7.3,57.0,87.8,1.1,30.0,46.0,26.0,1.45,usda,0
173517,"Babyfood, apples with ham, strained",2.6,0.9,10.9,62.0,85.3,1.8,34.0,120.0,9.0,7.98,usda,0
173518,"Babyfood, carrots and beef, strained",3.4,2.5,5.7,59.0,87.3,2.6,45.0,226.0,69.0,2.04,usda,0
173519,"Babyfood, beverage, GERBER, GRADUATES, FRUIT SPLASHERS",0.0,0.0,7.35,29.0,92.5,0.0,3.0,22.0,11.0,6.12,usda,0
173520,"Babyfood, snack, GERBER, GRADUATES, YOGURT MELTS",14.29,4.0,71.82,380.0,6.0,2.3,382.0,714.0,286.0,57.14,usda,3
173521,"Babyfood, dinner, sweet potatoes and chicken, strained",2.51,2.17,11.04,74.0,83.7,1.3,25.0,200.0,22.0,2.65,usda,0
173522,"Infant formula, MEAD JOHNSON, Enfamil 24, ready to feed, with ARA and DHA",1.64,4.1,6.93,71.0,87.0,0.0,34.0,84.0,21.0,8.1,usda,0
173523,"Infant formula, MEAD JOHNSON, Enfamil Enspire Powder, with ARA and DHA, not reconstituted",10.5,27.0,57.2,514.0,2.8,0.0,220.0,540.0,135.0,53.0,usda,3
173524,"Infant formula, MEAD JOHNSON, Enfamil Reguline, ready to feed, with ARA and DHA",1.51,3.5,7.6,68.0,87.0,0.2,30.0,71.0,24.0,3.8,usda,0
173526,"Toddler formula, MEAD JOHNSON, Nutramigen Toddler with LGG Powder, with ARA and DHA, not reconstituted",12.0,21.0,61.97,485.0,1.63,0.2,350.0,590.0,178.0,25.0,usda,3
173527,"Infant formula, MEAD JOHNSON, Pregestimil 20 Calories, ready to feed, with ARA and DHA",1.84,3.7,7.0,69.0,87.0,0.2,34.0,72.0,31.0,0.02,usda,0
173528,"Babyfood, cereal, high protein, prepared with whole milk",8.7,3.8,11.6,111.0,74.5,0.2,177.0,349.0,49.0,1.25,usda,1
173529,"Babyfood, cereal, mixed, prepared with whole milk",4.14,3.38,12.3,96.0,79.21,0.8,118.0,166.0,42.0,4.78,usda,0
173530,"Babyfood, cereal, mixed, with bananas, prepared with whole milk",3.82,3.46,10.0,86.0,81.81,0.4,111.0,178.0,48.0,5.9,usda,0
173531,"Babyfood, cereal, oatmeal, prepared with whole milk",5.0,4.1,15.3,116.0,74.5,1.1,160.0,204.0,46.0,1.25,usda,0
173532,"Babyfood, cereal, mixed, with honey, prepared with whole milk",5.0,3.6,15.9,115.0,74.2,0.2,184.0,171.0,48.0,1.25,usda,0
173533,"Babyfood, cereal, high protein, with apple and orange, prepared with whole milk",6.9,3.9,13.4,112.0,74.4,0.2,166.0,346.0,58.0,1.25,usda,1
173534,"Babyfood, cereal, rice, with bananas, prepared with whole milk",3.57,3.32,10.49,86.0,81.81,0.1,109.0,180.0,47.0,6.13,usda,0
173535,"Infant formula, NESTLE, GOOD START SUPREME, with iron, liquid concentrate, not reconstituted",2.79,6.5,14.2,127.0,75.8,0.0,46.0,137.0,34.0,9.7,usda,0
173536,"Infant formula, NESTLE, GOOD START SUPREME, with iron, powder",11.3,26.1,57.32,509.0,2.5,0.0,184.0,553.0,138.0,39.3,usda,3
173537,"Infant formula, MEAD JOHNSON, ENFAMIL, LIPIL, low iron, liquid concentrate, with ARA and DHA",2.76,7.16,14.24,131.0,75.32,0.0,70.0,142.0,39.0,14.24,usda,0
173538,"Infant formula, MEAD JOHNSON, PREGESTIMIL, with iron, powder, with ARA and DHA, not reconstituted",14.0,28.0,52.2,517.0,2.6,0.0,260.0,550.0,240.0,4.1,usda,3
173539,"Infant formula, MEAD JOHNSON, PREGESTIMIL, with iron, with ARA and DHA, prepared from powder",1.86,3.7,6.54,67.0,87.5,0.0,34.0,73.0,31.0,0.53,usda,0
173540,"Infant formula, MEAD JOHNSON, PROSOBEE, with iron, ready-to-feed",1.64,3.5,6.11,63.0,88.35,0.0,54.0,79.0,23.0,6.11,usda,0
173541,"Infant formula, ABBOTT NUTRITION, SIMILAC, ISOMIL, with iron, ready-to-feed",1.61,3.59,6.7,66.0,87.54,0.0,49.0,71.0,29.0,6.7,usda,0
173542,"Infant formula, ABBOTT NUTRITION, SIMILAC, ISOMIL, with iron, liquid concentrate",3.13,6.98,13.21,128.0,75.81,0.0,96.0,138.0,56.0,13.1,usda,0
173543,"Infant formula, ABBOTT NUTRITION, SIMILAC, ISOMIL, with iron, powder, not reconstituted",12.6,28.09,53.57,517.0,2.5,0.0,386.0,555.0,226.0,52.97,usda,3
173544,"Infant formula, MEAD JOHNSON, ENFAMIL, NUTRAMIGEN, with iron, liquid concentrate not reconstituted, with ARA and DHA",1.84,3.5,7.2,68.0,87.0,0.0,34.0,72.0,31.0,7.0,usda,0
173545,"Infant formula, MEAD JOHNSON, ENFAMIL, PROSOBEE, with iron, powder, not reconstituted, with ARA and DHA",12.7,27.0,54.6,512.0,2.6,0.0,350.0,610.0,183.0,0.1,usda,3
173546,"Infant formula, ABBOTT NUTRITION, SIMILAC, with iron, powder, not reconstituted",10.89,28.87,54.73,522.0,2.25,0.0,221.0,552.0,126.0,54.73,usda,3
173547,"Infant formula, MEAD JOHNSON, ENFAMIL, PROSOBEE, liquid concentrate, reconstituted, with ARA and DHA",1.63,3.4,7.58,67.0,87.0,0.0,45.0,78.0,23.0,0.97,usda,0
173548,"Infant formula, MEAD JOHNSON, PROSOBEE, with iron, ready to feed, with ARA and DHA",1.64,3.5,6.47,64.0,88.0,0.0,45.0,79.0,24.0,0.97,usda,0
173549,"Infant formula, NESTLE, GOOD START SOY, with DHA and ARA, ready-to-feed",1.6,3.28,7.13,64.0,87.5,0.0,41.0,74.0,26.0,5.68,usda,0
173550,"Child formula, ABBOTT NUTRITION, PEDIASURE, ready-to-feed, with iron and fiber",2.8,4.7,11.28,99.0,80.47,0.5,80.0,124.0,36.0,7.6,usda,0
173551,"Infant formula, NESTLE, GOOD START ESSENTIALS SOY, with iron, powder",12.5,25.5,55.7,502.0,2.5,0.0,316.0,581.0,180.0,44.38,usda,3
173552,"Infant formula, MEAD JOHNSON, NEXT STEP PROSOBEE, powder, not reconstituted",15.6,21.0,57.1,480.0,3.0,0.0,620.0,570.0,171.0,56.0,usda,3
173553,"Infant formula, MEAD JOHNSON,NEXT STEP PROSOBEE, prepared from powder",2.14,2.91,8.08,67.0,86.41,0.0,85.0,79.0,23.0,7.77,usda,0
173554,"Infant formula, PBM PRODUCTS, store brand, powder",12.0,28.0,56.0,524.0,2.0,0.0,221.0,441.0,118.0,56.0,usda,3
173555,"Infant formula, PBM PRODUCTS, store brand, soy, ready-to-feed",1.8,3.5,6.09,63.0,88.0,0.0,41.0,69.0,18.0,6.1,usda,0
173556,"Infant formula, PBM PRODUCTS, store brand, soy, liquid concentrate, not reconstituted",3.6,7.0,12.18,126.0,76.0,0.0,82.0,138.0,36.0,12.18,usda,0
173557,"Infant formula, PBM PRODUCTS, store brand, soy, powder",13.6,27.2,52.2,508.0,2.0,0.0,317.0,528.0,151.0,52.2,usda,3
173558,"Infant formula, ABBOTT NUTRITION, SIMILAC, SENSITIVE, (LACTOSE FREE), liquid concentrate, with ARA and DHA",2.73,6.95,13.64,128.0,75.88,0.0,72.0,138.0,39.0,13.78,usda,0
173559,"Infant formula, ABBOTT NUTRITION, SIMILAC, SENSITIVE, (LACTOSE FREE), powder, with ARA and DHA",11.13,28.14,55.67,520.0,2.2,0.0,293.0,557.0,158.0,55.67,usda,3
173560,"Infant formula, ABBOTT NUTRITION, SIMILAC, ADVANCE, with iron, ready-to-feed",1.36,3.7,6.77,66.0,87.79,0.0,28.0,69.0,16.0,6.77,usda,0
173561,"Infant formula, ABBOTT NUTRITION, SIMILAC, ADVANCE, with iron, powder, not reconstituted",10.89,28.87,54.73,522.0,2.25,0.0,221.0,552.0,126.0,54.73,usda,3
173562,"Salad dressing, blue or roquefort cheese dressing, commercial, regular",1.37,51.1,4.77,484.0,39.71,0.4,74.0,88.0,642.0,3.48,usda,3
173563,"Oil, cupu assu",0.0,100.0,0.0,884.0,0.0,0.0,0.0,0.0,0.0,0.0,usda,2
173564,"Fat, chicken",0.0,99.8,0.0,900.0,0.2,0.0,0.0,0.0,0.0,0.0,usda,2
173565,"Oil, soybean, salad or cooking, (partially hydrogenated) and cottonseed",0.0,100.0,0.0,884.0,0.0,0.0,0.0,0.0,0.0,0.0,usda,2
173566,"Shortening industrial, lard and vegetable oil",0.0,100.0,0.0,900.0,0.0,0.0,0.0,0.0,0.0,1.25,usda,2
173567,"Shortening frying (heavy duty), beef tallow and cottonseed",0.0,100.0,0.0,900.0,0.0,0.0,0.0,0.0,0.0,1.25,usda,2
173568,"Shortening confectionery, coconut (hydrogenated) and or palm kernel (hydrogenated)",0.0,100.0,0.0,884.0,0.0,0.0,0.0,0.0,0.0,0.0,usda,2
173569,"Shortening industrial, soybean (hydrogenated) and cottonseed",0.0,100.0,0.0,884.0,0.0,0.0,0.0,0.0,0.0,0.0,usda,2
173570,"Oil, ucuhuba butter",0.0,100.0,0.0,884.0,0.0,0.0,0.0,0.0,0.0,0.0,usda,2
173571,"Fat, turkey",0.0,99.8,0.0,900.0,0.2,0.0,0.0,0.0,0.0,0.0,usda,2
173572,"Fat, goose",0.0,99.8,0.0,900.0,0.2,0.0,0.0,0.0,0.0,1.25,usda,2
173573,"Oil, avocado",0.0,100.0,0.0,884.0,0.0,0.0,0.0,0.0,0.0,1.25,usda,2
173574,"Shortening, special purpose for cakes and frostings, soybean (hydrogenated)",0.0,100.0,0.0,884.0,0.0,0.0,0.0,0.0,0.0,0.0,usda,2
173575,"Shortening, special purpose for baking, soybean (hydrogenated) palm and cottonseed",0.0,100.0,0.0,884.0,0.0,0.0,0.0,0.0,0.0,0.0,usda,2
173576,"Oil, oat",0.0,100.0,0.0,884.0,0.0,0.0,0.0,0.0,0.0,0.0,usda,2
173577,"Fish oil, cod liver",0.0,100.0,0.0,902.0,0.0,0.0,0.0,0.0,0.0,1.25,usda,2
173578,"Fish oil, sardine",0.0,100.0,0.0,902.0,0.0,0.0,0.0,0.0,0.0,1.25,usda,2
173579,"Shortening, multipurpose, soybean (hydrogenated) and palm (hydrogenated)",0.0,100.0,0.0,884.0,0.0,0.0,0.0,0.0,0.0,1.25,usda,2
173580,"Margarine-like, vegetable oil-butter spread, tub, with salt",1.0,40.0,1.0,362.0,56.0,0.0,20.0,36.0,786.0,0.0,usda,1
173581,"Butter, light, stick, with salt",3.3,55.1,0.0,499.0,42.1,0.0,34.0,71.0,450.0,0.0,usda,1
173582,"Margarine-like, vegetable oil spread, 60% fat, tub, with salt",0.17,59.81,0.86,533.0,37.58,0.0,16.0,30.0,615.0,0.0,usda,1
173583,"Margarine-like, vegetable oil spread, 60% fat, stick/tub/bottle, with salt",0.6,59.17,0.0,526.0,38.68,0.0,16.0,30.0,700.0,0.0,usda,1
173584,"Shortening, vegetable, household, composite",0.0,99.97,0.0,884.0,0.0,0.0,0.0,0.0,4.0,0.0,usda,2
173585,"Margarine, regular, 80% fat, composite, stick, without salt",0.16,80.71,0.7,717.0,16.52,0.0,5.0,18.0,2.0,0.0,usda,2
173586,"Margarine-like spread with yogurt, approximately 40% fat, tub, with salt",2.0,35.0,2.0,330.0,59.0,0.0,39.0,64.0,630.0,0.0,usda,1
173587,"Margarine, 80% fat, stick, includes regular and hydrogenated corn and soybean oils",0.16,80.71,0.7,717.0,16.52,0.0,5.0,18.0,654.0,1.25,usda,2
173588,"Margarine, margarine-type vegetable oil spread, 70% fat, soybean and partially hydrogenated soybean, stick",0.26,70.22,1.53,628.0,26.23,0.2,10.0,46.0,700.0,1.25,usda,2
173589,"Margarine Spread, 40-49% fat, tub",0.27,44.46,0.0,401.0,54.38,0.0,4.0,17.0,716.0,1.25,usda,2
173590,"Salad dressing, italian dressing, fat-free",0.97,0.87,8.75,47.0,85.95,0.6,109.0,102.0,1129.0,8.85,usda,0
173591,"Salad dressing, ranch dressing, fat-free",0.25,1.92,26.51,119.0,68.33,0.1,113.0,111.0,897.0,5.35,usda,0
173592,"Salad dressing, ranch dressing, regular",1.32,44.54,5.9,430.0,45.68,0.0,186.0,64.0,901.0,4.69,usda,3
173593,"Salad dressing, ranch dressing, reduced fat",1.25,12.42,21.33,196.0,62.04,1.1,193.0,132.0,1120.0,3.77,usda,3
173594,"Salad dressing, mayonnaise, light",0.37,22.22,9.23,238.0,66.13,0.0,15.0,31.0,827.0,3.56,usda,0
173595,"Oil, industrial, coconut, principal uses candy coatings, oil sprays, roasting nuts",0.0,100.0,0.0,884.0,0.0,0.0,0.0,0.0,0.0,0.0,usda,2
173596,"Oil, industrial, soy (partially hydrogenated), principal uses popcorn and flavoring vegetables",0.0,100.0,0.0,884.0,0.0,0.0,0.0,0.0,0.0,0.0,usda,2
173597,"Shortening, industrial, soy (partially hydrogenated), pourable liquid fry shortening",0.0,100.0,0.0,884.0,0.0,0.0,0.0,0.0,0.0,0.0,usda,2
173598,"Oil, industrial, soy, refined, for woks and light frying",0.0,100.0,0.0,884.0,0.0,0.0,0.0,0.0,0.0,0.0,usda,2
173599,"Margarine-like shortening, industrial, soy (partially hydrogenated), cottonseed, and soy, principal use flaky pastries",0.0,71.0,0.0,628.0,28.0,0.0,0.0,0.0,864.0,0.0,usda,2
173600,"Oil, industrial, palm kernel, confection fat, uses similar to high quality cocoa butter",0.0,100.0,0.0,884.0,0.05,0.0,0.0,2.0,6.0,0.0,usda,2
173601,"Oil, industrial, palm kernel (hydrogenated), confection fat, uses similar to 95 degree hard butter",0.0,100.0,0.0,884.0,0.05,0.0,0.0,1.0,6.0,0.0,usda,2
173602,"Oil, industrial, palm kernel (hydrogenated), confection fat, intermediate grade product",0.0,100.0,0.0,884.0,0.04,0.0,0.0,1.0,6.0,0.0,usda,2
173603,"Oil, industrial, palm kernel (hydrogenated), filling fat",0.0,100.0,0.0,884.0,0.08,0.0,0.0,1.0,6.0,0.0,usda,2
173604,"Oil, industrial, soy (partially hydrogenated ), palm, principal uses icings and fillings",0.0,100.0,0.0,884.0,0.0,0.0,0.0,0.0,0.0,0.0,usda,2
173605,"Margarine, industrial, non-dairy, cottonseed, soy oil (partially hydrogenated ), for flaky pastries",1.9,80.2,0.0,714.0,15.8,0.0,51.0,94.0,879.0,0.0,usda,1
173606,"Shortening, industrial, soy (partially hydrogenated ) and corn for frying",0.0,100.0,0.0,884.0,0.0,0.0,0.0,0.0,0.0,0.0,usda,2
173607,"Shortening, industrial, soy (partially hydrogenated ) for baking and confections",0.0,100.0,0.0,884.0,0.0,0.0,0.0,0.0,0.0,0.0,usda,2
173608,"Margarine-like spread, SMART BEAT Super Light without saturated fat",0.0,17.1,0.0,158.0,80.83,0.0,0.0,12.0,755.0,0.0,usda,2
173609,"Margarine-like spread, SMART BEAT Smart Squeeze",0.0,2.1,7.1,47.0,87.91,0.0,0.0,26.0,829.0,1.0,usda,0
173610,"Margarine-like spread, SMART BALANCE Omega Plus Spread (with plant sterols & fish oil)",0.13,70.95,0.16,605.0,27.86,0.0,23.0,71.0,729.0,0.0,usda,1
173611,"Chicken, broilers or fryers, drumstick, meat and skin, cooked, fried, flour",26.96,13.72,1.63,245.0,56.73,0.1,176.0,229.0,89.0,1.25,usda,1
173612,"Chicken, broilers or fryers, drumstick, meat and skin, cooked, roasted",23.35,10.15,0.0,191.0,66.39,0.0,195.0,247.0,123.0,0.0,usda,1
173613,"Chicken, broilers or fryers, drumstick, meat and skin, cooked, stewed",25.32,10.64,0.0,204.0,65.12,0.0,141.0,184.0,76.0,0.0,usda,1
173614,"Chicken, broilers or fryers, dark meat, drumstick, meat only, raw",19.41,3.71,0.0,116.0,76.78,0.0,174.0,225.0,114.0,0.0,usda,1
173615,"Chicken, broilers or fryers, leg, meat and skin, cooked, fried, batter",21.77,16.17,8.72,273.0,52.08,0.3,152.0,189.0,279.0,1.25,usda,1
173616,"Chicken, broilers or fryers, leg, meat and skin, cooked, fried, flour",26.84,14.43,2.5,254.0,55.28,0.1,182.0,233.0,88.0,1.25,usda,1
173617,"Chicken, broilers or fryers, leg, meat and skin, cooked, roasted",24.03,8.99,0.0,184.0,66.74,0.0,202.0,264.0,98.0,0.0,usda,1
173618,"Chicken, broilers or fryers, leg, meat and skin, cooked, stewed",24.17,12.92,0.0,220.0,64.01,0.0,139.0,176.0,73.0,0.0,usda,1
173619,"Chicken, broilers or fryers, leg, meat only, raw",19.16,4.22,0.0,120.0,76.41,0.0,180.0,238.0,96.0,0.0,usda,1
173620,"Chicken, broilers or fryers, neck, meat and skin, cooked, fried, batter",19.82,23.52,8.7,330.0,46.92,0.2,115.0,151.0,276.0,1.25,usda,1
173621,"Chicken, broilers or fryers, neck, meat and skin, cooked, fried, flour",24.01,23.61,4.24,332.0,47.49,0.2,132.0,180.0,82.0,1.25,usda,1
173622,"Chicken, broilers or fryers, neck, meat and skin, cooked simmered",19.61,18.1,0.0,247.0,61.73,0.0,122.0,108.0,52.0,0.0,usda,1
173623,"Chicken, broilers or fryers, neck, meat only, raw",17.55,8.78,0.0,154.0,71.17,0.0,113.0,175.0,81.0,1.25,usda,1
173624,"Chicken, broilers or fryers, thigh, meat and skin, cooked, fried, flour",26.75,14.98,3.18,262.0,54.14,0.1,187.0,237.0,88.0,1.25,usda,1
173625,"Chicken, broilers or fryers, thigh, meat and skin, cooked, roasted",23.26,14.71,0.0,232.0,61.96,0.0,216.0,253.0,102.0,0.0,usda,1
173626,"Chicken, broilers or fryers, thigh, meat and skin, cooked, stewed",23.26,14.74,0.0,232.0,63.11,0.0,139.0,170.0,71.0,0.0,usda,1
173627,"Chicken, broilers or fryers, dark meat, thigh, meat only, raw",19.66,4.12,0.0,121.0,76.22,0.0,185.0,242.0,95.0,0.0,usda,1
173628,"Chicken, broilers or fryers, wing, meat and skin, cooked, fried, batter",19.87,21.81,10.94,324.0,46.21,0.3,121.0,138.0,320.0,1.25,usda,1
173629,"Chicken, broilers or fryers, wing, meat and skin, cooked, fried, flour",26.11,22.16,2.39,321.0,48.62,0.1,150.0,177.0,77.0,1.25,usda,1
173630,"Chicken, broilers or fryers, wing, meat and skin, cooked, roasted",23.79,16.87,0.0,254.0,59.4,0.0,147.0,212.0,98.0,0.0,usda,1
173631,"Chicken, broilers or fryers, wing, meat and skin, cooked, stewed",22.78,16.82,0.0,249.0,62.18,0.0,121.0,139.0,67.0,0.0,usda,1
173632,"Chicken, broilers or fryers, wing, meat only, raw",21.97,3.54,0.0,126.0,74.95,0.0,155.0,194.0,81.0,0.0,usda,1
173633,"Chicken, roasting, meat and skin and giblets and neck, cooked, roasted",23.96,13.07,0.05,220.0,62.35,0.0,179.0,204.0,71.0,1.25,usda,1
173634,"Canada Goose, breast meat only, skinless, raw",24.31,4.02,0.0,133.0,70.78,0.0,256.0,336.0,50.0,0.0,usda,1
173635,"Chicken, roasting, meat and skin, cooked, roasted",23.97,13.39,0.0,223.0,62.1,0.0,179.0,211.0,73.0,1.25,usda,1
173636,"Chicken, roasting, meat only, raw",20.33,2.7,0.0,111.0,74.94,0.0,198.0,238.0,75.0,0.0,usda,1
173637,"Chicken, roasting, light meat, meat only, cooked, roasted",27.13,4.07,0.0,153.0,67.85,0.0,217.0,236.0,51.0,0.0,usda,1
173638,"Chicken, roasting, dark meat, meat only, raw",18.74,3.61,0.0,113.0,75.48,0.0,178.0,227.0,95.0,0.0,usda,1
173639,"Chicken, roasting, dark meat, meat only, cooked, roasted",23.25,8.75,0.0,178.0,67.05,0.0,171.0,224.0,95.0,1.25,usda,1
173640,"Chicken, stewing, meat and skin, and giblets and neck, raw",17.48,19.52,0.19,251.0,62.5,0.0,173.0,204.0,71.0,1.25,usda,1
173641,"Chicken, stewing, giblets, raw",17.89,9.21,2.13,168.0,69.8,0.0,198.0,226.0,77.0,1.25,usda,1
173642,"Chicken, stewing, giblets, cooked, simmered",25.73,9.3,0.11,194.0,64.0,0.0,223.0,154.0,56.0,1.25,usda,1
173643,"Chicken, stewing, light meat, meat only, raw",23.1,4.21,0.0,137.0,73.24,0.0,231.0,261.0,53.0,0.0,usda,1
173644,"Chicken, stewing, light meat, meat only, cooked, stewed",33.04,7.98,0.0,213.0,57.79,0.0,225.0,199.0,58.0,1.25,usda,1
173645,"Chicken, capons, meat and skin, raw",18.77,17.07,0.0,234.0,63.24,0.0,183.0,217.0,45.0,0.0,usda,1
173646,"Chicken, capons, meat and skin, cooked, roasted",28.96,11.65,0.0,229.0,58.7,0.0,246.0,255.0,49.0,1.25,usda,1
173647,"Beverages, water, tap, drinking",0.0,0.0,0.0,0.0,99.9,0.0,0.0,0.0,4.0,0.0,usda,0
173648,"Beverages, coffee substitute, cereal grain beverage, powder, prepared with whole milk",3.3,3.3,5.6,65.0,87.0,0.1,99.0,172.0,49.0,1.25,usda,0
173649,"Beverages, Dairy drink mix, chocolate, reduced calorie, with low-calorie sweeteners, powder",25.0,2.6,51.4,329.0,12.8,9.4,893.0,2240.0,659.0,32.94,usda,3
173650,"Beverages, dairy drink mix, chocolate, reduced calorie, with aspartame, powder, prepared with water and ice",2.19,0.23,4.51,29.0,92.26,0.8,78.0,197.0,61.0,2.89,usda,0
173651,"Beverages, Orange-flavor drink, breakfast type, with pulp, frozen concentrate.",0.1,0.5,42.9,172.0,55.2,0.2,76.0,435.0,24.0,11.7,usda,0
173652,"Beverages, Orange-flavor drink, breakfast type, with pulp, frozen concentrate, prepared with water",0.03,0.14,12.21,49.0,87.18,0.0,22.0,124.0,10.0,11.91,usda,0
173653,"Cranberry juice cocktail, frozen concentrate",0.05,0.0,51.45,201.0,48.4,0.2,5.0,49.0,4.0,42.5,usda,0
173654,"Cranberry juice cocktail, frozen concentrate, prepared with water",0.01,0.0,11.81,47.0,88.08,0.0,1.0,12.0,4.0,9.76,usda,0
173655,"Beverages, water, bottled, non-carbonated, DANNON",0.0,0.0,0.0,0.0,99.98,0.2,0.0,0.0,0.0,1.25,usda,0
173656,"Beverages, water, bottled, non-carbonated, PEPSI, AQUAFINA",0.0,0.0,0.0,0.0,99.97,0.2,0.0,0.0,0.0,1.25,usda,0
173658,"Beverages, DANNON, water, bottled, non-carbonated, with Fluoride",0.0,0.0,0.03,0.0,99.97,0.2,0.0,0.0,1.0,1.25,usda,0
173659,"Beverages, drink mix, QUAKER OATS, GATORADE, orange flavor, powder",0.0,1.23,94.11,388.0,2.51,0.0,120.0,30.0,63.0,80.5,usda,3
173660,"Beverages, PEPSICO QUAKER, Gatorade, G performance O 2, ready-to-drink.",0.0,0.0,6.43,26.0,93.38,0.0,10.0,15.0,39.0,5.24,usda,0
173661,"Whiskey sour mix, bottled, with added potassium and sodium",0.1,0.1,21.4,84.0,78.2,0.0,6.0,7.0,33.0,1.25,usda,0
173662,"Alcoholic beverage, whiskey sour",0.0,0.03,13.17,149.0,72.6,0.0,6.0,5.0,20.0,1.25,usda,0
173663,"Alcoholic beverage, distilled, all (gin, rum, vodka, whiskey) 94 proof",0.0,0.0,0.0,275.0,60.3,0.0,4.0,2.0,1.0,1.25,usda,2
173664,"Alcoholic beverage, distilled, all (gin, rum, vodka, whiskey) 100 proof",0.0,0.0,0.0,295.0,57.5,0.0,4.0,2.0,1.0,1.25,usda,2
173665,"Alcoholic beverage, liqueur, coffee, 63 proof",0.1,0.3,32.2,308.0,41.4,0.0,6.0,30.0,8.0,32.2,usda,0
173666,"Lemonade, frozen concentrate, pink",0.22,0.69,48.86,192.0,50.09,0.3,7.0,76.0,4.0,46.46,usda,0
173667,"Beverages, lemonade, frozen concentrate, pink, prepared with water",0.05,0.15,10.81,43.0,88.88,0.1,2.0,17.0,4.0,10.28,usda,0
173668,"Fish, herring, Atlantic, kippered",24.58,12.37,0.0,217.0,59.7,0.0,325.0,447.0,918.0,0.0,usda,1
173669,"Fish, herring, Pacific, raw",16.39,13.88,0.0,195.0,71.52,0.0,228.0,423.0,74.0,1.25,usda,1
173670,"Fish, ling, raw",18.99,0.64,0.0,87.0,79.63,0.0,198.0,379.0,135.0,1.25,usda,1
173671,"Fish, lingcod, raw",17.66,1.06,0.0,85.0,81.03,0.0,201.0,437.0,59.0,1.25,usda,1
173672,"Fish, mackerel, Pacific and jack, mixed species, raw",20.07,7.89,0.0,158.0,70.15,0.0,125.0,406.0,86.0,0.0,usda,1
173673,"Fish, mackerel, spanish, raw",19.29,6.3,0.0,139.0,71.67,0.0,205.0,446.0,59.0,0.0,usda,1
173674,"Fish, mackerel, spanish, cooked, dry heat",23.59,6.32,0.0,158.0,68.46,0.0,271.0,554.0,66.0,1.25,usda,1
173675,"Fish, milkfish, raw",20.53,6.73,0.0,148.0,70.85,0.0,162.0,292.0,72.0,1.25,usda,1
173676,"Fish, monkfish, raw",14.48,1.52,0.0,76.0,83.24,0.0,200.0,400.0,18.0,1.25,usda,1
173677,"Fish, pout, ocean, raw",16.64,0.91,0.0,79.0,81.36,0.0,200.0,400.0,61.0,1.25,usda,1
173678,"Fish, perch, mixed species, raw",19.39,0.92,0.0,91.0,79.13,0.0,200.0,269.0,62.0,0.0,usda,1
173679,"Fish, perch, mixed species, cooked, dry heat",24.86,1.18,0.0,117.0,73.25,0.0,257.0,344.0,79.0,1.25,usda,1
173680,"Fish, pike, northern, raw",19.26,0.69,0.0,88.0,78.92,0.0,220.0,259.0,39.0,0.0,usda,1
173681,"Fish, pollock, Alaska, cooked, dry heat (may contain additives to retain moisture)",23.48,1.18,0.0,111.0,73.65,0.0,267.0,430.0,419.0,0.0,usda,1
173682,"Fish, pompano, florida, raw",18.48,9.47,0.0,164.0,71.12,0.0,195.0,381.0,65.0,0.0,usda,1
173683,"Fish, pompano, florida, cooked, dry heat",23.69,12.14,0.0,211.0,62.97,0.0,341.0,636.0,76.0,1.25,usda,1
173684,"Fish, rockfish, Pacific, mixed species, raw",18.36,1.34,0.0,90.0,79.08,0.0,205.0,386.0,74.0,0.0,usda,1
173685,"Fish, sablefish, smoked",17.65,20.14,0.0,257.0,60.14,0.0,222.0,471.0,737.0,1.25,usda,1
173686,"Fish, salmon, Atlantic, wild, raw",19.84,6.34,0.0,142.0,68.5,0.0,200.0,490.0,44.0,1.25,usda,1
173687,"Fish, salmon, chinook, smoked",18.28,4.32,0.0,117.0,72.0,0.0,164.0,175.0,672.0,0.0,usda,1
173688,"Fish, salmon, chinook, raw",19.93,10.43,0.0,179.0,71.64,0.0,289.0,394.0,47.0,0.0,usda,1
173689,"Fish, salmon, chum, raw",20.14,3.77,0.0,120.0,75.38,0.0,283.0,429.0,50.0,1.25,usda,1
173690,"Fish, salmon, pink, canned, total can contents",19.68,4.97,0.0,129.0,74.04,0.0,337.0,344.0,403.0,0.0,usda,1
173691,"Fish, salmon, sockeye, raw",22.25,4.69,0.0,131.0,72.54,0.0,257.0,367.0,78.0,0.0,usda,1
173692,"Fish, salmon, sockeye, cooked, dry heat",26.48,5.57,0.0,156.0,67.33,0.0,305.0,436.0,92.0,0.0,usda,1
173693,"Fish, salmon, sockeye, canned, drained solids",23.59,7.39,0.0,167.0,68.07,0.0,338.0,314.0,408.0,0.0,usda,1
173694,"Fish, sea bass, mixed species, cooked, dry heat",23.63,2.56,0.0,124.0,72.14,0.0,248.0,328.0,87.0,1.25,usda,1
173695,"Fish, seatrout, mixed species, raw",16.74,3.61,0.0,104.0,78.09,0.0,250.0,341.0,58.0,1.25,usda,1
173696,"Fish, shad, american, raw",16.93,13.77,0.0,197.0,68.19,0.0,272.0,384.0,51.0,0.0,usda,1
173697,"Fish, shark, mixed species, raw",20.98,4.51,0.0,130.0,73.58,0.0,210.0,160.0,79.0,0.0,usda,1
173698,"Fish, snapper, mixed species, raw",20.51,1.34,0.0,100.0,76.87,0.0,198.0,417.0,64.0,0.0,usda,1
173699,"Fish, snapper, mixed species, cooked, dry heat",26.3,1.72,0.0,128.0,70.35,0.0,201.0,522.0,57.0,1.25,usda,1
173700,"Fish, spot, raw",18.51,4.9,0.0,123.0,75.95,0.0,186.0,496.0,29.0,1.25,usda,1
173701,"Fish, sturgeon, mixed species, raw",16.14,4.04,0.0,105.0,76.55,0.0,211.0,284.0,54.0,0.0,usda,1
173702,"Fish, surimi",15.18,0.9,6.85,99.0,76.34,0.0,282.0,112.0,143.0,0.0,usda,1
173703,"Fish, swordfish, raw",19.66,6.65,0.0,144.0,73.38,0.0,255.0,418.0,81.0,0.0,usda,1
173704,"Fish, swordfish, cooked, dry heat",23.45,7.93,0.0,172.0,68.26,0.0,304.0,499.0,97.0,0.0,usda,1
173705,"Fish, tilefish, raw",17.5,2.31,0.0,96.0,78.9,0.0,187.0,433.0,53.0,1.25,usda,1
173706,"Fish, tuna, fresh, bluefin, raw",23.33,4.9,0.0,144.0,68.09,0.0,254.0,252.0,39.0,0.0,usda,1
173707,"Fish, tuna, fresh, bluefin, cooked, dry heat",29.91,6.28,0.0,184.0,59.09,0.0,326.0,323.0,50.0,1.25,usda,1
173708,"Fish, tuna, light, canned in oil, drained solids",29.13,8.21,0.0,198.0,59.83,0.0,311.0,207.0,416.0,0.0,usda,1
173709,"Fish, tuna, light, canned in water, drained solids (Includes foods for USDA's Food Distribution Program)",19.44,0.96,0.0,86.0,78.14,0.0,139.0,179.0,247.0,0.0,usda,1
173710,"Fish, turbot, european, raw",16.05,2.95,0.0,95.0,76.95,0.0,129.0,238.0,150.0,1.25,usda,1
173711,"Fish, whitefish, mixed species, raw",19.09,5.86,0.0,134.0,72.77,0.0,270.0,317.0,51.0,0.0,usda,1
173712,"Fish, whitefish, mixed species, smoked",23.4,0.93,0.0,108.0,70.83,0.0,132.0,423.0,1019.0,0.0,usda,1
173713,"Fish, whiting, mixed species, raw",18.31,1.31,0.0,90.0,80.27,0.0,222.0,249.0,72.0,0.0,usda,1
173714,"Fish, catfish, channel, wild, cooked, dry heat",18.47,2.85,0.0,105.0,77.67,0.0,304.0,419.0,50.0,1.25,usda,1
173715,"Fish, salmon, coho, farmed, raw",21.27,7.67,0.0,160.0,70.47,0.0,292.0,450.0,47.0,1.25,usda,1
173716,"Fish, salmon, coho, farmed, cooked, dry heat",24.3,8.23,0.0,178.0,67.0,0.0,332.0,460.0,52.0,1.25,usda,1
173717,"Fish, trout, rainbow, farmed, raw",19.94,6.18,0.0,141.0,73.8,0.0,226.0,377.0,51.0,0.0,usda,1
173718,"Fish, trout, rainbow, farmed, cooked, dry heat",23.8,7.38,0.0,168.0,68.72,0.0,270.0,450.0,61.0,0.0,usda,1
173719,"Fish, salmon, coho, wild, cooked, dry heat",23.45,4.3,0.0,139.0,71.5,0.0,322.0,434.0,58.0,0.0,usda,1
173720,"Mollusks, conch, baked or broiled",26.3,1.2,1.7,130.0,69.4,0.0,217.0,163.0,153.0,0.0,usda,1
173721,"Salmon nuggets, breaded, frozen, heated",12.69,11.72,13.96,212.0,60.38,0.0,176.0,165.0,173.0,1.25,usda,1
173722,"Salmon nuggets, cooked as purchased, unheated",11.97,10.43,11.85,189.0,64.57,0.0,173.0,161.0,167.0,1.25,usda,1
173723,"Salmon, sockeye, canned, drained solids, without skin and bones",26.33,5.87,0.0,158.0,67.78,0.0,236.0,312.0,386.0,0.0,usda,1
173724,"Fish, Salmon, pink, canned, drained solids, without skin and bones",24.62,4.21,0.0,136.0,70.63,0.0,253.0,326.0,378.0,0.0,usda,1
173725,"Fish, pollock, Alaska, raw",17.17,0.82,0.0,76.0,81.99,0.2,190.0,331.0,159.0,1.25,usda,1
173726,"Fish, pollock, Alaska, cooked",19.42,0.9946,0.0,86.6164,79.34,0.2,206.0,364.0,166.0,1.25,usda,1
173727,"Beans, adzuki, mature seeds, raw",19.87,0.53,62.9,329.0,13.44,12.7,381.0,1254.0,5.0,1.25,usda,3
173728,"Beans, adzuki, mature seeds, cooked, boiled, without salt",7.52,0.1,24.77,128.0,66.29,7.3,168.0,532.0,8.0,1.25,usda,0
173729,"Beans, adzuki, mature seeds, canned, sweetened",3.8,0.03,55.01,237.0,40.58,0.2,74.0,119.0,218.0,1.25,usda,0
173730,"Yokan, prepared from adzuki beans and sugar",3.29,0.12,60.72,260.0,35.45,0.2,40.0,45.0,83.0,1.25,usda,0
173731,"Beans, baked, home prepared",5.54,5.15,21.63,155.0,65.17,5.5,109.0,358.0,422.0,1.25,usda,3
173732,"Beans, baked, canned, with pork and sweet sauce",4.52,0.89,21.57,105.0,71.48,4.4,88.0,231.0,391.0,8.23,usda,0
173733,"Beans, baked, canned, with pork and tomato sauce",5.15,0.93,18.69,94.0,73.5,4.0,116.0,295.0,437.0,5.67,usda,0
173734,"Beans, black, mature seeds, raw",21.6,1.42,62.36,341.0,11.02,15.5,352.0,1483.0,5.0,2.12,usda,3
173735,"Beans, black, mature seeds, cooked, boiled, without salt",8.86,0.54,23.71,132.0,65.74,8.7,140.0,355.0,1.0,0.32,usda,0
173736,"Beans, cranberry (roman), mature seeds, cooked, boiled, without salt",9.34,0.46,24.46,136.0,64.65,8.6,135.0,387.0,1.0,1.25,usda,0
173737,"Beans, cranberry (roman), mature seeds, canned",5.54,0.28,15.12,83.0,77.56,6.3,86.0,260.0,332.0,1.25,usda,0
173738,"Beans, french, mature seeds, raw",18.81,2.02,64.11,343.0,10.77,25.2,304.0,1316.0,18.0,1.25,usda,3
173739,"Beans, french, mature seeds, cooked, boiled, without salt",7.05,0.76,24.02,129.0,66.57,9.4,102.0,370.0,6.0,1.25,usda,0
173740,"Beans, kidney, all types, mature seeds, cooked, boiled, without salt",8.67,0.5,22.8,127.0,66.94,6.4,138.0,405.0,1.0,0.32,usda,0
173741,"Beans, kidney, all types, mature seeds, canned",5.22,0.6,14.5,84.0,78.04,4.3,90.0,237.0,296.0,1.85,usda,0
173742,"Beans, kidney, california red, mature seeds, raw",24.37,0.25,59.8,330.0,11.75,24.9,405.0,1490.0,11.0,1.25,usda,3
173743,"Beans, kidney, california red, mature seeds, cooked, boiled, without salt",9.13,0.09,22.41,124.0,66.93,9.3,137.0,419.0,4.0,1.25,usda,0
173744,"Beans, kidney, red, mature seeds, raw",22.53,1.06,61.29,337.0,11.75,15.2,406.0,1359.0,12.0,2.1,usda,3
173745,"Beans, navy, mature seeds, raw",22.33,1.5,60.75,337.0,12.1,15.3,407.0,1185.0,5.0,3.88,usda,3
173746,"Beans, navy, mature seeds, cooked, boiled, without salt",8.23,0.62,26.05,140.0,63.81,10.5,144.0,389.0,0.0,0.37,usda,0
173747,"Beans, navy, mature seeds, canned",7.53,0.43,20.45,113.0,70.45,5.1,134.0,288.0,336.0,0.28,usda,0
173748,"Beans, pink, mature seeds, raw",20.96,1.13,64.19,343.0,10.06,12.7,415.0,1464.0,8.0,2.14,usda,3
173749,"Beans, small white, mature seeds, raw",21.11,1.18,62.25,336.0,11.71,24.9,445.0,1542.0,12.0,1.25,usda,3
173750,"Beans, small white, mature seeds, cooked, boiled, without salt",8.97,0.64,25.81,142.0,63.24,10.4,169.0,463.0,2.0,1.25,usda,0
173751,"Beans, yellow, mature seeds, raw",22.0,2.6,60.7,345.0,11.1,25.1,488.0,1042.0,12.0,1.25,usda,3
173752,"Beans, yellow, mature seeds, cooked, boiled, without salt",9.16,1.08,25.28,144.0,62.98,10.4,183.0,325.0,5.0,0.34,usda,3
173753,"Broadbeans (fava beans), mature seeds, cooked, boiled, without salt",7.6,0.4,19.65,110.0,71.54,5.4,125.0,268.0,5.0,1.82,usda,0
173754,"Broadbeans (fava beans), mature seeds, canned",5.47,0.22,12.41,71.0,80.32,3.7,79.0,242.0,453.0,1.25,usda,0
173755,Carob flour,4.62,0.65,88.88,222.0,3.58,39.8,79.0,827.0,35.0,49.08,usda,3
173756,"Chickpeas (garbanzo beans, bengal gram), mature seeds, raw",20.47,6.04,62.95,378.0,7.68,12.2,252.0,718.0,24.0,10.7,usda,3
173757,"Chickpeas (garbanzo beans, bengal gram), mature seeds, cooked, boiled, without salt",8.86,2.59,27.42,164.0,60.21,7.6,168.0,291.0,7.0,4.8,usda,3
173758,"Cowpeas, common (blackeyes, crowder, southern), mature seeds, raw",23.52,1.26,60.03,336.0,11.95,10.6,424.0,1112.0,16.0,6.9,usda,3
173759,"Cowpeas, common (blackeyes, crowder, southern), mature seeds, cooked, boiled, without salt",7.73,0.53,20.76,116.0,70.04,6.5,156.0,278.0,4.0,3.3,usda,0
173760,"Cowpeas, common (blackeyes, crowder, southern), mature seeds, canned, plain",4.74,0.55,13.63,77.0,79.63,3.3,70.0,172.0,293.0,1.25,usda,0
173761,"Cowpeas, common (blackeyes, crowder, southern), mature seeds, canned with pork",2.74,1.6,16.53,83.0,77.59,3.3,96.0,178.0,350.0,1.25,usda,0
173766,"Soymilk, original and vanilla, light, with added calcium, vitamins A and D",2.38,0.77,3.51,30.0,92.69,0.3,87.0,117.0,48.0,2.61,usda,0
173767,"Soymilk, chocolate and other flavors, light, with added calcium, vitamins A and D",2.1,0.64,8.24,47.0,88.38,0.7,87.0,144.0,46.0,7.13,usda,0
173768,"Soymilk, original and vanilla, light, unsweetened, with added calcium, vitamins A and D",2.62,0.85,3.85,34.0,92.03,0.6,103.0,117.0,63.0,0.41,usda,0
173769,"Soymilk (All flavors), lowfat, with added calcium, vitamins A and D",1.65,0.62,7.2,43.0,89.89,0.8,62.0,64.0,37.0,3.5,usda,0
173789,"Beans, adzuki, mature seed, cooked, boiled, with salt",7.52,0.1,24.77,128.0,66.29,7.3,168.0,532.0,244.0,1.25,usda,3
173790,"Beans, great northern, mature seeds, cooked, boiled, with salt",8.33,0.45,21.09,118.0,69.0,7.0,165.0,391.0,238.0,1.25,usda,3
173791,"Beans, great northern, mature seeds, canned, low sodium",7.37,0.39,21.02,114.0,69.89,4.9,136.0,351.0,177.0,1.41,usda,0
173792,"Beans, kidney, all types, mature seeds, cooked, boiled, with salt",8.67,0.5,22.8,127.0,66.94,6.4,142.0,403.0,238.0,0.32,usda,3
173793,"Beans, kidney, california red, mature seeds, cooked, boiled, with salt",9.13,0.09,22.41,124.0,66.93,9.3,137.0,419.0,240.0,1.25,usda,3
173794,"Beans, navy, mature seeds, cooked, boiled, with salt",8.23,0.62,26.05,140.0,63.81,10.5,144.0,389.0,237.0,0.37,usda,3
173795,"Beans, pink, mature seeds, cooked, boiled, with salt",9.06,0.49,27.91,149.0,61.2,5.3,165.0,508.0,238.0,0.36,usda,3
173796,"Beans, pinto, mature seeds, cooked, boiled, with salt",9.01,0.65,26.22,143.0,62.95,9.0,147.0,436.0,238.0,0.34,usda,3
173797,"Beans, pinto, mature seeds, canned, drained solids, rinsed in tap water",7.04,0.97,20.77,117.0,70.0,0.2,96.0,234.0,212.0,1.25,usda,0
173798,"Broadbeans (fava beans), mature seeds, cooked, boiled, with salt",7.6,0.4,19.65,110.0,71.54,5.4,125.0,268.0,241.0,1.82,usda,0
173799,"Chickpeas (garbanzo beans, bengal gram), mature seeds, cooked, boiled, with salt",8.86,2.59,27.42,164.0,60.21,7.6,168.0,291.0,243.0,4.8,usda,3
173800,"Chickpeas (garbanzo beans, bengal gram), mature seeds, canned, drained solids",7.05,2.77,22.53,139.0,66.72,6.4,85.0,126.0,246.0,4.01,usda,3
173801,"Chickpeas (garbanzo beans, bengal gram), mature seeds, canned, drained, rinsed in tap water",7.04,2.47,22.87,138.0,66.87,6.3,80.0,109.0,212.0,4.0,usda,3
173802,"Lima beans, large, mature seeds, cooked, boiled, with salt",7.8,0.38,20.88,115.0,69.79,7.0,111.0,508.0,238.0,2.9,usda,3
173803,"Lima beans, thin seeded (baby), mature seeds, cooked, boiled, with salt",8.04,0.38,23.31,126.0,67.15,7.7,127.0,401.0,239.0,1.25,usda,3
173804,"Lupins, mature seeds, cooked, boiled, with salt",15.57,2.92,9.29,116.0,71.08,2.8,128.0,245.0,240.0,1.25,usda,1
173805,"Mothbeans, mature seeds, cooked, boiled, with salt",7.81,0.55,20.96,117.0,69.23,0.2,150.0,304.0,246.0,1.25,usda,0
173806,"Peanuts, all types, dry-roasted, without salt",24.35,49.66,21.26,587.0,1.81,8.4,363.0,634.0,6.0,4.9,usda,3
173807,"Peanuts, spanish, oil-roasted, without salt",28.01,49.04,17.45,579.0,1.78,8.9,387.0,776.0,6.0,1.25,usda,3
173808,"Peanuts, valencia, oil-roasted, without salt",27.04,51.24,16.3,589.0,2.12,8.9,319.0,612.0,6.0,1.25,usda,3
173809,"Peanuts, virginia, oil-roasted, without salt",25.87,48.62,19.86,578.0,2.17,8.9,506.0,652.0,6.0,1.25,usda,3
173810,"Lamb, New Zealand, imported, loin chop, separable lean only, raw",19.98,6.88,0.0,142.0,71.4,0.0,189.0,327.0,77.0,0.0,usda,1
173811,"Lamb, New Zealand, imported, frozen, loin, separable lean only, cooked, broiled",29.31,8.24,0.0,199.0,60.86,0.0,240.0,189.0,55.0,1.25,usda,1
173812,"Lamb, New Zealand, imported, rack - partly frenched, separable lean and fat, raw",18.12,18.52,0.13,240.0,62.78,0.0,165.0,277.0,61.0,0.0,usda,1
173813,"Lamb, New Zealand, imported, rack - partly frenched, separable lean and fat, cooked, fast roasted",22.06,18.29,0.04,253.0,59.66,0.0,195.0,304.0,69.0,0.0,usda,1
173814,"Lamb, New Zealand, imported, frozen, shoulder, whole (arm and blade), separable lean only, cooked, braised",34.06,15.5,0.0,285.0,47.86,0.0,215.0,166.0,56.0,1.25,usda,1
173815,"Veal, composite of trimmed retail cuts, separable lean and fat, raw",19.35,6.77,0.0,144.0,72.84,0.0,203.0,315.0,82.0,1.25,usda,1
173816,"Veal, composite of trimmed retail cuts, separable lean and fat, cooked",30.1,11.39,0.0,231.0,57.08,0.0,239.0,325.0,87.0,0.0,usda,1
173817,"Veal, composite of trimmed retail cuts, separable lean only, raw",20.2,2.87,0.0,112.0,75.91,0.0,211.0,328.0,86.0,1.25,usda,1
173818,"Veal, leg (top round), separable lean and fat, cooked, braised",36.16,6.33,0.0,211.0,55.49,0.0,249.0,383.0,67.0,0.0,usda,1
173819,"Veal, leg (top round), separable lean and fat, cooked, pan-fried, breaded",27.29,9.18,9.91,238.0,51.31,0.3,250.0,371.0,454.0,0.57,usda,1
173820,"Veal, leg (top round), separable lean and fat, cooked, pan-fried, not breaded",31.75,8.35,0.0,211.0,58.34,0.0,279.0,425.0,76.0,0.0,usda,1
173821,"Veal, leg (top round), separable lean and fat, cooked, roasted",27.7,4.65,0.0,160.0,66.1,0.0,234.0,389.0,68.0,0.0,usda,1
173822,"Veal, leg (top round), separable lean only, cooked, roasted",28.07,3.39,0.0,150.0,67.01,0.0,236.0,393.0,68.0,1.25,usda,1
173823,"Veal, loin, separable lean and fat, raw",20.07,10.07,0.07,177.0,69.44,0.0,222.0,241.0,98.0,0.0,usda,1
173824,"Veal, loin, separable lean and fat, cooked, braised",30.19,17.21,0.0,284.0,52.02,0.0,220.0,280.0,80.0,0.0,usda,1
173825,"Veal, loin, separable lean and fat, cooked, roasted",24.8,12.32,0.0,217.0,60.73,0.0,212.0,325.0,93.0,0.0,usda,1
173826,"Veal, loin, separable lean only, raw",21.85,2.9,0.0,114.0,74.79,0.0,237.0,260.0,99.0,0.0,usda,1
173827,"Veal, rib, separable lean and fat, cooked, roasted",23.96,13.96,0.0,228.0,59.91,0.0,197.0,295.0,92.0,1.25,usda,1
173828,"Veal, rib, separable lean only, raw",19.97,3.89,0.0,120.0,75.18,0.0,194.0,306.0,95.0,1.25,usda,1
173829,"Veal, rib, separable lean only, cooked, braised",34.44,7.81,0.0,218.0,56.08,0.0,218.0,318.0,99.0,0.0,usda,1
173830,"Veal, rib, separable lean only, cooked, roasted",25.76,7.44,0.0,177.0,64.64,0.0,207.0,311.0,97.0,1.25,usda,1
173831,"Veal, shoulder, whole (arm and blade), separable lean only, cooked, braised",33.68,6.1,0.0,199.0,58.88,0.0,260.0,319.0,97.0,1.25,usda,1
173832,"Veal, shoulder, whole (arm and blade), separable lean only, cooked, roasted",25.81,6.62,0.0,170.0,66.66,0.0,218.0,327.0,97.0,1.25,usda,1
173833,"Veal, shoulder, arm, separable lean and fat, raw",19.34,5.44,0.0,132.0,74.05,0.0,208.0,327.0,83.0,0.0,usda,1
173834,"Veal, shoulder, arm, separable lean and fat, cooked, braised",33.63,10.24,0.0,236.0,55.28,0.0,263.0,333.0,87.0,1.25,usda,1
173835,"Veal, shoulder, blade chop, separable lean and fat, raw",18.72,7.61,0.03,148.0,72.6,0.0,202.0,198.0,91.0,0.0,usda,1
173836,"Veal, shoulder, blade, separable lean and fat, cooked, braised",31.26,10.09,0.0,225.0,56.98,0.0,244.0,297.0,98.0,0.0,usda,1
173837,"Veal, shoulder, blade, separable lean and fat, cooked, roasted",25.15,8.67,0.0,186.0,65.54,0.0,212.0,306.0,100.0,1.25,usda,1
173838,"Veal, shoulder, blade chop, separable lean only, raw",19.6,2.88,0.0,110.0,76.29,0.0,209.0,203.0,92.0,0.0,usda,1
173839,"Veal, shoulder, blade, separable lean only, cooked, braised",32.66,6.48,0.0,198.0,59.24,0.0,252.0,305.0,101.0,0.0,usda,1
173840,"Veal, sirloin, separable lean only, raw",20.2,2.59,0.0,110.0,75.94,0.0,220.0,348.0,80.0,1.25,usda,1
173841,"Veal, sirloin, separable lean only, cooked, braised",33.96,6.51,0.0,204.0,58.55,0.0,259.0,339.0,81.0,1.25,usda,1
173842,"Veal, sirloin, separable lean only, cooked, roasted",26.32,6.22,0.0,168.0,65.74,0.0,231.0,365.0,85.0,1.25,usda,1
173843,"Veal, cubed for stew (leg and shoulder), separable lean only, raw",20.27,2.5,0.0,109.0,76.39,0.0,213.0,331.0,83.0,1.25,usda,1
173844,"Game meat, antelope, cooked, roasted",29.45,2.67,0.0,150.0,65.9,0.0,210.0,372.0,54.0,1.25,usda,1
173846,"Game meat, bear, cooked, simmered",32.42,13.39,0.0,259.0,53.55,0.0,170.0,263.0,71.0,0.0,usda,1
173847,"Bison, ground, grass-fed, cooked",25.45,8.62,0.0,179.0,65.09,0.0,213.0,353.0,76.0,0.0,usda,1
173848,"Game meat, beefalo, composite of cuts, cooked, roasted",30.66,6.32,0.0,188.0,61.7,0.0,250.0,459.0,82.0,1.25,usda,1
173851,"Game meat, bison, separable lean only, raw",21.62,1.84,0.0,109.0,74.57,0.0,187.0,343.0,54.0,1.25,usda,1
173852,"Game meat, bison, separable lean only, cooked, roasted",28.44,2.42,0.0,143.0,66.54,0.0,209.0,361.0,57.0,0.0,usda,1
173853,"Game meat, caribou, raw",22.63,3.36,0.0,127.0,71.45,0.0,208.0,295.0,57.0,1.25,usda,1
173854,"Game meat, caribou, cooked, roasted",29.77,4.42,0.0,167.0,62.43,0.0,233.0,310.0,60.0,0.0,usda,1
173855,"Game meat, deer, raw",22.96,2.42,0.0,120.0,73.57,0.0,202.0,318.0,51.0,0.0,usda,1
173856,"Bologna, pork",15.3,19.87,0.73,247.0,60.6,0.0,139.0,281.0,907.0,0.0,usda,1
173857,"Bologna, turkey",11.42,16.05,4.68,209.0,64.55,0.5,114.0,135.0,1071.0,2.9,usda,1
173858,Chicken spread,18.01,17.56,4.05,158.0,57.41,0.3,89.0,106.0,722.0,0.47,usda,1
173859,"Sausage, pork, chorizo, link or ground, raw",13.63,25.1,3.78,296.0,54.77,0.0,149.0,308.0,788.0,0.0,usda,1
173860,"Corned beef loaf, jellied",22.9,6.1,0.0,153.0,69.1,0.0,73.0,101.0,953.0,1.25,usda,1
173861,"Dutch brand loaf, chicken, pork and beef",12.0,22.91,3.93,273.0,58.1,0.3,119.0,210.0,786.0,0.9,usda,1
173862,"Frankfurter, beef, unheated",11.69,28.1,2.97,315.0,54.47,0.0,134.0,364.0,865.0,1.17,usda,1
173863,"Ham, sliced, pre-packaged, deli meat (96%fat free, water added)",16.85,4.04,0.7,107.0,74.84,0.0,252.0,463.0,945.0,0.0,usda,1
173864,"Ham, sliced, regular (approximately 11% fat)",16.6,8.8,3.63,164.0,67.27,1.3,153.0,287.0,814.0,1.0,usda,1
173865,"Ham, minced",16.28,20.68,1.84,263.0,57.35,0.0,157.0,311.0,1245.0,0.0,usda,1
173866,Ham salad spread,8.68,15.53,10.64,216.0,62.6,0.0,120.0,150.0,1075.0,0.0,usda,1
173867,"Knackwurst, knockwurst, pork, beef",11.1,27.7,3.2,307.0,55.3,0.0,98.0,199.0,930.0,0.0,usda,1
173868,"Lebanon bologna, beef",19.03,10.44,0.44,172.0,65.77,0.0,192.0,330.0,1374.0,0.0,usda,1
173869,"Liver cheese, pork",15.2,25.6,2.1,304.0,53.6,0.0,207.0,226.0,1225.0,1.25,usda,1
173870,"Liver sausage, liverwurst, pork",14.1,28.5,2.2,326.0,52.1,0.0,230.0,170.0,860.0,1.25,usda,1
173871,"Sausage, turkey, fresh, cooked",23.89,10.44,0.0,196.0,65.06,0.0,202.0,298.0,665.0,0.0,usda,1
173872,"Bologna, chicken, pork, beef",11.33,22.73,5.61,272.0,56.42,0.0,227.0,313.0,1120.0,0.0,usda,1
173873,"Bologna, chicken, pork",10.31,30.61,4.19,336.0,50.85,0.0,223.0,162.0,1240.0,0.0,usda,1
173874,"Chicken breast, deli, rotisserie seasoned, sliced, prepackaged",17.4,1.86,2.92,98.0,74.47,0.0,257.0,360.0,1032.0,0.75,usda,1
173875,"Frankfurter, meat and poultry, unheated",9.72,24.18,5.02,277.0,57.58,0.0,175.0,359.0,976.0,2.75,usda,1
173876,"Pork sausage, link/patty, fully cooked, unheated",13.46,37.25,0.69,392.0,45.96,0.0,164.0,211.0,810.0,0.53,usda,1
173877,"Kielbasa, fully cooked, grilled",12.45,29.68,5.03,337.0,49.38,0.0,204.0,306.0,1062.0,2.39,usda,1
173878,"Kielbasa, fully cooked, pan-fried",12.36,29.43,4.78,333.0,49.98,0.0,199.0,304.0,1046.0,2.38,usda,1
173879,"Kielbasa, fully cooked, unheated",10.84,29.63,3.72,325.0,52.82,0.0,168.0,217.0,928.0,2.05,usda,1
173880,"Sausage, chicken or turkey, Italian style,  lower sodium",21.43,4.46,14.25,183.0,56.01,0.0,286.0,1062.0,446.0,0.81,usda,1
173881,"Ham, smoked, extra lean, low sodium",18.52,2.71,10.7,141.0,64.59,0.0,286.0,330.0,1062.0,10.68,usda,1
173882,"Pork sausage, reduced sodium, cooked",9.41,22.35,8.13,271.0,58.87,0.0,110.0,160.0,294.0,0.0,usda,1
173883,"Sausage, pork, turkey, and beef, reduced sodium",10.71,26.79,0.11,284.0,60.08,0.1,147.0,240.0,679.0,0.02,usda,1
173884,"Cereals ready-to-eat, GENERAL MILLS, CHEERIOS",12.4,6.6,73.2,372.0,3.76,10.1,357.0,633.0,497.0,4.5,usda,3
173885,"Cereals ready-to-eat, POST, COCOA PEBBLES",4.8,4.1,85.7,397.0,2.5,1.6,95.0,193.0,594.0,35.8,usda,3
173886,"Cereals ready-to-eat, QUAKER, QUAKER CRUNCHY BRAN",6.37,4.06,83.68,331.0,2.5,15.3,186.0,239.0,759.0,20.66,usda,3
173887,"Cereals ready-to-eat, RALSTON CRISP RICE",6.69,1.26,86.22,383.0,3.62,0.7,98.0,106.0,545.0,12.12,usda,3
173888,"Cereals ready-to-eat, POST Bran Flakes",9.9,2.1,80.5,328.0,3.4,18.3,449.0,533.0,540.0,18.6,usda,3
173889,"Cereals ready-to-eat, POST, Honeycomb Cereal",6.01,2.93,86.63,394.0,1.5,3.2,132.0,142.0,553.0,31.51,usda,3
173890,"Cereals ready-to-eat, QUAKER, KING VITAMAN",6.41,3.44,83.85,381.0,3.35,3.4,250.0,268.0,825.0,20.27,usda,3
173891,"Cereals ready-to-eat, QUAKER, QUAKER OAT LIFE, plain",9.98,4.43,77.74,374.0,4.3,6.6,423.0,283.0,501.0,19.43,usda,3
173892,"Cereals ready-to-eat, QUAKER, 100% Natural Granola, Oats, Wheat and Honey",10.55,11.62,73.65,421.0,2.19,10.2,392.0,483.0,50.0,20.34,usda,3
173893,"Cereals ready-to-eat, RALSTON TASTEEOS",10.71,5.36,75.96,395.0,3.68,10.7,536.0,607.0,571.0,3.57,usda,3
173894,"Cereals ready-to-eat, POST, Honey Nut Shredded Wheat",8.5,2.9,83.6,373.0,3.0,10.7,274.0,348.0,102.0,20.7,usda,3
173895,"Cereals ready-to-eat, MALT-O-MEAL, CORN BURSTS",3.32,0.35,90.59,385.0,2.5,1.9,37.0,71.0,855.0,46.88,usda,3
173896,"Cereals ready-to-eat, wheat germ, toasted, plain",29.1,10.7,49.6,382.0,5.6,15.1,1146.0,947.0,4.0,7.8,usda,3
173897,"Cereals, QUAKER, corn grits, instant, plain, prepared (microwaved or boiling water added), without salt",1.58,0.49,15.95,74.0,81.22,1.1,14.0,27.0,227.0,0.1,usda,0
173898,"Cereals, QUAKER, corn grits, instant, cheddar cheese flavor, dry",8.98,5.46,72.96,363.0,6.71,4.2,80.0,132.0,1644.0,2.76,usda,3
173899,"Cereals, QUAKER, Instant Grits, Country Bacon flavor, dry",9.93,1.73,75.39,340.0,7.37,5.1,93.0,210.0,1523.0,0.38,usda,3
173900,"Cereals, CREAM OF RICE, dry",6.3,0.5,82.4,370.0,10.5,0.7,124.0,143.0,6.0,0.3,usda,3
173901,"Cereals, CREAM OF WHEAT, regular, 10 minute cooking, dry",10.5,1.5,76.5,370.0,10.9,3.8,115.0,120.0,7.0,0.2,usda,3
173902,"Cereals, CREAM OF WHEAT, instant, prepared with water, without salt",1.84,0.24,13.08,62.0,84.4,0.6,18.0,20.0,102.0,0.07,usda,0
173903,"Cereals, MALT-O-MEAL, original, plain, dry",11.8,0.7,77.25,365.0,10.35,2.1,157.0,100.0,0.0,0.0,usda,3
173904,"Cereals, oats, regular and quick, not fortified, dry",13.15,6.52,67.7,379.0,10.84,10.1,410.0,362.0,6.0,0.99,usda,3
173905,"Cereals, oats, regular and quick, unenriched, cooked with water (includes boiling and microwaving), without salt",2.54,1.52,12.0,71.0,83.61,1.7,77.0,70.0,4.0,0.27,usda,0
173906,"Cereals, oats, instant, fortified, with cinnamon and spice, prepared with water",2.37,1.21,18.95,96.0,76.74,2.0,80.0,71.0,111.0,6.31,usda,0
173907,"Cereals, QUAKER, Instant Oatmeal, maple and brown sugar, dry",9.2,4.63,76.91,368.0,6.28,7.2,297.0,424.0,506.0,30.02,usda,3
173908,"Cereals, oats, instant, fortified, with raisins and spice, prepared with water",1.98,0.95,17.91,88.0,78.44,1.3,64.0,85.0,111.0,8.71,usda,0
173909,"Cereals ready-to-eat, MALT-O-MEAL, MARSHMALLOW MATEYS",6.94,3.53,82.77,387.0,2.19,4.9,232.0,186.0,667.0,40.91,usda,3
173910,"Cereals ready-to-eat, POST, Shredded Wheat, original big biscuit",11.37,2.01,78.96,337.0,6.1,12.4,375.0,381.0,2.0,0.94,usda,3
173911,"Cereals ready-to-eat, POST, Shredded Wheat, original spoon-size",11.8,2.1,81.4,351.0,3.0,12.4,384.0,387.0,2.0,0.9,usda,3
173912,"Cereals ready-to-eat, rice, puffed, fortified",6.3,0.5,89.8,402.0,3.0,1.7,98.0,113.0,3.0,1.25,usda,3
173913,"Cereals ready-to-eat, wheat, puffed, fortified",14.7,1.2,79.6,364.0,3.0,4.4,355.0,348.0,4.0,1.25,usda,3
173914,"Cereals, CREAM OF RICE, cooked with water, with salt",0.9,0.1,11.5,52.0,87.5,0.1,17.0,20.0,173.0,0.04,usda,0
173915,"Cereals, CREAM OF WHEAT, regular (10 minute), cooked with water, with salt",1.46,0.21,10.66,50.0,87.14,0.5,16.0,17.0,129.0,0.03,usda,0
173916,"Cereals, farina, unenriched, dry",10.6,0.5,78.0,369.0,10.5,1.9,88.0,94.0,3.0,1.25,usda,3
173917,"Cereals, farina, enriched, cooked with water, with salt",1.82,0.34,10.92,53.0,86.55,0.8,37.0,23.0,126.0,0.76,usda,0
173918,"Cereals ready-to-eat, POST, Shredded Wheat, lightly frosted, spoon-size",7.8,1.9,83.8,352.0,6.0,9.6,276.0,327.0,19.0,22.3,usda,3
173919,"Cereals ready-to-eat, POST SELECTS Blueberry Morning",6.5,5.3,81.6,395.0,4.7,4.7,162.0,195.0,341.0,29.2,usda,3
173920,"Cereals, oats, instant, fortified, maple and brown sugar, dry",9.25,4.73,76.67,386.0,6.4,7.2,305.0,361.0,505.0,30.28,usda,3
173921,"Cereals ready-to-eat, QUAKER WHOLE HEARTS oat cereal",7.63,5.61,80.1,376.0,2.75,9.1,322.0,568.0,554.0,21.53,usda,3
173922,"Cereals, QUAKER, Weight Control Instant Oatmeal, maple and brown sugar",16.37,6.2,64.25,361.0,9.02,13.0,392.0,330.0,642.0,1.25,usda,3
173923,"Cereals, QUAKER, Weight Control Instant Oatmeal, banana bread",16.5,6.16,64.42,361.0,9.04,12.6,396.0,327.0,619.0,1.29,usda,3
173924,"Cereals, QUAKER, oatmeal, REAL MEDLEYS, peach almond, dry",10.1,9.84,68.61,387.0,8.1,7.4,302.0,560.0,201.0,24.85,usda,3
173925,"Cereals, QUAKER, oatmeal, REAL MEDLEYS, cherry pistachio, dry",12.02,11.02,66.73,394.0,6.59,7.1,333.0,501.0,181.0,26.34,usda,3
173926,"Cereals, QUAKER, Instant Oatmeal, weight control, cinnamon",16.5,6.28,64.21,361.0,9.09,13.0,402.0,334.0,618.0,1.27,usda,3
173927,"Cereals ready-to-eat, MOM'S BEST, Sweetened WHEAT-FULS",8.18,1.83,80.91,373.0,6.0,10.0,273.0,336.0,14.0,20.29,usda,3
173928,"Apples, raw, without skin, cooked, boiled",0.26,0.36,13.64,53.0,85.47,2.4,8.0,88.0,1.0,11.01,usda,0
173929,"Apples, raw, without skin, cooked, microwave",0.28,0.42,14.41,56.0,84.63,2.8,8.0,93.0,1.0,11.61,usda,0
173930,"Apples, canned, sweetened, sliced, drained, heated",0.18,0.43,16.84,67.0,82.28,2.0,6.0,70.0,3.0,14.84,usda,0
173931,"Apples, dehydrated (low moisture), sulfured, uncooked",1.32,0.58,93.53,346.0,3.0,12.4,55.0,640.0,124.0,81.13,usda,3
173932,"Apples, frozen, unsweetened, heated (Includes foods for USDA's Food Distribution Program)",0.29,0.33,12.0,47.0,87.16,1.3,8.0,76.0,3.0,1.25,usda,0
173933,"Apple juice, canned or bottled, unsweetened, without added ascorbic acid",0.1,0.13,11.3,46.0,88.24,0.2,7.0,101.0,4.0,9.62,usda,0
173934,"Apple juice, frozen concentrate, unsweetened, undiluted, without added ascorbic acid",0.51,0.37,41.0,166.0,57.0,0.4,25.0,448.0,25.0,38.83,usda,0
173935,"Apple juice, frozen concentrate, unsweetened, diluted with 3 volume water without added ascorbic acid",0.14,0.1,11.54,47.0,87.9,0.1,7.0,126.0,7.0,10.93,usda,0
173936,"Apricots, canned, water pack, without skin, solids and liquids",0.69,0.03,5.48,22.0,93.43,1.1,16.0,154.0,11.0,1.25,usda,0
173937,"Apricots, canned, juice pack, with skin, solids and liquids",0.63,0.04,12.34,48.0,86.62,1.6,20.0,165.0,4.0,10.74,usda,0
173938,"Apricots, canned, extra light syrup pack, with skin, solids and liquids (Includes foods for USDA's Food Distribution Program)",0.6,0.1,12.5,49.0,86.3,1.6,12.0,140.0,2.0,1.25,usda,0
173939,"Apricots, canned, light syrup pack, with skin, solids and liquids",0.53,0.05,16.49,63.0,82.56,1.6,13.0,138.0,4.0,14.89,usda,0
173940,"Apricots, dehydrated (low-moisture), sulfured, stewed",1.93,0.24,32.62,126.0,63.6,0.2,62.0,728.0,5.0,1.25,usda,0
173941,"Apricots, dried, sulfured, uncooked",3.39,0.51,62.64,241.0,30.89,7.3,71.0,1162.0,10.0,53.44,usda,3
173942,"Apricots, dried, sulfured, stewed, without added sugar",1.2,0.18,22.15,85.0,75.56,2.6,25.0,411.0,4.0,19.57,usda,0
173943,"Apricots, dried, sulfured, stewed, with added sugar",1.17,0.15,29.26,113.0,68.45,4.1,38.0,443.0,3.0,1.25,usda,0
173944,"Bananas, raw",1.09,0.33,22.84,89.0,74.91,2.6,22.0,358.0,1.0,12.23,usda,0
173945,"Bananas, dehydrated, or banana powder",3.89,1.81,88.28,346.0,3.0,9.9,74.0,1491.0,3.0,47.3,usda,3
173946,"Blackberries, raw",1.39,0.49,9.61,43.0,88.15,5.3,22.0,162.0,1.0,4.88,usda,0
173947,"Blackberry juice, canned",0.3,0.6,7.8,38.0,90.9,0.1,12.0,135.0,1.0,7.7,usda,0
173948,"Blueberries, canned, heavy syrup, solids and liquids",0.65,0.33,22.06,88.0,76.78,1.6,10.0,40.0,3.0,20.46,usda,0
173949,"Blueberries, wild, frozen (Includes foods for USDA's Food Distribution Program)",0.0,0.16,13.85,57.0,85.8,4.4,13.0,68.0,3.0,1.25,usda,0
173950,"Blueberries, frozen, unsweetened (Includes foods for USDA's Food Distribution Program)",0.42,0.64,12.17,51.0,86.59,2.7,11.0,54.0,1.0,8.45,usda,0
173951,"Blueberries, frozen, sweetened",0.4,0.13,21.95,85.0,77.4,2.2,7.0,60.0,1.0,19.72,usda,0
173952,"Carissa, (natal-plum), raw",0.5,1.3,13.63,62.0,84.17,0.2,7.0,260.0,3.0,1.25,usda,0
173953,"Cherimoya, raw",1.57,0.68,17.71,75.0,79.39,3.0,26.0,287.0,7.0,12.87,usda,0
173954,"Cherries, sour, red, raw",1.0,0.3,12.18,50.0,86.13,1.6,15.0,173.0,3.0,8.49,usda,0
173955,"Cherries, sour, red, canned, water pack, solids and liquids",0.77,0.1,8.94,36.0,89.93,1.1,10.0,98.0,7.0,7.6,usda,0
173956,"Cherries, sour, red, canned, light syrup pack, solids and liquids",0.74,0.1,19.3,75.0,79.62,0.8,10.0,95.0,7.0,1.25,usda,0
173957,"Cherries, sweet, canned, water pack, solids and liquids",0.77,0.13,11.76,46.0,87.05,1.5,15.0,131.0,1.0,10.26,usda,0
173958,"Cherries, sweet, canned, juice pack, solids and liquids",0.91,0.02,13.81,54.0,84.95,1.5,22.0,131.0,3.0,12.31,usda,0
173959,"Cherries, sweet, canned, light syrup pack, solids and liquids",0.61,0.15,17.29,67.0,81.56,1.5,18.0,148.0,3.0,15.79,usda,0
173960,"Cherries, sweet, canned, pitted, heavy syrup pack, solids and liquids",0.6,0.15,21.27,83.0,77.61,1.4,18.0,145.0,3.0,16.18,usda,0
173961,"Cranberry sauce, canned, sweetened",0.9,0.15,40.4,159.0,58.45,1.1,4.0,28.0,5.0,31.75,usda,0
173962,"Cranberry-orange relish, canned",0.3,0.1,46.2,178.0,53.2,0.0,8.0,38.0,32.0,1.25,usda,0
173963,"Currants, european black, raw",1.4,0.41,15.38,63.0,81.96,0.2,59.0,322.0,2.0,1.25,usda,0
173964,"Currants, red and white, raw",1.4,0.2,13.8,56.0,83.95,4.3,44.0,275.0,1.0,7.37,usda,0
173980,"Beef, round, top round steak, boneless, separable lean and fat, trimmed to 0"" fat, choice, raw",23.49,3.66,0.0,127.0,72.35,0.0,220.0,307.0,56.0,0.0,usda,1
173981,"Beef, round, top round steak, boneless, separable lean and fat, trimmed to 0"" fat, select, raw",23.49,2.85,0.0,120.0,73.08,0.0,219.0,314.0,54.0,0.0,usda,1
173982,"Beef, round, top round roast, boneless, separable lean and fat, trimmed to 0"" fat, all grades, raw",23.45,3.5,0.0,125.0,72.51,0.0,219.0,311.0,54.0,0.0,usda,1
173983,"Beef, round, top round roast, boneless, separable lean and fat, trimmed to 0"" fat, choice, raw",23.46,3.81,0.0,128.0,72.24,0.0,219.0,306.0,56.0,0.0,usda,1
173984,"Beef, round, eye of round steak, boneless, separable lean and fat, trimmed to 0"" fat, all grades, raw",23.26,3.48,0.0,124.0,73.07,0.0,220.0,317.0,53.0,0.0,usda,1
173985,"Beef, round, eye of round steak, boneless separable lean and fat, trimmed to 0"" fat, choice, raw",23.24,3.83,0.0,127.0,72.81,0.0,220.0,322.0,52.0,0.0,usda,1
173986,"Beef, round, eye of round steak, boneless, separable lean and fat, trimmed to 0"" fat, select, raw",23.3,2.95,0.0,120.0,73.46,0.0,221.0,310.0,50.0,0.0,usda,1
173987,"Beef, loin, tenderloin roast, boneless, separable lean and fat, trimmed to 0"" fat, all grades, raw",21.67,6.93,0.0,149.0,71.5,0.0,211.0,284.0,44.0,0.0,usda,1
173988,"Beef, loin, tenderloin steak, boneless, separable lean and fat, trimmed to 0"" fat, all grades, raw",21.72,6.67,0.0,147.0,71.7,0.0,212.0,285.0,44.0,0.0,usda,1
173989,"Beef, loin, tenderloin steak, boneless, separable lean and fat, trimmed to 0"" fat, choice, raw",21.57,7.1,0.0,150.0,71.3,0.0,209.0,280.0,44.0,0.0,usda,1
173990,"Beef, loin, tenderloin steak, boneless, separable lean and fat, trimmed to 0"" fat, select, raw",21.95,6.02,0.0,142.0,72.31,0.0,219.0,295.0,42.0,0.0,usda,1
173991,"Beef, loin, tenderloin roast, boneless, separable lean and fat, trimmed to 0"" fat, all grades, cooked, roasted",27.31,8.14,0.0,183.0,64.35,0.0,254.0,346.0,56.0,0.0,usda,1
173992,"Beef, round, top round roast, boneless, separable lean and fat, trimmed to 0"" fat, select, cooked, roasted",30.97,3.72,0.0,157.0,65.14,0.0,269.0,387.0,67.0,0.0,usda,1
173993,"Beef, round, eye of round steak, boneless, separable lean and fat, trimmed to 0"" fat, all grades, cooked, grilled",29.66,4.47,0.0,159.0,65.06,0.0,286.0,411.0,68.0,0.0,usda,1
173994,"Beef, round, eye of round steak, boneless, separable lean and fat, trimmed to 0"" fat, choice, cooked, grilled",29.79,4.83,0.0,163.0,64.5,0.0,286.0,419.0,67.0,0.0,usda,1
173995,"Beef, round, eye of round steak, boneless, separable lean and fat, trimmed to 0"" fat, select, cooked, grilled",29.47,3.98,0.0,154.0,65.92,0.0,287.0,402.0,65.0,0.0,usda,1
173996,"Beef, round, top round roast, boneless, separable lean only, trimmed to 0"" fat, choice, raw",23.59,3.26,0.0,124.0,72.66,0.0,221.0,309.0,56.0,0.0,usda,1
173997,"Beef, round, top round roast, boneless, separable lean only, trimmed to 0"" fat, select, raw",23.59,2.45,0.0,116.0,73.4,0.0,220.0,316.0,55.0,0.0,usda,1
173998,"Beef, round, eye of round roast, boneless, separable lean only, trimmed to 0"" fat, all grades, raw",23.37,3.04,0.0,121.0,73.43,0.0,222.0,319.0,53.0,0.0,usda,1
173999,"Beef, round, eye of round roast, boneless, separable lean only, trimmed to 0"" fat, choice, raw",23.35,3.38,0.0,124.0,73.18,0.0,221.0,324.0,52.0,0.0,usda,1
174000,"Beef, loin, tenderloin roast, boneless, separable lean only, trimmed to 0"" fat, choice, raw",21.78,6.16,0.0,143.0,72.04,0.0,212.0,284.0,45.0,0.0,usda,1
174001,"Beef, loin, tenderloin roast, boneless, separable lean only, trimmed to 0"" fat, select, raw",22.16,5.1,0.0,135.0,73.04,0.0,222.0,298.0,42.0,0.0,usda,1
174002,"Beef, loin, top loin steak, boneless, lip off, separable lean only, trimmed to 0"" fat, all grades, raw",23.07,5.67,0.0,143.0,70.63,0.0,207.0,284.0,46.0,0.0,usda,1
174003,"Beef, loin, top loin steak, boneless, lip off, separable lean only, trimmed to 0"" fat, choice, raw",22.93,6.34,0.0,149.0,69.94,0.0,205.0,283.0,46.0,0.0,usda,1
174004,"Beef, loin, tenderloin roast, boneless, separable lean only, trimmed to 0"" fat, all grades, cooked, roasted",27.51,7.49,0.0,177.0,64.79,0.0,255.0,350.0,56.0,0.0,usda,1
174005,"Beef, loin, tenderloin roast, boneless, separable lean only, trimmed to 0"" fat, choice, cooked, roasted",27.48,8.13,0.0,183.0,64.17,0.0,253.0,350.0,56.0,0.0,usda,1
174006,"Beef, loin, tenderloin roast, separable lean only, boneless, trimmed to 0"" fat, select, cooked, roasted",27.55,6.54,0.0,169.0,65.71,0.0,259.0,352.0,54.0,0.0,usda,1
174007,"Beef, round, top round roast, boneless, separable lean only, trimmed to 0"" fat, all grades, cooked, roasted",30.09,3.77,0.0,162.0,64.96,0.0,272.0,387.0,67.0,0.0,usda,1
174008,"Beef, round, eye of round steak, boneless, separable lean only, trimmed to 0"" fat, select, cooked, grilled",29.52,3.43,0.0,149.0,66.2,0.0,289.0,405.0,65.0,0.0,usda,1
174009,"Beef, loin, top loin steak, boneless, lip-on, separable lean only, trimmed to 1/8"" fat, select, raw",23.3,4.66,0.0,135.0,71.68,0.0,210.0,288.0,47.0,0.0,usda,1
174010,"Beef, loin, top loin steak, boneless, lip-on, separable lean only, trimmed to 1/8"" fat, choice, raw",22.93,6.34,0.0,149.0,69.94,0.0,205.0,283.0,46.0,0.0,usda,1
174011,"Beef, loin, top loin steak, boneless, lip-on, separable lean only, trimmed to 1/8"" fat, all grades, raw",23.07,5.67,0.0,143.0,70.63,0.0,207.0,284.0,46.0,0.0,usda,1
174012,"Beef, composite of trimmed retail cuts, separable lean only, trimmed to 1/8"" fat, choice, raw",22.01,6.05,0.0,142.0,71.22,0.0,193.0,308.0,55.0,0.0,usda,1
174013,"Beef composite, separable lean only, trimmed to 1/8"" fat, choice, cooked",28.73,9.16,0.0,203.0,61.51,0.0,197.0,298.0,53.0,0.0,usda,1
174014,"Beef, composite of trimmed retail cuts, separable lean and fat, trimmed to 0"" fat, choice, raw",21.34,10.08,0.0,176.0,68.0,0.0,194.0,306.0,61.0,0.0,usda,1
174015,"Beef, composite of trimmed retail cuts, separable lean only, trimmed to 0"" fat, choice, raw",21.55,7.24,0.0,151.0,70.24,0.0,206.0,335.0,66.0,0.0,usda,1
174016,"Beef, chuck, mock tender steak, separable lean only, trimmed to 0"" fat, all grades, cooked, broiled",25.9,5.42,0.0,159.0,66.27,0.0,227.0,293.0,71.0,0.0,usda,1
174017,"Beef, chuck, top blade, separable lean only, trimmed to 0"" fat, all grades, cooked, broiled",26.13,10.16,0.0,203.0,62.72,0.0,217.0,304.0,68.0,0.0,usda,1
174018,"Beef, chuck, clod roast, separable lean only, trimmed to 1/4"" fat, all grades, raw",19.63,5.02,0.0,129.0,73.41,0.0,192.0,354.0,64.0,0.0,usda,1
174019,"Beef, chuck, clod roast, separable lean only, trimmed to 0"" fat, all grades, cooked, roasted",26.82,6.34,0.0,172.0,64.32,0.0,222.0,385.0,74.0,0.0,usda,1
174020,"Beef, chuck, mock tender steak, separable lean and fat, trimmed to 0"" fat, USDA select, cooked, broiled",26.08,5.24,0.0,159.0,67.09,0.0,217.0,293.0,68.0,0.0,usda,1
174021,"Beef, chuck, top blade, separable lean and fat, trimmed to 0"" fat, choice, cooked, broiled",25.77,12.93,0.0,227.0,60.69,0.0,215.0,300.0,68.0,0.0,usda,1
174022,"Beef, chuck, top blade, separable lean and fat, trimmed to 0"" fat, select, cooked, broiled",25.67,9.99,0.0,200.0,62.86,0.0,212.0,298.0,67.0,0.0,usda,1
174023,"Beef, chuck, clod roast, separable lean and fat, trimmed to 0"" fat, choice, cooked, roasted",24.61,12.26,0.0,216.0,60.38,0.0,210.0,363.0,71.0,0.0,usda,1
174024,"Beef, loin, bottom sirloin butt, tri-tip steak, separable lean and fat, trimmed to 0"" fat, all grades, cooked, broiled",29.97,15.18,0.0,265.0,50.5,0.0,265.0,437.0,72.0,0.0,usda,1
174025,"Beef, chuck, mock tender steak, separable lean and fat, trimmed to 0"" fat, all grades, cooked, broiled",25.87,5.52,0.0,160.0,66.19,0.0,227.0,293.0,71.0,0.0,usda,1
174026,"Beef, chuck, top blade, separable lean and fat, trimmed to 0"" fat, all grades, cooked, broiled",25.73,11.73,0.0,216.0,61.57,0.0,214.0,299.0,67.0,0.0,usda,1
174027,"Beef, chuck, clod roast, separable lean and fat, trimmed to 0"" fat, all grades, cooked, roasted",25.7,10.84,0.0,207.0,61.09,0.0,212.0,367.0,71.0,0.0,usda,1
174028,"Beef, ground, 95% lean meat / 5% fat, crumbles, cooked, pan-browned",29.17,7.58,0.0,193.0,62.58,0.0,263.0,459.0,85.0,0.0,usda,1
174029,"Beef, ground, 95% lean meat / 5% fat, loaf, cooked, baked",27.31,6.37,0.0,174.0,64.76,0.0,199.0,315.0,58.0,0.0,usda,1
174030,"Beef, ground, 90% lean meat / 10% fat, raw",20.0,10.0,0.0,176.0,69.45,0.0,184.0,321.0,66.0,0.0,usda,1
174031,"Beef, ground, 90% lean meat / 10% fat, patty, cooked, broiled",26.11,11.75,0.0,217.0,61.24,0.0,202.0,333.0,68.0,0.0,usda,1
174032,"Beef, ground, 85% lean meat / 15% fat, patty, cooked, broiled",25.93,15.41,0.0,250.0,57.98,0.0,198.0,318.0,72.0,0.0,usda,1
174033,"Beef, ground, 85% lean meat / 15% fat, patty, cooked, pan-broiled",24.62,14.02,0.0,232.0,60.61,0.0,211.0,349.0,79.0,0.0,usda,1
174034,"Beef, ground, 85% lean meat / 15% fat, crumbles, cooked, pan-browned",27.73,15.3,0.0,256.0,55.9,0.0,238.0,407.0,89.0,0.0,usda,1
174035,"Beef, ground, 85% lean meat / 15% fat, loaf, cooked, baked",25.93,14.36,0.0,240.0,58.98,0.0,186.0,286.0,64.0,0.0,usda,1
174036,"Beef, ground, 80% lean meat / 20% fat, raw",17.17,20.0,0.0,254.0,61.87,0.0,158.0,270.0,66.0,0.0,usda,1
174037,"Beef, ground, 75% lean meat / 25% fat, raw",15.76,25.0,0.0,293.0,58.09,0.0,145.0,244.0,66.0,0.0,usda,1
174038,"Beef, ground, 75% lean meat / 25% fat, patty, cooked, broiled",25.56,18.87,0.0,279.0,55.28,0.0,189.0,289.0,78.0,0.0,usda,1
174039,"Beef, ground, 75% lean meat / 25% fat, patty, cooked, pan-broiled",23.45,16.44,0.0,248.0,58.69,0.0,199.0,322.0,87.0,0.0,usda,1
174040,"Beef, ground, 75% lean meat / 25% fat, crumbles, cooked, pan-browned",26.28,18.21,0.0,277.0,54.5,0.0,214.0,354.0,93.0,0.0,usda,1
174041,"Beef, short loin, top loin, steak, separable lean only, trimmed to 1/8"" fat, select, raw",23.07,3.88,0.0,133.0,72.68,0.0,214.0,361.0,57.0,0.0,usda,1
174042,"Beef, rib, small end (ribs 10-12), separable lean only, trimmed to 1/8"" fat, select, cooked, broiled",30.87,6.22,0.0,188.0,62.45,0.0,253.0,409.0,66.0,0.0,usda,1
174043,"Beef, tenderloin, steak, separable lean only, trimmed to 1/8"" fat, select, cooked, broiled",29.07,7.76,0.0,194.0,62.67,0.0,238.0,386.0,62.0,0.0,usda,1
174044,"Beef, top sirloin, steak, separable lean only, trimmed to 1/8"" fat, select, cooked, broiled",29.34,4.96,0.0,170.0,65.47,0.0,238.0,386.0,62.0,0.0,usda,1
174045,"Beef, round, bottom round, steak, separable lean only, trimmed to 1/8"" fat, select, cooked, braised",34.46,6.43,0.0,205.0,58.64,0.0,222.0,289.0,46.0,0.0,usda,1
174046,"Beef, round, bottom round, roast, separable lean only, trimmed to 1/8"" fat, all grades, raw",22.19,4.31,0.0,128.0,72.58,0.0,214.0,350.0,59.0,0.0,usda,1
174047,"Beef, brisket, flat half, separable lean only, trimmed to 1/8"" fat, all grades, cooked, braised",33.15,6.0,0.0,196.0,60.61,0.0,204.0,266.0,54.0,0.0,usda,1
174048,"Beef, brisket, flat half, separable lean only, trimmed to 1/8"" fat, all grades, raw",21.57,3.84,0.0,127.0,73.76,0.0,202.0,336.0,74.0,0.0,usda,1
174049,"Beef, round, eye of round, roast, separable lean only, trimmed to 1/8"" fat, all grades, raw",22.6,3.0,0.0,124.0,73.43,0.0,219.0,357.0,60.0,0.0,usda,1
174050,"Beef, chuck, arm pot roast, separable lean only, trimmed to 1/8"" fat, all grades, cooked, braised",34.66,7.36,0.0,214.0,57.84,0.0,213.0,277.0,56.0,0.0,usda,1
174051,"Beef, chuck, arm pot roast, separable lean only, trimmed to 1/8"" fat, all grades, raw",22.11,4.19,0.0,132.0,73.32,0.0,203.0,337.0,74.0,0.0,usda,1
174052,"Beef, round, bottom round, roast, separable lean only, trimmed to 1/8"" fat, all grades, cooked",28.0,5.72,0.0,163.0,65.93,0.0,177.0,230.0,37.0,0.0,usda,1
174053,"Beef, round, bottom round, steak, separable lean only, trimmed to 1/8"" fat, all grades, cooked, braised",34.34,7.73,0.0,216.0,57.54,0.0,217.0,282.0,45.0,0.0,usda,1
174054,"Beef, top sirloin, steak, separable lean only, trimmed to 1/8"" fat, all grades, cooked, broiled",29.42,5.84,0.0,178.0,64.29,0.0,233.0,376.0,61.0,0.0,usda,1
174055,"Beef, top sirloin, steak, separable lean only, trimmed to 1/8"" fat, all grades, raw",22.09,4.08,0.0,131.0,72.91,0.0,207.0,349.0,56.0,0.0,usda,1
174056,"Beef, chuck, arm pot roast, separable lean only, trimmed to 1/8"" fat, choice, raw",21.96,5.05,0.0,139.0,72.51,0.0,201.0,332.0,74.0,0.0,usda,1
174057,"Beef, brisket, flat half, separable lean only, trimmed to 1/8"" fat, choice, raw",21.69,4.06,0.0,129.0,73.27,0.0,203.0,335.0,75.0,0.0,usda,1
174058,"Beef, round, bottom round, roast, separable lean only, trimmed to 1/8"" fat, choice, raw",22.22,4.96,0.0,140.0,71.99,0.0,215.0,341.0,56.0,0.0,usda,1
174059,"Beef, round, bottom round, roast, separable lean only, trimmed to 1/8"" fat, choice, cooked, roasted",27.56,6.77,0.0,179.0,65.26,0.0,174.0,225.0,36.0,0.0,usda,1
174060,"Beef, round, eye of round, roast, separable lean only, trimmed to 1/8"" fat, choice, cooked, roasted",29.87,5.3,0.0,175.0,64.73,0.0,187.0,241.0,39.0,0.0,usda,1
174061,"Beef, round, top round, steak, separable lean only, trimmed to 1/8"" fat, choice, cooked, broiled",32.04,6.25,0.0,193.0,61.13,0.0,203.0,263.0,42.0,0.0,usda,1
174062,"Soup, clam chowder, new england, canned, ready-to-serve",2.61,3.94,8.28,79.0,83.85,1.0,65.0,175.0,343.0,0.23,usda,0
174063,"Soup, clam chowder, new england, reduced sodium, canned, ready-to-serve",2.33,4.23,5.68,70.0,86.53,0.8,31.0,337.0,194.0,0.0,usda,0
174064,"Soup, chicken noodle, reduced sodium, canned, ready-to-serve",3.29,1.34,3.84,41.0,90.46,0.8,42.0,285.0,186.0,0.34,usda,0
174065,"Soup, beef and vegetables, reduced sodium, canned, ready-to-serve",3.26,0.95,4.99,42.0,89.75,0.8,43.0,277.0,175.0,1.22,usda,0
174066,"Sauce, sweet and sour, ready-to-serve",0.27,0.02,38.22,154.0,60.27,0.1,7.0,99.0,539.0,18.75,usda,0
174067,"Sauce, cocktail, ready-to-serve",1.36,1.05,28.22,128.0,65.67,1.8,30.0,309.0,1262.0,11.83,usda,0
174068,"Dip, salsa con queso, cheese and salsa- medium",3.14,9.51,11.14,143.0,73.72,0.7,200.0,105.0,796.0,1.95,usda,1
174069,"Dip, TOSTITOS, salsa con queso, medium",2.92,8.26,11.72,133.0,74.68,0.6,177.0,88.0,773.0,1.4,usda,1
174070,"Sauce, peanut, made from peanut butter, water, soy sauce",6.31,16.02,22.02,257.0,51.4,1.8,107.0,235.0,1338.0,17.07,usda,3
174071,"Soup, chunky vegetable, reduced sodium, canned, ready-to-serve",1.16,0.51,10.28,50.0,86.91,1.1,28.0,349.0,138.0,2.78,usda,0
174072,"Gravy, HEINZ Home Style, classic chicken",0.67,2.57,5.01,46.0,90.73,0.2,22.0,35.0,372.0,0.0,usda,0
174073,"Soup, beef barley, ready to serve",2.81,0.96,7.94,52.0,87.35,0.9,50.0,121.0,297.0,1.22,usda,0
174074,"Sauce, enchilada, red, mild, ready to serve",0.62,0.91,4.87,30.0,91.78,0.5,11.0,101.0,547.0,1.83,usda,0
174075,"Bread, chapati or roti, whole wheat, commercially prepared, frozen",7.85,9.2,46.13,299.0,35.43,9.7,158.0,196.0,298.0,2.93,usda,3
174076,"Bread, paratha, whole wheat, commercially prepared, frozen",6.36,13.2,45.35,326.0,33.5,9.6,120.0,139.0,452.0,4.15,usda,3
174077,"Bread, naan, whole wheat, commercially prepared, refrigerated",10.2,6.7,46.21,286.0,34.9,4.8,188.0,185.0,467.0,3.4,usda,3
174078,"Bread, roll, Mexican, bollilo",10.65,5.8,55.77,318.0,26.05,2.2,111.0,131.0,506.0,3.55,usda,3
174079,"Cookie, butter or sugar, with chocolate icing or filling",4.1,23.5,68.83,503.0,2.0,1.9,74.0,234.0,301.0,33.8,usda,3
174080,"Cookie, chocolate, with icing or coating",4.5,24.2,67.87,507.0,2.0,2.3,75.0,95.0,380.0,32.0,usda,3
174081,"Tortillas, ready-to-bake or -fry, whole wheat",9.76,9.76,45.89,310.0,30.15,9.8,346.0,262.0,617.0,2.44,usda,3
174082,"Cake, snack cakes, creme-filled, chocolate with frosting, low-fat, with added fiber",3.71,13.0,69.37,409.0,11.31,14.9,146.0,193.0,483.0,33.42,usda,3
174083,"Cookies, graham crackers, plain or honey, lowfat",5.71,5.71,77.96,386.0,8.01,5.7,163.0,171.0,629.0,22.86,usda,3
174084,"Crackers, cheese, whole grain",9.62,16.03,57.29,412.0,14.26,6.4,264.0,212.0,706.0,0.0,usda,3
174085,"Waffles, whole wheat, lowfat, frozen, ready-to-heat",7.14,3.57,49.16,257.0,38.39,4.3,286.0,164.0,557.0,4.29,usda,3
174086,"Pancakes, plain, reduced fat",5.71,1.9,57.32,269.0,33.34,1.0,190.0,97.0,429.0,8.57,usda,3
174087,"Cookies, shortbread, reduced fat",5.37,14.0,75.99,451.0,3.6,1.3,66.0,88.0,571.0,21.65,usda,3
174088,"Cookies, sugar wafer, chocolate-covered",3.45,27.59,65.99,526.0,1.73,3.4,117.0,311.0,138.0,51.72,usda,3
174089,"Rolls, hamburger or hot dog, wheat/cracked wheat",11.69,3.61,47.31,269.0,35.23,4.2,154.0,181.0,463.0,6.9,usda,3
174090,"Rolls, hamburger or hot dog, whole wheat",12.38,4.38,44.93,269.0,35.92,6.1,217.0,242.0,477.0,5.92,usda,3
174091,"Bread, french or vienna, whole wheat",8.33,1.04,49.1,239.0,39.81,4.2,159.0,163.0,375.0,0.0,usda,3
174092,"Bagels, whole grain white",9.3,0.0,54.52,255.0,34.52,4.7,144.0,176.0,372.0,9.3,usda,3
174093,"English muffins, whole grain white",7.02,1.75,50.17,245.0,39.48,3.5,127.0,130.0,386.0,1.75,usda,3
174094,"Rolls, hamburger, whole grain white, calcium-fortified",9.3,3.49,46.5,255.0,38.67,2.3,153.0,190.0,512.0,9.3,usda,3
174095,"Cookies, chocolate chip sandwich, with creme filling",2.94,17.65,63.52,425.0,14.95,0.0,59.0,94.0,279.0,38.24,usda,3
174096,"Cookies, chocolate, made with rice cereal",3.23,19.35,63.26,440.0,13.02,1.6,96.0,227.0,210.0,40.32,usda,3
174097,"Cookies, marshmallow, with rice cereal and chocolate chips",4.55,18.18,63.26,435.0,12.27,0.0,98.0,227.0,341.0,40.91,usda,3
174098,"Crackers, flavored, fish-shaped",10.16,17.71,65.67,463.0,3.42,3.1,167.0,224.0,970.0,1.18,usda,3
174099,"Bread, gluten-free, white, made with potato extract, rice starch, and rice flour",3.13,10.7,52.83,320.0,31.67,3.5,37.0,92.0,528.0,8.36,usda,3
174100,"Bread, gluten-free, white, made with rice flour, corn starch, and/or tapioca",4.31,5.24,45.78,248.0,42.99,4.3,51.0,75.0,447.0,3.53,usda,3
174101,"Bread, gluten-free, white, made with tapioca starch and brown rice flour",5.4,8.02,51.15,298.0,33.69,5.5,70.0,107.0,515.0,11.3,usda,3
174102,"Bread, gluten-free, whole grain, made with tapioca starch and brown rice flour",7.25,9.34,49.09,309.0,32.36,4.9,77.0,123.0,510.0,9.81,usda,3
174103,"Crackers, gluten-free, multigrain and vegetable, made with corn starch and white rice flour",2.5,15.41,76.94,456.0,2.48,3.0,57.0,86.0,890.0,3.9,usda,3
174104,"Crackers, gluten-free, multi-seeded and multigrain",11.25,15.84,66.3,453.0,3.59,10.2,374.0,381.0,438.0,0.86,usda,3
174105,"Waffles, gluten-free, frozen, ready-to-heat",2.72,8.84,43.05,263.0,43.37,1.4,359.0,124.0,505.0,1.73,usda,3
174106,"Pancakes, gluten-free, frozen, ready-to-heat",3.31,4.55,40.32,215.0,50.24,1.5,306.0,127.0,331.0,4.06,usda,3
174107,"Rolls, dinner, sweet",10.04,7.37,53.58,321.0,27.83,3.1,127.0,149.0,253.0,15.38,usda,3
174108,"Beverages,  Energy drink, Citrus",0.0,0.0,11.27,45.0,88.45,0.0,0.0,4.0,10.0,10.42,usda,0
174110,"Alcoholic beverage, wine, table, white, Chardonnay",0.07,0.0,2.16,84.0,86.85,0.0,18.0,71.0,5.0,0.96,usda,0
174111,"Beverages, Kiwi Strawberry Juice Drink",0.0,0.0,12.26,47.0,87.74,0.0,0.0,14.0,11.0,11.63,usda,0
174112,"Beverages, Apple juice drink, light, fortified with vitamin C",0.0,0.1,5.1,22.0,94.84,0.0,9.0,51.0,13.0,4.8,usda,0
174113,"Beverages, POWERADE, Zero, Mixed Berry",0.0,0.0,0.14,0.0,99.35,0.0,0.0,10.0,42.0,0.0,usda,0
174114,"Beverages, Carob-flavor beverage mix, powder",1.8,0.2,93.3,372.0,2.9,8.0,7.0,104.0,103.0,1.25,usda,3
174115,"Beverages, Carob-flavor beverage mix, powder, prepared with whole milk",3.16,3.11,8.68,75.0,84.32,0.4,80.0,131.0,46.0,1.25,usda,0
174116,"Beverages, coconut milk, sweetened, fortified with calcium, vitamins A, B12, D2",0.21,2.08,2.92,31.0,94.57,0.0,0.0,19.0,19.0,2.5,usda,0
174117,"Beverages, chocolate syrup",2.1,1.13,65.1,279.0,31.0,2.6,129.0,224.0,72.0,49.65,usda,3
174118,"Beverages, chocolate syrup, prepared with whole milk",3.07,2.96,12.78,90.0,80.51,0.3,90.0,145.0,47.0,11.31,usda,0
174119,"Beverages, coffee, ready to drink, iced, mocha, milk based",1.48,0.98,11.42,60.0,85.68,0.0,59.0,136.0,31.0,9.23,usda,0
174120,"Beverages, tea, Oolong, brewed",0.0,0.0,0.15,1.0,99.84,0.0,1.0,12.0,3.0,0.0,usda,0
174121,"Beverages, tea, green, ready-to-drink, citrus, diet, fortified with vitamin C",0.0,0.0,0.31,1.0,99.62,0.0,36.0,13.0,26.0,0.0,usda,0
174122,"Beverages, Cocoa mix, powder",6.67,4.0,83.73,398.0,1.5,3.7,315.0,712.0,504.0,65.55,usda,3
174123,"Beverages, Cocoa mix, powder, prepared with water",0.92,0.55,11.54,55.0,86.34,0.5,43.0,99.0,73.0,9.03,usda,0
174125,"Beverages, coffee, brewed, espresso, restaurant-prepared, decaffeinated",0.1,0.18,1.69,9.0,97.8,0.0,7.0,115.0,14.0,0.0,usda,0
174126,"Beverages, coffee, instant, regular, half the caffeine",14.42,0.5,73.18,352.0,3.1,0.0,303.0,3535.0,37.0,0.0,usda,3
174127,"Beverages, coffee and cocoa, instant, decaffeinated, with whitener and low calorie sweetener",9.0,13.21,71.4,440.0,3.1,4.8,451.0,1856.0,500.0,34.98,usda,3
174128,"Beverages, tea, green, ready-to-drink, sweetened",0.0,0.22,6.2,27.0,93.54,0.0,31.0,12.0,21.0,5.32,usda,0
174129,"Beverages, tea, ready-to-drink, lemon, diet",0.0,0.0,0.41,2.0,99.55,0.0,0.0,37.0,1.0,0.0,usda,0
174130,"Beverages, coffee, instant, regular, prepared with water",0.1,0.0,0.34,2.0,99.09,0.0,3.0,30.0,4.0,0.0,usda,0
174131,"Beverages, aloe vera juice drink, fortified with Vitamin C",0.0,0.0,3.75,15.0,96.23,0.0,0.0,0.0,8.0,3.75,usda,0
174132,"Beverages, OCEAN SPRAY, Cran Grape",0.21,0.0,13.16,54.0,86.5,0.6,2.0,11.0,19.0,12.6,usda,0
174133,"Beverages, coffee, instant, decaffeinated, powder",11.6,0.2,76.0,351.0,3.2,0.0,286.0,3501.0,23.0,0.0,usda,3
174134,"Beverages, coffee, instant, chicory",0.09,0.0,0.75,3.0,98.94,0.0,3.0,35.0,7.0,0.0,usda,0
174135,"Beverages, coffee, instant, mocha, sweetened",5.29,15.87,74.04,460.0,1.7,1.9,251.0,1033.0,317.0,58.2,usda,3
174136,"Beverages, OCEAN SPRAY, Light Cranberry and Raspberry Flavored Juice",0.73,0.0,5.77,26.0,93.8,0.7,4.0,47.0,2.0,5.02,usda,0
174137,"Beverages, OCEAN SPRAY, White Cranberry Strawberry Flavored Juice Drink",0.22,0.01,11.98,49.0,88.0,0.6,3.0,14.0,3.0,11.42,usda,0
174138,"Beverages, coffee substitute, cereal grain beverage, powder",6.01,2.52,78.42,360.0,7.99,23.3,580.0,2443.0,83.0,4.63,usda,3
174139,"Beverages, coffee substitute, cereal grain beverage, prepared with water",0.1,0.04,1.3,6.0,98.37,0.4,10.0,41.0,5.0,0.08,usda,0
174140,"Beverages, cranberry-apple juice drink, bottled",0.0,0.11,15.85,63.0,83.78,0.0,2.0,17.0,2.0,14.5,usda,0
174141,"Alcoholic beverage, malt beer, hard lemonade",0.0,0.0,10.07,68.0,85.74,0.0,7.0,27.0,5.0,9.77,usda,0
174142,"Beverages, cranberry-apricot juice drink, bottled",0.2,0.0,16.2,64.0,83.5,0.1,5.0,61.0,2.0,1.25,usda,0
174143,"Beverages, tea, green, instant, decaffeinated, lemon, unsweetened, fortified with vitamin C",0.0,0.0,94.45,378.0,5.09,0.0,2.0,169.0,0.0,0.0,usda,0
174144,"Beverages, tea, black, ready to drink",0.0,0.0,0.0,0.0,97.89,0.0,0.0,0.0,2.0,0.0,usda,0
174145,"Alcoholic beverage, beer, light, higher alcohol",0.25,0.0,0.77,46.0,92.88,0.0,12.0,21.0,4.0,0.09,usda,0
174146,"Beverages, AMBER, hard cider",0.0,0.0,5.92,56.0,89.0,0.0,6.0,54.0,4.0,5.92,usda,0
174147,"Beverages, OCEAN SPRAY, Cran Cherry",0.19,0.0,12.76,46.0,87.0,0.6,2.0,24.0,7.0,12.2,usda,0
174148,"Beverages, OCEAN SPRAY, Light Cranberry",0.22,0.01,4.72,19.0,95.3,0.7,1.0,38.0,15.0,3.97,usda,0
174149,"Beverages, OCEAN SPRAY, White Cranberry Peach",0.13,0.01,11.88,45.0,87.8,0.6,3.0,22.0,11.0,11.32,usda,0
174150,"Beverages, OCEAN SPRAY, Light Cranberry, Concord Grape",0.36,0.02,5.78,23.0,93.4,0.7,1.0,34.0,8.0,5.02,usda,0
174151,"Beverages, Fruit punch drink, with added nutrients, canned",0.0,0.0,11.94,47.0,87.97,0.2,3.0,31.0,38.0,11.29,usda,0
174152,"Beverages, Fruit punch drink, frozen concentrate",0.2,0.0,41.4,162.0,58.2,0.4,2.0,44.0,8.0,1.25,usda,0
174153,"Beverages, Fruit punch drink, frozen concentrate, prepared with water",0.06,0.0,11.66,46.0,88.15,0.1,1.0,13.0,5.0,0.0,usda,0
174154,"Beverages, coffee, instant, vanilla, sweetened, decaffeinated, with non dairy creamer",0.0,13.33,86.28,465.0,0.16,0.0,0.0,57.0,333.0,66.67,usda,2
174155,"Beverages, tea, black, brewed, prepared with distilled water",0.0,0.0,0.3,1.0,99.7,0.0,1.0,21.0,0.0,1.25,usda,0
174156,"Beverages, tea, herb, brewed, chamomile",0.0,0.0,0.2,1.0,99.7,0.0,0.0,9.0,1.0,0.0,usda,0
174157,"Beverages, Wine, non-alcoholic",0.5,0.0,1.1,6.0,98.2,0.0,15.0,88.0,7.0,1.1,usda,0
174158,"Water, bottled, generic",0.0,0.0,0.0,0.0,99.98,0.0,0.0,0.0,2.0,0.0,usda,0
174159,"Beverages, chocolate-flavor beverage mix for milk, powder, with added nutrients",4.55,2.27,90.28,400.0,1.1,4.5,86.0,280.0,136.0,81.82,usda,3
174160,"Beverages, chocolate-flavor beverage mix for milk, powder, with added nutrients, prepared with whole milk",3.27,3.17,11.87,89.0,80.93,0.4,84.0,144.0,50.0,11.59,usda,0
174161,"Beverages, Water with added vitamins and minerals, bottles, sweetened, assorted fruit flavors",0.0,0.0,5.49,22.0,94.44,0.0,0.0,0.0,0.0,5.49,usda,0
174171,"Beverages, Energy drink, AMP",0.25,0.08,12.08,46.0,87.3,0.0,17.0,3.0,27.0,12.08,usda,0
174172,"Beverages, Energy drink, FULL THROTTLE",0.25,0.08,12.08,46.0,87.3,0.0,0.0,3.0,35.0,12.08,usda,0
174173,"Beverages, Vegetable and fruit juice drink, reduced calorie, with low-calorie sweetener, added vitamin C",0.0,0.0,1.1,4.0,98.78,0.0,1.0,24.0,14.0,0.63,usda,0
174174,"Beverages, milk beverage, reduced fat, flavored and sweetened, Ready-to-drink,  added calcium, vitamin A and vitamin D",3.05,1.83,12.08,77.0,82.32,0.4,85.0,130.0,49.0,11.4,usda,0
174175,"Beverages, vegetable and fruit juice blend, 100% juice, with added vitamins A, C, E",0.3,0.01,11.15,46.0,88.4,0.0,1.0,101.0,29.0,10.37,usda,0
174176,"Beverages, fruit juice drink, reduced sugar, with vitamin E added",0.0,0.07,10.0,39.0,87.58,0.0,1.0,11.0,2.0,9.0,usda,0
174177,"Beverages, Energy drink, VAULT Zero, sugar-free, citrus flavor",0.25,0.08,0.7,1.0,98.35,0.0,0.0,3.0,14.0,0.0,usda,0
174178,"Beverages, PEPSICO QUAKER, Gatorade G2, low calorie",0.05,0.01,1.94,8.0,97.94,0.0,7.0,13.0,45.0,1.3,usda,0
174179,"Beverages, Fruit flavored drink, less than 3% juice, not fortified with vitamin C",0.0,0.0,16.03,64.0,83.87,0.0,0.0,31.0,36.0,15.85,usda,0
174180,"Beverages, Fruit flavored drink containing less than 3% fruit juice, with high vitamin C",0.0,0.0,6.67,27.0,93.2,0.0,0.0,31.0,36.0,5.0,usda,0
174181,"Beverages, nutritional shake mix, high protein, powder",53.57,10.71,20.38,392.0,8.3,0.0,1429.0,1000.0,1214.0,3.57,usda,3
174182,"Fish, anchovy, european, raw",20.35,4.84,0.0,131.0,73.37,0.0,174.0,383.0,104.0,0.0,usda,1
174183,"Fish, anchovy, european, canned in oil, drained solids",28.89,9.71,0.0,210.0,50.3,0.0,252.0,544.0,3668.0,0.0,usda,1
174184,"Fish, bass, fresh water, mixed species, raw",18.86,3.69,0.0,114.0,75.66,0.0,200.0,356.0,70.0,1.25,usda,1
174185,"Fish, carp, cooked, dry heat",22.86,7.17,0.0,162.0,69.63,0.0,531.0,427.0,63.0,1.25,usda,1
174186,"Fish, catfish, channel, wild, raw",16.38,2.82,0.0,95.0,80.36,0.0,209.0,358.0,43.0,1.25,usda,1
174187,"Fish, catfish, channel, cooked, breaded and fried",18.09,13.33,8.04,229.0,58.81,0.7,216.0,340.0,280.0,1.25,usda,1
174188,"Fish, caviar, black and red, granular",24.6,17.9,4.0,264.0,47.5,0.0,356.0,181.0,1500.0,0.0,usda,1
174189,"Fish, cod, Atlantic, canned, solids and liquid",22.76,0.86,0.0,105.0,75.61,0.0,260.0,528.0,218.0,0.0,usda,1
174190,"Fish, cod, Atlantic, dried and salted",62.82,2.37,0.0,290.0,16.14,0.0,950.0,1458.0,7027.0,0.0,usda,1
174191,"Fish, cod, Pacific, raw (may have been previously frozen)",15.27,0.41,0.0,69.0,83.95,0.0,281.0,235.0,303.0,0.0,usda,1
174192,"Fish, croaker, Atlantic, raw",17.78,3.17,0.0,104.0,78.03,0.0,210.0,345.0,56.0,0.0,usda,1
174193,"Fish, eel, mixed species, raw",18.44,11.66,0.0,184.0,68.26,0.0,216.0,272.0,51.0,0.0,usda,1
174194,"Fish, eel, mixed species, cooked, dry heat",23.65,14.95,0.0,236.0,59.31,0.0,277.0,349.0,65.0,1.25,usda,1
174195,"Fish, fish sticks, frozen, prepared",11.01,16.23,21.66,277.0,49.5,1.5,191.0,185.0,402.0,1.65,usda,3
174196,"Fish, flatfish (flounder and sole species), raw",12.41,1.93,0.0,70.0,84.63,0.0,252.0,160.0,296.0,0.0,usda,1
174197,"Fish, flatfish (flounder and sole species), cooked, dry heat",15.24,2.37,0.0,86.0,81.11,0.0,309.0,197.0,363.0,0.0,usda,1
174198,"Fish, haddock, cooked, dry heat",19.99,0.55,0.0,90.0,79.65,0.0,278.0,351.0,261.0,0.0,usda,1
174199,"Fish, haddock, smoked",25.23,0.96,0.0,116.0,71.48,0.0,251.0,415.0,763.0,0.0,usda,1
174200,"Fish, halibut, Atlantic and Pacific, raw",18.56,1.33,0.0,91.0,80.34,0.0,236.0,435.0,68.0,0.0,usda,1
174201,"Fish, halibut, Atlantic and Pacific, cooked, dry heat",22.54,1.61,0.0,111.0,76.12,0.0,287.0,528.0,82.0,0.0,usda,1
174202,"Crustaceans, crab, alaska king, cooked, moist heat",19.35,1.54,0.0,97.0,77.55,0.0,280.0,262.0,1072.0,1.25,usda,1
174203,"Crustaceans, crab, alaska king, imitation, made from surimi",7.62,0.46,15.0,95.0,74.66,0.5,282.0,90.0,529.0,6.25,usda,0
174204,"Crustaceans, crab, blue, raw",18.06,1.08,0.04,87.0,79.02,0.0,229.0,329.0,293.0,1.25,usda,1
174205,"Crustaceans, crab, blue, cooked, moist heat",17.88,0.74,0.0,83.0,79.69,0.0,234.0,259.0,395.0,0.0,usda,1
174206,"Crustaceans, crayfish, mixed species, wild, raw",15.97,0.95,0.0,77.0,82.24,0.0,256.0,302.0,58.0,0.0,usda,1
174207,"Crustaceans, crayfish, mixed species, wild, cooked, moist heat",16.77,1.2,0.0,82.0,79.37,0.0,270.0,296.0,94.0,0.0,usda,1
174208,"Crustaceans, lobster, northern, raw",16.52,0.75,0.0,77.0,80.95,0.0,161.0,200.0,423.0,0.0,usda,1
174209,"Crustaceans, lobster, northern, cooked, moist heat",19.0,0.86,0.0,89.0,78.11,0.0,185.0,230.0,486.0,0.0,usda,1
174210,"Crustaceans, shrimp, mixed species, raw (may contain additives to retain moisture)",13.61,1.01,0.91,71.0,83.01,0.0,244.0,113.0,566.0,0.0,usda,1
174211,"Crustaceans, spiny lobster, mixed species, raw",20.6,1.51,2.43,112.0,74.07,0.0,238.0,180.0,177.0,1.25,usda,1
174212,"Mollusks, abalone, mixed species, raw",17.1,0.76,6.01,105.0,74.56,0.0,190.0,250.0,301.0,0.0,usda,1
174213,"Mollusks, abalone, mixed species, cooked, fried",19.63,6.78,11.05,189.0,60.1,0.0,217.0,284.0,591.0,1.25,usda,1
174214,"Mollusks, clam, mixed species, raw",14.67,0.96,3.57,86.0,78.98,0.0,198.0,46.0,601.0,0.0,usda,1
174215,"Mollusks, cuttlefish, mixed species, raw",16.24,0.7,0.82,79.0,80.56,0.0,387.0,354.0,372.0,1.25,usda,1
174216,"Mollusks, mussel, blue, raw",11.9,2.24,3.69,86.0,80.58,0.0,197.0,320.0,286.0,0.0,usda,1
174217,"Mollusks, mussel, blue, cooked, moist heat",23.8,4.48,7.39,172.0,61.15,0.0,285.0,268.0,369.0,1.25,usda,1
174218,"Mollusks, octopus, common, raw",14.91,1.04,2.2,82.0,80.25,0.0,186.0,350.0,230.0,0.0,usda,1
174219,"Mollusks, oyster, Pacific, raw",9.45,2.3,4.95,81.0,82.06,0.0,162.0,168.0,106.0,1.25,usda,1
174220,"Mollusks, scallop, mixed species, raw",12.06,0.49,3.18,69.0,82.53,0.0,334.0,205.0,392.0,0.0,usda,1
174221,"Mollusks, scallop, mixed species, cooked, breaded and fried",18.07,10.94,10.13,216.0,58.44,0.2,236.0,333.0,464.0,1.25,usda,1
174222,"Mollusks, scallop, mixed species, imitation, made from surimi",12.77,0.41,10.62,99.0,73.82,0.0,282.0,103.0,795.0,1.25,usda,1
174223,"Mollusks, squid, mixed species, raw",15.58,1.38,3.08,92.0,78.55,0.0,221.0,246.0,44.0,0.0,usda,1
174224,"Fish, salmon, chum, canned, without salt, drained solids with bone",21.43,5.5,0.0,141.0,70.77,0.0,354.0,300.0,75.0,1.25,usda,1
174225,"Fish, salmon, pink, canned, without salt, solids with bone and liquid",19.78,6.05,0.0,139.0,70.03,0.0,329.0,326.0,75.0,1.25,usda,1
174226,"Fish, salmon, sockeye, canned, without salt, drained solids with bone",20.47,7.31,0.0,153.0,68.72,0.0,326.0,377.0,75.0,1.25,usda,1
174227,"Fish, tuna, light, canned in oil, without salt, drained solids",29.13,8.21,0.0,198.0,59.83,0.0,311.0,207.0,50.0,1.25,usda,1
174228,"Fish, bass, striped, cooked, dry heat",22.73,2.99,0.0,124.0,73.36,0.0,254.0,328.0,88.0,1.25,usda,1
174229,"Fish, bluefish, cooked, dry heat",25.69,5.44,0.0,159.0,62.64,0.0,291.0,477.0,77.0,1.25,usda,1
174230,"Fish, burbot, cooked, dry heat",24.76,1.04,0.0,115.0,73.41,0.0,256.0,518.0,124.0,1.25,usda,1
174231,"Fish, butterfish, cooked, dry heat",22.15,10.28,0.0,187.0,66.83,0.0,308.0,481.0,114.0,1.25,usda,1
174232,"Fish, halibut, greenland, cooked, dry heat",18.42,17.74,0.0,239.0,61.88,0.0,210.0,344.0,103.0,1.25,usda,1
174233,"Fish, herring, Pacific, cooked, dry heat",21.01,17.79,0.0,250.0,63.49,0.0,292.0,542.0,95.0,1.25,usda,1
174234,"Fish, ling, cooked, dry heat",24.35,0.82,0.0,111.0,73.88,0.0,254.0,486.0,173.0,1.25,usda,1
174235,"Fish, lingcod, cooked, dry heat",22.64,1.36,0.0,109.0,75.68,0.0,258.0,560.0,76.0,1.25,usda,1
174236,"Fish, mackerel, king, cooked, dry heat",26.0,2.56,0.0,134.0,69.04,0.0,318.0,558.0,203.0,1.25,usda,1
174237,"Fish, pollock, Atlantic, cooked, dry heat",24.92,1.26,0.0,118.0,72.03,0.0,283.0,456.0,110.0,1.25,usda,1
174238,"Fish, pout, ocean, cooked, dry heat",21.33,1.17,0.0,102.0,76.1,0.0,256.0,513.0,78.0,1.25,usda,1
174239,"Fish, roe, mixed species, cooked, dry heat",28.62,8.23,1.92,204.0,58.63,0.0,515.0,283.0,117.0,1.25,usda,1
174240,"Fish, sablefish, cooked, dry heat",17.19,19.62,0.0,250.0,62.85,0.0,215.0,459.0,72.0,1.25,usda,1
174241,"Fish, scup, cooked, dry heat",24.21,3.5,0.0,135.0,68.42,0.0,237.0,368.0,54.0,1.25,usda,1
174242,"Fish, seatrout, mixed species, cooked, dry heat",21.46,4.63,0.0,133.0,71.91,0.0,321.0,437.0,74.0,1.25,usda,1
174243,"Fish, shad, american, cooked, dry heat",21.71,17.65,0.0,252.0,59.22,0.0,349.0,492.0,65.0,1.25,usda,1
174244,"Fish, spot, cooked, dry heat",23.73,6.28,0.0,158.0,69.17,0.0,238.0,636.0,37.0,1.25,usda,1
174245,"Fish, turbot, european, cooked, dry heat",20.58,3.78,0.0,122.0,70.45,0.0,165.0,305.0,192.0,1.25,usda,1
174246,"Fish, whitefish, mixed species, cooked, dry heat",24.47,7.51,0.0,172.0,65.09,0.0,346.0,406.0,65.0,1.25,usda,1
174247,"Fish, wolffish, Atlantic, cooked, dry heat",22.44,3.06,0.0,123.0,74.23,0.0,256.0,385.0,109.0,1.25,usda,1
174248,"Fish, yellowtail, mixed species, cooked, dry heat",29.67,6.72,0.0,187.0,67.33,0.0,201.0,538.0,50.0,1.25,usda,1
174249,"Mollusks, octopus, common, cooked, moist heat",29.82,2.08,4.4,164.0,60.5,0.0,279.0,630.0,460.0,0.0,usda,1
174250,"Mollusks, oyster, Pacific, cooked, moist heat",18.9,4.6,9.9,163.0,64.12,0.0,243.0,302.0,212.0,0.0,usda,1
174251,"Fish, roughy, orange, cooked, dry heat",22.64,0.9,0.0,105.0,66.97,0.0,102.0,181.0,69.0,0.0,usda,1
174252,"Lima beans, large, mature seeds, raw",21.46,0.69,63.38,338.0,10.17,19.0,385.0,1724.0,18.0,8.5,usda,3
174253,"Lima beans, large, mature seeds, cooked, boiled, without salt",7.8,0.38,20.88,115.0,69.79,7.0,111.0,508.0,2.0,2.9,usda,0
174254,"Lima beans, large, mature seeds, canned",4.93,0.17,14.91,79.0,77.08,4.8,74.0,220.0,336.0,1.25,usda,0
174255,"Lima beans, thin seeded (baby), mature seeds, raw",20.62,0.93,62.83,335.0,12.07,20.6,370.0,1403.0,13.0,8.32,usda,3
174256,"Mung beans, mature seeds, raw",23.86,1.15,62.62,347.0,9.05,16.3,367.0,1246.0,15.0,6.6,usda,3
174257,"Mung beans, mature seeds, cooked, boiled, without salt",7.02,0.38,19.15,105.0,72.66,7.6,99.0,266.0,2.0,2.0,usda,0
174258,"Noodles, chinese, cellophane or long rice (mung beans), dehydrated",0.16,0.06,86.09,351.0,13.42,0.5,32.0,10.0,10.0,0.0,usda,0
174259,"Mungo beans, mature seeds, raw",25.21,1.64,58.99,341.0,10.8,18.3,379.0,983.0,38.0,1.25,usda,3
174260,"Peanuts, all types, cooked, boiled, with salt",13.5,22.01,21.26,318.0,41.78,8.8,198.0,180.0,751.0,2.47,usda,3
174261,"Peanuts, all types, oil-roasted, with salt",28.03,52.5,15.26,599.0,1.45,9.4,397.0,726.0,320.0,4.18,usda,3
174262,"Peanuts, all types, dry-roasted, with salt",24.35,49.66,21.26,587.0,1.81,8.4,363.0,634.0,410.0,4.9,usda,3
174263,"Peanuts, spanish, raw",26.15,49.6,15.83,570.0,6.39,9.5,388.0,744.0,22.0,1.25,usda,3
174264,"Peanuts, virginia, oil-roasted, with salt",25.87,48.62,19.86,578.0,2.17,8.9,506.0,652.0,433.0,1.25,usda,3
174265,"Peanut butter, chunk style, with salt",24.06,49.94,21.57,589.0,1.14,8.0,319.0,745.0,486.0,8.41,usda,3
174266,"Peanut butter, smooth style, with salt (Includes foods for USDA's Food Distribution Program)",22.21,51.36,22.31,598.0,1.23,5.0,335.0,558.0,426.0,10.49,usda,3
174267,"Peanut flour, defatted",52.2,0.55,34.7,327.0,7.8,15.8,760.0,1290.0,180.0,8.22,usda,3
174268,Meat extender,41.71,2.97,34.71,311.0,7.48,17.5,639.0,1902.0,10.0,1.25,usda,3
174269,"Sausage, meatless",20.28,18.16,8.09,255.0,50.4,2.8,225.0,231.0,888.0,0.0,usda,1
174270,"Soybeans, mature seeds, raw",36.49,19.94,30.16,446.0,8.54,9.3,704.0,1797.0,2.0,7.33,usda,3
174271,"Soybeans, mature cooked, boiled, without salt",18.21,8.97,8.36,172.0,62.55,6.0,245.0,515.0,1.0,3.0,usda,3
174272,Tempeh,20.29,10.8,7.64,192.0,59.65,0.2,266.0,412.0,9.0,1.25,usda,1
174273,"Soy flour, full-fat, raw",37.81,20.65,31.92,434.0,5.16,9.6,494.0,2515.0,13.0,7.5,usda,3
174274,"Soy flour, full-fat, roasted",38.09,21.86,30.38,439.0,3.81,9.7,476.0,2041.0,12.0,7.61,usda,3
174275,"Soy flour, defatted",51.46,1.22,33.92,327.0,7.25,17.5,674.0,2384.0,20.0,16.42,usda,3
174276,Soy protein isolate,88.32,3.39,0.0,335.0,4.98,0.0,776.0,81.0,1005.0,0.0,usda,1
174277,Soy sauce made from soy and wheat (shoyu),8.14,0.57,4.93,53.0,71.15,0.8,166.0,435.0,5493.0,0.4,usda,1
174278,Soy sauce made from soy (tamari),10.51,0.1,5.57,60.0,66.0,0.8,130.0,212.0,5586.0,1.7,usda,1
174279,Soy sauce made from hydrolyzed vegetable protein,7.0,0.51,7.84,60.0,68.02,0.5,94.0,447.0,6820.0,1.3,usda,1
174280,"Tofu, salted and fermented (fuyu)",8.92,8.0,4.38,116.0,70.01,0.2,73.0,75.0,2873.0,1.25,usda,1
174281,"Yardlong beans, mature seeds, raw",24.33,1.31,61.91,347.0,8.43,11.0,559.0,1157.0,17.0,1.25,usda,3
174282,"Yardlong beans, mature seeds, cooked, boiled, without salt",8.29,0.45,21.09,118.0,68.8,3.8,181.0,315.0,5.0,1.25,usda,0
174283,"Winged beans, mature seeds, raw",29.65,16.32,41.71,409.0,8.34,25.9,451.0,977.0,38.0,1.25,usda,3
174284,"Lentils, pink or red, raw",23.91,2.17,63.1,358.0,7.82,10.8,294.0,668.0,7.0,1.25,usda,3
174285,"Beans, kidney, red, mature seeds, canned, drained solids",7.98,1.05,21.49,124.0,68.11,5.5,121.0,277.0,231.0,3.8,usda,3
174286,"Beans, pinto, canned, drained solids",6.99,0.9,20.22,114.0,70.6,5.5,101.0,274.0,239.0,0.54,usda,0
174287,"Veggie burgers or soyburgers, unprepared",15.7,6.3,14.27,177.0,61.21,4.9,206.0,333.0,569.0,1.07,usda,3
174288,Chickpea flour (besan),22.39,6.69,57.82,387.0,10.28,10.8,318.0,846.0,64.0,10.85,usda,3
174289,"Hummus, commercial",7.78,17.82,15.0,237.0,57.4,5.5,181.0,312.0,426.0,0.62,usda,3
174290,"Tofu, extra firm, prepared with nigari",9.98,5.26,1.18,83.0,82.31,1.0,111.0,130.0,4.0,0.71,usda,1
174291,"Tofu, hard, prepared with nigari",12.68,9.99,4.39,145.0,71.12,0.6,231.0,146.0,2.0,1.25,usda,1
174292,"MORI-NU, Tofu, silken, soft",4.8,2.7,2.9,55.0,89.0,0.1,62.0,180.0,5.0,1.31,usda,0
174293,"Soymilk, chocolate, unfortified",2.26,1.53,9.95,63.0,85.61,0.4,51.0,143.0,53.0,7.86,usda,0
174294,"Peanut Butter, smooth (Includes foods for USDA's Food Distribution Program)",21.93,49.54,23.98,588.0,1.55,5.7,335.0,592.0,476.0,6.5,usda,3
174295,"Soymilk, chocolate, with added calcium, vitamins A and D",2.26,1.53,9.95,63.0,85.61,0.4,51.0,143.0,53.0,7.86,usda,0
174296,"Refried beans, canned, vegetarian",5.28,0.87,13.5,83.0,78.39,4.7,114.0,344.0,430.0,0.59,usda,0
174298,"Refried beans, canned, traditional, reduced sodium",4.98,2.01,13.55,89.0,77.75,3.7,92.0,319.0,138.0,0.54,usda,0
174299,"Soybeans, mature seeds, cooked, boiled, with salt",18.21,8.97,8.36,172.0,62.55,6.0,245.0,515.0,237.0,2.36,usda,3
174300,"Soybeans, mature seeds, roasted, no salt added",38.55,25.4,30.22,469.0,1.95,17.7,363.0,1470.0,4.0,1.25,usda,3
174301,"Soy protein concentrate, produced by acid wash",63.63,0.46,25.41,328.0,5.8,5.5,839.0,450.0,900.0,20.0,usda,3
174302,"Soy protein isolate, potassium type",88.32,0.53,2.59,321.0,4.98,0.0,776.0,1590.0,50.0,0.0,usda,1
174303,"Tofu, dried-frozen (koyadofu), prepared with calcium sulfate",52.43,30.34,8.3,470.0,5.78,1.2,483.0,20.0,6.0,1.25,usda,3
174304,"Tofu, fried, prepared with calcium sulfate",18.82,20.18,8.86,270.0,50.52,3.9,287.0,146.0,16.0,1.25,usda,3
174305,"Tofu, salted and fermented (fuyu), prepared with calcium sulfate",8.15,8.0,5.15,116.0,70.01,0.2,73.0,75.0,2873.0,1.25,usda,1
174306,"Yardlong beans, mature seeds, cooked, boiled, with salt",8.29,0.45,21.09,118.0,68.8,3.8,181.0,315.0,241.0,1.25,usda,3
174307,"Lamb, composite of trimmed retail cuts, separable lean only, trimmed to 1/4"" fat, choice, raw",20.29,5.25,0.0,134.0,73.42,0.0,189.0,280.0,66.0,1.25,usda,1
174308,"Lamb, composite of trimmed retail cuts, separable lean only, trimmed to 1/4"" fat, choice, cooked",28.22,9.52,0.0,206.0,61.96,0.0,210.0,344.0,76.0,1.25,usda,1
174309,"Lamb, composite of trimmed retail cuts, separable fat, trimmed to 1/4"" fat, choice, raw",6.65,70.61,0.0,665.0,22.54,0.0,73.0,82.0,31.0,1.25,usda,1
174310,"Lamb, composite of trimmed retail cuts, separable fat, trimmed to 1/4"" fat, choice, cooked",12.16,59.18,0.0,586.0,26.14,0.0,114.0,194.0,58.0,0.0,usda,1
174311,"Lamb, leg, whole (shank and sirloin), separable lean and fat, trimmed to 1/4"" fat, choice, raw",17.91,17.07,0.0,230.0,64.32,0.0,170.0,249.0,56.0,1.25,usda,1
174312,"Lamb, leg, whole (shank and sirloin), separable lean and fat, trimmed to 1/4"" fat, choice, cooked, roasted",25.55,16.48,0.0,258.0,57.48,0.0,191.0,313.0,66.0,0.0,usda,1
174313,"Lamb, leg, whole (shank and sirloin), separable lean only, trimmed to 1/4"" fat, choice, raw",20.56,4.51,0.0,128.0,74.11,0.0,193.0,289.0,62.0,1.25,usda,1
174314,"Lamb, leg, whole (shank and sirloin), separable lean only, trimmed to 1/4"" fat, choice, cooked, roasted",28.3,7.74,0.0,191.0,63.89,0.0,206.0,338.0,68.0,0.0,usda,1
174315,"Lamb, leg, shank half, separable lean and fat, trimmed to 1/4"" fat, choice, raw",18.58,13.49,0.0,201.0,67.17,0.0,178.0,261.0,57.0,1.25,usda,1
174316,"Lamb, leg, sirloin half, separable lean and fat, trimmed to 1/4"" fat, choice, cooked, roasted",24.63,20.67,0.0,292.0,54.13,0.0,183.0,301.0,68.0,1.25,usda,1
174317,"Lamb, leg, sirloin half, separable lean only, trimmed to 1/4"" fat, choice, raw",20.55,5.08,0.0,134.0,73.57,0.0,189.0,284.0,64.0,1.25,usda,1
174318,"Lamb, leg, sirloin half, separable lean only, trimmed to 1/4"" fat, choice, cooked, roasted",28.35,9.17,0.0,204.0,62.49,0.0,203.0,333.0,71.0,1.25,usda,1
174319,"Lamb, loin, separable lean and fat, trimmed to 1/4"" fat, choice, raw",16.32,26.63,0.0,310.0,56.55,0.0,152.0,214.0,56.0,1.25,usda,1
174320,"Lamb, loin, separable lean only, trimmed to 1/4"" fat, choice, cooked, roasted",26.59,9.76,0.0,202.0,62.76,0.0,206.0,267.0,66.0,1.25,usda,1
174321,"Lamb, rib, separable lean and fat, trimmed to 1/4"" fat, choice, raw",14.52,34.39,0.0,372.0,50.8,0.0,137.0,190.0,56.0,1.25,usda,1
174322,"Lamb, rib, separable lean and fat, trimmed to 1/4"" fat, choice, cooked, broiled",22.13,29.59,0.0,361.0,47.06,0.0,178.0,270.0,76.0,0.0,usda,1
174323,"Lamb, rib, separable lean and fat, trimmed to 1/4"" fat, choice, cooked, roasted",21.12,29.82,0.0,359.0,47.89,0.0,166.0,271.0,73.0,1.25,usda,1
174324,"Lamb, shoulder, whole (arm and blade), separable lean and fat, trimmed to 1/4"" fat, choice, cooked, broiled",24.42,19.26,0.0,278.0,55.03,0.0,198.0,301.0,78.0,1.25,usda,1
174325,"Lamb, shoulder, whole (arm and blade), separable lean and fat, trimmed to 1/4"" fat, choice, cooked, roasted",22.51,19.97,0.0,276.0,56.26,0.0,184.0,251.0,66.0,0.0,usda,1
174326,"Lamb, shoulder, whole (arm and blade), separable lean only, trimmed to 1/4"" fat, choice, raw",19.55,6.76,0.0,144.0,72.99,0.0,184.0,274.0,70.0,0.0,usda,1
174327,"Lamb, shoulder, whole (arm and blade), separable lean only, trimmed to 1/4"" fat, choice, cooked, braised",32.81,15.89,0.0,283.0,49.96,0.0,204.0,261.0,79.0,1.25,usda,1
174328,"Lamb, shoulder, arm, separable lean and fat, trimmed to 1/4"" fat, choice, cooked, broiled",24.44,19.55,0.0,281.0,54.69,0.0,197.0,309.0,77.0,1.25,usda,1
174329,"Lamb, shoulder, arm, separable lean and fat, trimmed to 1/4"" fat, choice, cooked, roasted",22.53,20.24,0.0,279.0,55.92,0.0,183.0,259.0,65.0,1.25,usda,1
174330,"Lamb, shoulder, arm, separable lean only, trimmed to 1/4"" fat, choice, raw",19.99,5.2,0.0,132.0,74.14,0.0,186.0,287.0,69.0,1.25,usda,1
174331,"Lamb, shoulder, arm, separable lean only, trimmed to 1/4"" fat, choice, cooked, braised",35.54,14.08,0.0,279.0,49.32,0.0,232.0,338.0,76.0,1.25,usda,1
174332,"Lamb, shoulder, blade, separable lean and fat, trimmed to 1/4"" fat, choice, cooked, broiled",23.08,19.94,0.0,278.0,55.92,0.0,198.0,336.0,82.0,0.0,usda,1
174333,"Lamb, shoulder, blade, separable lean and fat, trimmed to 1/4"" fat, choice, cooked, roasted",22.25,20.61,0.0,281.0,55.85,0.0,183.0,246.0,66.0,1.25,usda,1
174334,"Lamb, shoulder, blade, separable lean only, trimmed to 1/4"" fat, choice, raw",19.29,7.63,0.0,151.0,72.36,0.0,183.0,268.0,70.0,1.25,usda,1
174335,"Lamb, shoulder, blade, separable lean only, trimmed to 1/4"" fat, choice, cooked, braised",32.35,16.64,0.0,288.0,49.64,0.0,202.0,254.0,79.0,1.25,usda,1
174336,"Lamb, New Zealand, imported, frozen, composite of trimmed retail cuts, separable lean and fat, raw",16.74,22.74,0.0,277.0,59.8,0.0,168.0,136.0,39.0,1.25,usda,1
174337,"Lamb, New Zealand, imported, frozen, composite of trimmed retail cuts, separable lean and fat, cooked",24.42,22.26,0.0,305.0,51.15,0.0,217.0,162.0,46.0,1.25,usda,1
174338,"Lamb, New Zealand, imported, frozen, composite of trimmed retail cuts, separable lean only, raw",20.75,4.41,0.0,128.0,73.78,0.0,202.0,171.0,46.0,1.25,usda,1
174339,"Lamb, New Zealand, imported, frozen, composite of trimmed retail cuts, separable lean only, cooked",29.59,8.86,0.0,206.0,59.95,0.0,246.0,188.0,50.0,1.25,usda,1
174340,"Lamb, New Zealand, imported, fore-shank, separable lean only, raw",22.05,3.77,0.0,122.0,74.49,0.0,170.0,309.0,82.0,0.0,usda,1
174341,"Lamb, New Zealand, imported, fore-shank, separable lean only, cooked, braised",33.31,8.4,0.0,209.0,59.33,0.0,173.0,258.0,77.0,0.0,usda,1
174342,"Lamb, New Zealand, imported, leg chop/steak, bone-in, separable lean and fat, raw",18.64,14.52,0.13,206.0,66.75,0.0,177.0,315.0,59.0,0.0,usda,1
174343,"Lamb, New Zealand, imported, frozen, leg, whole (shank and sirloin), separable lean and fat, cooked, roasted",24.81,15.56,0.0,246.0,57.87,0.0,218.0,167.0,43.0,1.25,usda,1
174344,"Game meat, moose, raw",22.24,0.74,0.0,102.0,75.55,0.0,158.0,317.0,65.0,1.25,usda,1
174345,"Game meat, moose, cooked, roasted",29.27,0.97,0.0,134.0,67.83,0.0,176.0,334.0,69.0,0.0,usda,1
174346,"Game meat, rabbit, domesticated, composite of cuts, cooked, stewed",30.38,8.41,0.0,206.0,58.82,0.0,226.0,300.0,37.0,0.0,usda,1
174347,"Game meat, rabbit, wild, raw",21.79,2.32,0.0,114.0,74.51,0.0,226.0,378.0,50.0,1.25,usda,1
174348,"Game meat, rabbit, wild, cooked, stewed",33.02,3.51,0.0,173.0,61.37,0.0,240.0,343.0,45.0,0.0,usda,1
174349,"Game meat, raccoon, cooked, roasted",29.2,14.5,0.0,255.0,54.3,0.0,261.0,398.0,79.0,0.0,usda,1
174350,"Lamb, variety meats and by-products, brain, cooked, pan-fried",16.97,22.19,0.0,273.0,60.71,0.0,495.0,358.0,157.0,1.25,usda,1
174351,"Veal, variety meats and by-products, brain, raw",10.32,8.21,0.0,118.0,79.78,0.0,274.0,315.0,127.0,1.25,usda,1
174352,"Veal, variety meats and by-products, brain, cooked, braised",11.48,9.63,0.0,136.0,76.89,0.0,385.0,214.0,156.0,1.25,usda,1
174353,"Veal, variety meats and by-products, brain, cooked, pan-fried",14.48,16.75,0.0,213.0,68.56,0.0,434.0,472.0,176.0,1.25,usda,1
174354,"Lamb, variety meats and by-products, kidneys, raw",15.74,2.95,0.82,97.0,79.23,0.0,246.0,277.0,156.0,1.25,usda,1
174355,"Lamb, variety meats and by-products, kidneys, cooked, braised",23.65,3.62,0.99,137.0,70.45,0.0,290.0,178.0,151.0,1.25,usda,1
174356,"Veal, variety meats and by-products, kidneys, raw",15.76,3.12,0.85,99.0,79.07,0.0,241.0,272.0,178.0,1.25,usda,1
174357,"Veal, variety meats and by-products, kidneys, cooked, braised",26.32,5.66,0.0,163.0,67.67,0.0,372.0,159.0,110.0,1.25,usda,1
174358,"Veal, variety meats and by-products, liver, cooked, pan-fried",27.37,6.51,4.47,193.0,59.87,0.0,483.0,353.0,85.0,0.0,usda,1
174359,"Lamb, variety meats and by-products, lungs, raw",16.7,2.6,0.0,95.0,79.7,0.0,219.0,238.0,157.0,1.25,usda,1
174360,"Lamb, variety meats and by-products, lungs, cooked, braised",19.88,3.1,0.0,113.0,75.83,0.0,188.0,127.0,84.0,1.25,usda,1
174361,"Veal, variety meats and by-products, lungs, raw",16.3,2.3,0.0,90.0,80.5,0.0,288.0,274.0,108.0,1.25,usda,1
174362,"Veal, variety meats and by-products, pancreas, raw",15.0,13.1,0.0,182.0,70.6,0.0,329.0,278.0,67.0,1.25,usda,1
174363,"Veal, variety meats and by-products, pancreas, cooked, braised",29.1,14.6,0.0,256.0,55.7,0.0,512.0,278.0,68.0,1.25,usda,1
174364,"Lamb, variety meats and by-products, spleen, raw",17.2,3.1,0.0,101.0,78.15,0.0,280.0,358.0,84.0,1.25,usda,1
174365,"Lamb, variety meats and by-products, spleen, cooked, braised",26.46,4.77,0.0,156.0,66.38,0.0,341.0,248.0,58.0,1.25,usda,1
174366,"Lamb, variety meats and by-products, tongue, raw",15.7,17.17,0.0,222.0,66.6,0.0,184.0,257.0,78.0,1.25,usda,1
174367,"Lamb, variety meats and by-products, tongue, cooked, braised",21.57,20.28,0.0,275.0,57.86,0.0,134.0,158.0,67.0,1.25,usda,1
174368,"Veal, variety meats and by-products, tongue, raw",17.18,5.48,1.91,131.0,74.53,0.0,159.0,271.0,82.0,1.25,usda,1
174369,"Veal, variety meats and by-products, tongue, cooked, braised",25.85,10.1,0.0,202.0,64.08,0.0,166.0,162.0,64.0,1.25,usda,1
174370,"Lamb, ground, raw",16.56,23.41,0.0,282.0,59.47,0.0,157.0,222.0,59.0,0.0,usda,1
174371,"Lamb, foreshank, separable lean and fat, trimmed to 1/8"" fat, cooked, braised",28.37,13.46,0.0,243.0,56.8,0.0,166.0,257.0,72.0,1.25,usda,1
174372,"Lamb, leg, whole (shank and sirloin), separable lean and fat, trimmed to 1/8"" fat, choice, raw",18.47,14.42,0.0,209.0,66.38,0.0,175.0,258.0,57.0,1.25,usda,1
174373,"Lamb, leg, whole (shank and sirloin), separable lean and fat, trimmed to 1/8"" fat, choice, cooked, roasted",26.2,14.42,0.0,242.0,58.99,0.0,194.0,319.0,67.0,1.25,usda,1
174374,"Lamb, leg, shank half, separable lean and fat, trimmed to 1/8"" fat, choice, raw",18.99,11.5,0.0,185.0,68.73,0.0,182.0,267.0,58.0,1.25,usda,1
174375,"Lamb, loin, separable lean and fat, trimmed to 1/8"" fat, choice, cooked, broiled",26.06,20.61,0.0,297.0,53.31,0.0,201.0,336.0,78.0,1.25,usda,1
174376,"Lamb, loin, separable lean and fat, trimmed to 1/8"" fat, choice, cooked, roasted",23.27,21.12,0.0,290.0,54.33,0.0,185.0,250.0,64.0,1.25,usda,1
174377,"Lamb, rib, separable lean and fat, trimmed to 1/8"" fat, choice, raw",15.32,30.71,0.0,342.0,53.68,0.0,143.0,201.0,58.0,1.25,usda,1
174378,"Lamb, rib, separable lean and fat, trimmed to 1/8"" fat, choice, cooked, broiled",23.06,26.82,0.0,340.0,49.03,0.0,184.0,277.0,77.0,1.25,usda,1
174379,"Lamb, shoulder, whole (arm and blade), separable lean and fat, trimmed to 1/8"" fat, choice, cooked, roasted",22.7,19.08,0.0,269.0,56.98,0.0,185.0,251.0,66.0,1.25,usda,1
174380,"Lamb, shoulder, arm, separable lean and fat, trimmed to 1/8"" fat, choice, raw",17.19,18.94,0.0,244.0,63.3,0.0,162.0,244.0,61.0,1.25,usda,1
174381,"Lamb, shoulder, arm, separable lean and fat, trimmed to 1/8"" fat, choice, cooked, braised",31.1,22.65,0.0,337.0,44.92,0.0,210.0,311.0,72.0,1.25,usda,1
174382,"Lamb, shoulder, arm, separable lean and fat, trimmed to 1/8"" fat, cooked, broiled",24.91,18.05,0.0,269.0,55.77,0.0,200.0,314.0,78.0,1.25,usda,1
174383,"Lamb, shoulder, arm, separable lean and fat, trimmed to 1/8"" fat, choice, roasted",22.93,18.75,0.0,267.0,57.07,0.0,185.0,262.0,65.0,1.25,usda,1
174384,"Lamb, New Zealand, imported, frozen, composite of trimmed retail cuts, separable lean and fat, trimmed to 1/8"" fat, raw",17.95,17.2,0.0,232.0,64.03,0.0,179.0,147.0,41.0,1.25,usda,1
174385,"Lamb, New Zealand, imported, frozen, composite of trimmed retail cuts, separable lean and fat, trimmed to 1/8"" fat, cooked",25.26,17.98,0.0,270.0,54.8,0.0,211.0,161.0,46.0,1.25,usda,1
174386,"Lamb, New Zealand, imported, frozen, foreshank, separable lean and fat, trimmed to 1/8"" fat, raw",18.04,16.15,0.0,223.0,66.02,0.0,170.0,131.0,45.0,1.25,usda,1
174387,"Lamb, New Zealand, imported, frozen, foreshank, separable lean and fat, trimmed to 1/8"" fat, cooked, braised",26.97,15.83,0.0,258.0,56.76,0.0,175.0,118.0,47.0,1.25,usda,1
174388,"Lamb, new zealand, imported, frozen, rib, separable lean and fat, trimmed to 1/8"" fat, raw",15.87,27.0,0.0,311.0,56.61,0.0,153.0,120.0,42.0,1.25,usda,1
174389,"Lamb, New Zealand, imported, frozen, rib, separable lean and fat, trimmed to 1/8"" fat, cooked, roasted",19.86,25.74,0.0,317.0,52.47,0.0,173.0,128.0,44.0,1.25,usda,1
174390,"Lamb, New Zealand, imported, frozen, shoulder, whole (arm and blade), separable lean and fat, trimmed to 1/8"" fat, raw",17.19,19.74,0.0,251.0,62.0,0.0,168.0,137.0,42.0,1.25,usda,1
174391,"Lamb, New Zealand, imported, frozen, shoulder, whole (arm and blade), separable lean and fat, trimmed to 1/8"" fat, cooked, braised",29.43,24.03,0.0,342.0,43.73,0.0,200.0,151.0,52.0,1.25,usda,1
174392,"Veal, breast, whole, boneless, separable lean and fat, raw",17.47,14.75,0.0,208.0,67.67,0.2,172.0,286.0,71.0,1.25,usda,1
174393,"Veal, breast, whole, boneless, separable lean and fat, cooked, braised",26.97,16.77,0.0,266.0,55.95,0.2,191.0,272.0,65.0,1.25,usda,1
174394,"Veal, breast, plate half, boneless, separable lean and fat, cooked, braised",25.93,18.95,0.0,282.0,54.77,0.2,186.0,266.0,64.0,1.25,usda,1
174395,"Veal, breast, point half, boneless, separable lean and fat, cooked, braised",28.23,14.16,0.0,248.0,57.36,0.2,197.0,278.0,66.0,1.25,usda,1
174396,"Veal, breast, whole, boneless, separable lean only, cooked, braised",30.32,9.8,0.0,218.0,59.72,0.2,208.0,289.0,68.0,1.25,usda,1
174397,"Lamb, Australian, imported, fresh, composite of trimmed retail cuts, separable lean and fat, trimmed to 1/8"" fat, raw",17.84,16.97,0.0,229.0,64.93,0.2,168.0,284.0,74.0,1.25,usda,1
174398,"Lamb, Australian, imported, fresh, composite of trimmed retail cuts, separable lean and fat, trimmed to 1/8"" fat, cooked",24.52,16.82,0.0,256.0,58.71,0.2,195.0,301.0,76.0,1.25,usda,1
174399,"Lamb, Australian, imported, fresh, composite of trimmed retail cuts, separable lean only, trimmed to 1/8"" fat, raw",20.25,6.18,0.0,142.0,73.22,0.2,188.0,320.0,83.0,1.25,usda,1
174400,"Lamb, Australian, imported, fresh, composite of trimmed retail cuts, separable lean only, trimmed to 1/8"" fat, cooked",26.71,9.63,0.0,201.0,63.75,0.2,207.0,318.0,80.0,1.25,usda,1
174401,"Lamb, Australian, imported, fresh, foreshank, separable lean only, trimmed to 1/8"" fat, raw",20.83,3.81,0.0,123.0,75.13,0.2,171.0,295.0,106.0,1.25,usda,1
174402,"Lamb, Australian, imported, fresh, foreshank, separable lean only, trimmed to 1/8"" fat, cooked, braised",27.5,5.22,0.0,165.0,66.93,0.2,177.0,255.0,100.0,1.25,usda,1
174403,"Lamb, Australian, imported, fresh, leg, whole (shank and sirloin), separable lean and fat, trimmed to 1/8"" fat, raw",18.24,15.19,0.0,215.0,66.33,0.2,173.0,295.0,73.0,1.25,usda,1
174404,"Lamb, Australian, imported, fresh, leg, whole (shank and sirloin), separable lean and fat, trimmed to 1/8"" fat, cooked, roasted",25.16,15.13,0.0,244.0,59.65,0.2,202.0,309.0,70.0,1.25,usda,1
174405,"Lamb, Australian, imported, fresh, leg, shank half, separable lean only, trimmed to 1/8"" fat, cooked, roasted",27.18,7.27,0.0,182.0,65.3,0.2,213.0,329.0,69.0,1.25,usda,1
174406,"Lamb, Australian, imported, fresh, leg, sirloin half, boneless, separable lean and fat, trimmed to 1/8"" fat, raw",17.25,20.0,0.0,254.0,62.63,0.2,167.0,279.0,70.0,1.25,usda,1
174407,"Lamb, Australian, imported, fresh, leg, sirloin half, boneless, separable lean and fat, trimmed to 1/8"" fat, cooked, roasted",24.88,19.38,0.0,281.0,56.2,0.2,199.0,297.0,78.0,1.25,usda,1
174408,"Lamb, Australian, imported, fresh, leg, sirloin half, boneless, separable lean only, trimmed to 1/8"" fat, raw",20.48,5.64,0.0,138.0,73.68,0.2,195.0,328.0,80.0,1.25,usda,1
174409,"Lamb, Australian, imported, fresh, leg, sirloin chops, boneless, separable lean only, trimmed to 1/8"" fat, cooked, broiled",27.63,7.8,0.0,188.0,64.08,0.2,237.0,354.0,66.0,1.25,usda,1
174410,"Lamb, Australian, imported, fresh, leg, center slice, bone-in, separable lean and fat, trimmed to 1/8"" fat, raw",19.17,12.56,0.0,195.0,68.46,0.2,199.0,318.0,61.0,1.25,usda,1
174411,"Lamb, Australian, imported, fresh, leg, center slice, bone-in, separable lean and fat, trimmed to 1/8"" fat, cooked, broiled",25.54,11.78,0.0,215.0,61.99,0.2,228.0,342.0,65.0,1.25,usda,1
174412,"Lamb, Australian, imported, fresh, leg, center slice, bone-in, separable lean only, trimmed to 1/8"" fat, raw",20.65,6.08,0.0,143.0,73.45,0.2,214.0,342.0,64.0,1.25,usda,1
174413,"Lamb, Australian, imported, fresh, loin, separable lean only, trimmed to 1/8"" fat, cooked, broiled",26.53,8.75,0.0,192.0,64.45,0.2,220.0,340.0,80.0,1.25,usda,1
174414,"Lamb, Australian, imported, fresh, rib chop/rack roast, frenched, bone-in, separable lean and fat, trimmed to 1/8"" fat, raw",21.26,16.89,0.0,237.0,61.86,0.0,132.0,189.0,69.0,0.0,usda,1
174415,"Lamb, Australian, imported, fresh, rib chop, frenched, bone-in, separable lean and fat, trimmed to 1/8"" fat, cooked, grilled",28.48,21.2,0.0,305.0,49.65,0.0,199.0,292.0,79.0,0.0,usda,1
174416,"Lamb, Australian, imported, fresh, rib chop/rack roast, frenched, bone-in, separable lean only, trimmed to 1/8"" fat, raw",24.07,5.59,0.0,147.0,70.48,0.0,150.0,209.0,71.0,0.0,usda,1
174417,"Lamb, Australian, imported, fresh, shoulder, arm, separable lean and fat, trimmed to 1/8"" fat, raw",17.06,18.89,0.0,243.0,63.82,0.2,168.0,281.0,72.0,1.25,usda,1
174418,"Lamb, Australian, imported, fresh, shoulder, arm, separable lean and fat, trimmed to 1/8"" fat, cooked, braised",29.7,20.38,0.0,311.0,51.03,0.2,201.0,268.0,73.0,1.25,usda,1
174419,"Lamb, Australian, imported, fresh, shoulder, arm, separable lean only, trimmed to 1/8"" fat, raw",19.88,5.81,0.0,137.0,73.95,0.2,193.0,325.0,83.0,1.25,usda,1
174420,"Lamb, Australian, imported, fresh, shoulder, arm, separable lean only,   trimmed to 1/8"" fat, cooked, braised",34.17,10.23,0.0,238.0,56.98,0.2,221.0,287.0,78.0,1.25,usda,1
174421,"Game meat , bison, ground, raw",18.67,15.93,0.0,223.0,64.25,0.0,181.0,307.0,66.0,0.0,usda,1
174422,"Game meat, bison, ground, cooked, pan-broiled",23.77,15.13,0.0,238.0,59.53,0.0,205.0,341.0,73.0,0.0,usda,1
174423,"Game meat , bison, top sirloin, separable lean only, 1"" steak, cooked, broiled",28.05,5.65,0.0,171.0,65.1,0.0,253.0,387.0,53.0,0.0,usda,1
174424,"Game meat, bison, chuck, shoulder clod, separable lean only, cooked, braised",33.78,5.43,0.0,193.0,60.48,0.0,239.0,316.0,57.0,0.0,usda,1
174425,"Game meat, elk, ground, raw",21.76,8.82,0.0,172.0,68.84,0.0,195.0,322.0,79.0,0.0,usda,1
174426,"Game meat, elk, ground, cooked, pan-broiled",26.64,8.74,0.0,193.0,64.14,0.0,221.0,354.0,85.0,0.0,usda,1
174427,"Game meat, elk, loin, separable lean only, cooked, broiled",31.0,3.84,0.0,167.0,64.5,0.0,256.0,404.0,54.0,0.0,usda,1
174428,"Game meat, elk, round, separable lean only, cooked, broiled",30.94,2.64,0.0,156.0,65.43,0.0,266.0,392.0,51.0,0.0,usda,1
174429,"Game meat, elk, tenderloin, separable lean only, cooked, broiled",30.76,3.41,0.0,162.0,64.93,0.0,285.0,392.0,50.0,0.0,usda,1
174430,"Game meat, deer, tenderloin, separable lean only, cooked, broiled",29.9,2.35,0.0,149.0,67.2,0.0,299.0,434.0,57.0,0.0,usda,1
174431,"Game meat, deer, top round, separable lean only, 1"" steak, cooked, broiled",31.47,1.92,0.0,152.0,66.1,0.0,272.0,377.0,45.0,0.0,usda,1
174434,"Lamb, New Zealand, imported, Intermuscular fat, raw",4.63,68.53,1.26,640.0,25.36,0.0,61.0,119.0,34.0,0.0,usda,1
174435,"Lamb, New Zealand, imported, subcutaneous fat, raw",3.87,76.16,0.55,703.0,19.17,0.0,45.0,93.0,28.0,0.0,usda,1
174436,"Lamb, New Zealand, imported, brains, cooked, soaked and fried",14.03,10.92,0.0,154.0,73.11,0.0,384.0,258.0,101.0,0.0,usda,1
174437,"Lamb, New Zealand, imported, brains, raw",11.33,8.03,0.0,118.0,78.52,0.0,327.0,307.0,117.0,0.0,usda,1
174438,"Lamb, New Zealand, imported, chump, boneless, separable lean only, raw",21.68,3.83,0.0,121.0,74.58,0.0,201.0,346.0,62.0,0.0,usda,1
174439,"Lamb, New Zealand, imported, kidney, cooked, soaked and fried",19.78,3.56,0.18,112.0,75.07,0.0,312.0,271.0,199.0,0.0,usda,1
174440,"Lamb, New Zealand, imported, flap, boneless, separable lean only, cooked, braised",27.88,13.6,0.0,234.0,60.09,0.0,137.0,186.0,54.0,0.0,usda,1
174441,"Lamb, New Zealand, imported, flap, boneless, separable lean only, raw",21.72,10.31,0.0,180.0,69.49,0.0,164.0,303.0,87.0,0.0,usda,1
174442,"Lamb, New Zealand, imported, kidney, raw",15.21,2.54,0.03,84.0,81.02,0.0,245.0,231.0,168.0,0.0,usda,1
174443,"Lamb, New Zealand, imported, heart, cooked, soaked and simmered",26.26,6.21,0.0,161.0,66.65,0.0,237.0,187.0,67.0,0.0,usda,1
174444,"Lamb, New Zealand, imported, heart, raw",18.09,3.68,0.0,105.0,77.84,0.0,204.0,277.0,94.0,0.0,usda,1
174445,"Lamb, New Zealand, imported, sweetbread, cooked, soaked and simmered",21.13,6.61,0.0,144.0,72.6,0.0,550.0,354.0,52.0,0.0,usda,1
174446,"Lamb, New Zealand, imported, sweetbread, raw",11.0,3.16,0.0,72.0,85.78,0.0,310.0,302.0,39.0,0.0,usda,1
174447,"Lamb, New Zealand, imported, tunnel-boned leg, chump off, shank off, separable lean only, cooked, slow roasted",25.29,6.44,0.0,159.0,68.14,0.0,213.0,369.0,62.0,0.0,usda,1
174448,"Lamb, New Zealand, imported, tunnel-boned leg, chump off, shank off, separable lean only, raw",20.93,4.09,0.0,121.0,74.43,0.0,197.0,344.0,60.0,0.0,usda,1
174449,"Lamb, New Zealand, imported, square-cut shoulder chops, separable lean only, cooked, braised",31.06,14.56,0.0,255.0,55.36,0.0,175.0,213.0,59.0,0.0,usda,1
174450,"Lamb, New Zealand, imported, square-cut shoulder chops, separable lean only, raw",20.62,9.08,0.0,164.0,71.98,0.0,189.0,321.0,82.0,0.0,usda,1
174451,"Lamb, New Zealand, imported, loin, boneless, separable lean only, cooked, fast roasted",28.99,4.49,0.0,156.0,66.69,0.0,234.0,355.0,57.0,0.0,usda,1
174452,"Lamb, New Zealand, imported, loin, boneless, separable lean only, raw",21.5,3.77,0.0,120.0,74.54,0.0,217.0,368.0,60.0,0.0,usda,1
174453,"Lamb, New Zealand, imported, hind-shank, separable lean only, cooked, braised",32.5,7.37,0.0,196.0,60.93,0.0,180.0,258.0,72.0,0.0,usda,1
174454,"Lamb, New Zealand, imported, hind-shank, separable lean only, raw",20.4,3.35,0.73,115.0,74.49,0.0,185.0,327.0,82.0,0.0,usda,1
174455,"Lamb, New Zealand, imported, neck chops, separable lean only, raw",19.84,7.97,0.0,151.0,72.43,0.0,175.0,323.0,81.0,0.0,usda,1
174456,"Lamb, New Zealand, imported, rack - fully frenched, separable lean only, raw",20.61,7.12,0.0,147.0,71.67,0.0,192.0,334.0,63.0,0.0,usda,1
174457,"Lamb, New Zealand, imported, loin chop, separable lean only, cooked, fast fried",27.43,10.7,0.41,208.0,60.21,0.0,233.0,367.0,84.0,0.0,usda,1
174458,"Lamb, New Zealand, imported, square-cut shoulder, separable lean only, cooked, slow roasted",25.08,10.13,0.0,192.0,64.96,0.0,197.0,334.0,80.0,0.0,usda,1
174459,"Lamb, New Zealand, imported, leg chop/steak, bone-in, separable lean only, cooked, fast fried",26.31,6.35,0.0,162.0,67.56,0.0,223.0,373.0,67.0,0.0,usda,1
174460,"Lamb, New Zealand, imported, leg chop/steak, bone-in, separable lean and fat, cooked, fast fried",24.26,12.76,0.04,212.0,63.15,0.0,210.0,353.0,65.0,0.0,usda,1
174461,"Lamb, New Zealand, imported, loin chop, separable lean and fat, cooked, fast fried",21.5,27.11,0.41,332.0,50.12,0.0,194.0,313.0,73.0,0.0,usda,1
174462,"Lamb, New Zealand, imported, loin saddle, separable lean and fat, cooked, fast roasted",21.13,20.98,0.1,274.0,58.22,0.0,179.0,306.0,69.0,0.0,usda,1
174463,"Lamb, New Zealand, imported, loin saddle, separable lean and fat, raw",16.56,22.9,0.2,273.0,60.04,0.0,156.0,290.0,63.0,0.0,usda,1
174464,"Lamb, New Zealand, imported, netted shoulder, rolled, boneless, separable lean and fat, raw",16.9,20.36,0.2,252.0,62.47,0.0,150.0,280.0,58.0,0.0,usda,1
174465,"Chicken, capons, giblets, raw",18.28,5.18,1.42,130.0,74.12,0.0,207.0,226.0,77.0,1.25,usda,1
174466,"Chicken, capons, giblets, cooked, simmered",26.39,5.4,0.76,164.0,66.54,0.0,235.0,153.0,55.0,1.25,usda,1
174467,"Duck, domesticated, liver, raw",18.74,4.64,3.53,136.0,71.78,0.0,269.0,230.0,140.0,1.25,usda,1
174468,"Duck, wild, meat and skin, raw",17.42,15.2,0.0,211.0,66.52,0.0,168.0,249.0,56.0,1.25,usda,1
174469,"Duck, wild, breast, meat only, raw",19.85,4.25,0.0,123.0,75.51,0.0,186.0,268.0,57.0,1.25,usda,1
174470,"Goose, domesticated, meat and skin, raw",15.86,33.62,0.0,371.0,49.66,0.0,234.0,308.0,73.0,1.25,usda,1
174471,"Guinea hen, meat only, raw",20.64,2.47,0.0,110.0,74.44,0.0,169.0,220.0,69.0,1.25,usda,1
174472,"Pheasant, raw, meat and skin",22.7,9.29,0.0,181.0,67.77,0.0,214.0,243.0,40.0,1.25,usda,1
174473,"Pheasant, raw, meat only",23.57,3.64,0.0,133.0,72.77,0.0,230.0,262.0,37.0,1.25,usda,1
174474,"Pheasant, breast, meat only, raw",24.37,3.25,0.0,133.0,72.4,0.0,200.0,242.0,33.0,1.25,usda,1
174475,"Squab, (pigeon), meat and skin, raw",18.47,23.8,0.0,294.0,56.6,0.0,248.0,199.0,54.0,1.25,usda,1
174476,"Emu, fan fillet, raw",22.5,0.8,0.0,103.0,74.62,0.0,236.0,300.0,120.0,0.0,usda,1
174477,"Emu, fan fillet, cooked, broiled",31.27,2.3,0.0,154.0,66.43,0.0,272.0,397.0,53.0,0.0,usda,1
174478,"Emu, flat fillet, raw",22.25,0.74,0.0,102.0,75.4,0.0,229.0,240.0,150.0,0.0,usda,1
174479,"Emu, full rump, raw",22.83,1.64,0.0,112.0,73.79,0.0,236.0,330.0,90.0,0.0,usda,1
174480,"Emu, top loin, cooked, broiled",29.07,3.13,0.0,152.0,67.37,0.0,274.0,374.0,58.0,0.0,usda,1
174481,"Ostrich, ground, raw",20.22,8.7,0.0,165.0,71.07,0.0,199.0,291.0,72.0,0.0,usda,1
174482,"Ostrich, ground, cooked, pan-broiled",26.15,7.07,0.0,175.0,67.12,0.0,224.0,323.0,80.0,0.0,usda,1
174483,"Ostrich, fan, raw",21.81,2.65,0.0,117.0,75.93,0.0,211.0,308.0,75.0,0.0,usda,1
174484,"Ostrich, outside leg, raw",22.86,1.96,0.0,115.0,75.59,0.0,221.0,322.0,90.0,0.0,usda,1
174485,"Ostrich, outside strip, raw",23.36,2.21,0.0,120.0,74.58,0.0,229.0,333.0,70.0,0.0,usda,1
174486,"Ostrich, outside strip, cooked",28.55,3.83,0.0,156.0,66.88,0.0,254.0,367.0,72.0,0.0,usda,1
174487,"Ostrich, oyster, raw",21.55,3.67,0.0,125.0,75.62,0.0,204.0,297.0,83.0,0.0,usda,1
174488,"Ostrich, tip trimmed, cooked",28.49,2.57,0.0,145.0,68.51,0.0,251.0,362.0,80.0,0.0,usda,1
174489,"Ostrich, top loin, raw",21.67,2.95,0.0,119.0,75.35,0.0,214.0,312.0,81.0,0.0,usda,1
174490,"Ostrich, top loin, cooked",28.12,3.87,0.0,155.0,67.95,0.0,245.0,353.0,77.0,0.0,usda,1
174491,"Chicken, liver, all classes, cooked, pan-fried",25.78,6.43,1.11,172.0,65.22,0.0,442.0,315.0,92.0,0.0,usda,1
174492,"Turkey, ground, 93% lean, 7% fat, patties, broiled",25.86,11.45,0.0,207.0,62.42,0.0,210.0,247.0,91.0,0.0,usda,1
174493,"Turkey, ground, 85% lean, 15% fat, raw",16.9,12.54,0.0,180.0,69.74,0.0,179.0,202.0,54.0,0.0,usda,1
174494,"Turkey, ground, 85% lean, 15% fat, pan-broiled crumbles",25.11,17.45,0.0,258.0,56.66,0.0,263.0,276.0,85.0,0.0,usda,1
174495,"Turkey, ground, 85% lean, 15% fat, patties, broiled",25.88,16.2,0.0,249.0,58.25,0.0,235.0,242.0,81.0,0.0,usda,1
174496,"Chicken, skin (drumsticks and thighs), cooked, roasted",16.57,43.99,0.0,462.0,39.45,0.0,151.0,181.0,85.0,0.0,usda,1
174497,"Chicken, broilers or fryers, dark meat, drumstick, meat and skin, cooked, braised",22.72,10.73,0.0,187.0,66.33,0.0,177.0,229.0,111.0,0.0,usda,1
174498,"Chicken, broilers or fryers, dark meat, thigh, meat and skin, cooked, braised",22.57,15.43,0.0,229.0,61.93,0.0,187.0,245.0,76.0,0.0,usda,1
174499,"Chicken, dark meat, drumstick, meat only, with added solution, raw",19.19,3.26,0.0,106.0,77.71,0.0,143.0,192.0,152.0,0.0,usda,1
174500,"Chicken, dark meat, thigh, meat only, with added solution, cooked, roasted",24.23,7.73,0.0,164.0,67.86,0.0,202.0,268.0,177.0,0.0,usda,1
174501,"Chicken, skin (drumsticks and thighs), with added solution, cooked, braised",12.26,38.94,1.0,403.0,46.96,0.0,112.0,146.0,139.0,0.0,usda,1
174502,"Chicken, skin (drumsticks and thighs), with added solution, raw",11.11,37.9,0.01,386.0,50.37,0.0,88.0,101.0,139.0,0.0,usda,1
174503,"Chicken, skin (drumsticks and thighs), with added solution, cooked, roasted",20.31,37.6,0.44,421.0,40.73,0.0,176.0,198.0,162.0,0.0,usda,1
174504,"Chicken, dark meat, drumstick, meat and skin, with added solution, cooked, braised",21.55,10.71,0.13,183.0,67.06,0.0,162.0,218.0,165.0,0.0,usda,1
174505,"Chicken, dark meat, thigh, meat and skin, with added solution, cooked, roasted",23.47,13.81,0.09,214.0,62.6,0.0,197.0,254.0,174.0,0.0,usda,1
174506,"Chicken, broiler, rotisserie, BBQ, back meat only",21.85,13.87,0.31,212.0,62.96,0.0,212.0,263.0,563.0,0.31,usda,1
174507,"Turkey, dark meat from whole, meat only, with added solution, raw",19.27,4.12,0.1,115.0,75.86,0.0,191.0,226.0,167.0,0.1,usda,1
174508,"Turkey, dark meat, meat only, with added solution, cooked, roasted",26.1,6.0,0.0,158.0,66.85,0.0,208.0,227.0,201.0,0.0,usda,1
174509,"Turkey, dark meat from whole, meat and skin, with added solution, raw",17.84,10.83,0.15,169.0,70.55,0.0,172.0,202.0,161.0,0.1,usda,1
174510,"Turkey, dark meat from whole, meat and skin, with added solution, cooked, roasted",25.55,10.81,0.0,199.0,62.66,0.0,213.0,232.0,206.0,0.0,usda,1
174511,"Turkey from whole, light meat, meat and skin, with added solution, raw",20.02,7.42,0.14,147.0,72.09,0.0,214.0,220.0,195.0,0.06,usda,1
174512,"Turkey from whole, light meat, meat and skin, with added solution, cooked, roasted",26.52,5.64,0.0,157.0,67.09,0.0,254.0,250.0,237.0,0.0,usda,1
174513,"Turkey, retail parts, breast, meat only, with added solution, raw",21.99,2.53,0.0,111.0,75.95,0.0,181.0,237.0,124.0,0.0,usda,1
174514,"Turkey, retail parts, breast, meat only, with added solution, cooked, roasted",27.94,2.08,0.0,130.0,69.99,0.0,219.0,264.0,184.0,0.0,usda,1
174515,"Turkey, retail parts, breast, meat only, raw",23.34,2.33,0.0,114.0,74.66,0.0,185.0,267.0,74.0,0.0,usda,1
174516,"Turkey, retail parts, breast, meat only, cooked, roasted",29.51,1.97,0.0,136.0,67.53,0.0,253.0,297.0,114.0,0.0,usda,1
174517,"Turkey, retail parts, wing, meat only, raw",22.48,2.49,0.0,112.0,75.05,0.0,147.0,222.0,69.0,0.0,usda,1
174518,"Turkey, retail parts, thigh, meat only, raw",20.6,3.69,0.0,116.0,75.62,0.0,177.0,269.0,75.0,0.0,usda,1
174519,"Turkey, breast, from whole bird, meat only, with added solution, roasted",26.97,2.08,0.0,127.0,70.18,0.0,255.0,249.0,238.0,0.0,usda,1
174520,"Turkey, back, from whole bird, meat only, with added solution, raw",19.27,4.12,0.15,115.0,75.86,0.0,191.0,226.0,167.0,0.1,usda,1
174521,"Turkey, back, from whole bird, meat only, with added solution, roasted",26.97,2.08,0.0,127.0,70.18,0.0,255.0,249.0,238.0,0.0,usda,1
174522,"Soup, chicken mushroom, canned, condensed",1.61,4.84,11.95,100.0,80.4,3.2,22.0,56.0,669.0,0.79,usda,0
174523,"Sauce, barbecue",0.82,0.63,40.77,172.0,54.71,0.9,20.0,232.0,1027.0,33.24,usda,0
174524,"Sauce, salsa, ready-to-serve",1.52,0.17,6.64,29.0,89.28,1.9,33.0,275.0,711.0,4.01,usda,0
174525,"Sauce, homemade, white, medium",3.84,10.63,9.17,147.0,74.89,0.2,98.0,156.0,354.0,4.38,usda,1
174526,"Sauce, homemade, white, thick",3.99,13.83,11.61,186.0,69.1,0.3,96.0,149.0,373.0,3.98,usda,1
174527,"Sauce, ready-to-serve, pepper or hot",0.51,0.37,1.75,11.0,89.98,0.3,11.0,144.0,2643.0,1.26,usda,0
174528,"Sauce, ready-to-serve, pepper, TABASCO",1.29,0.76,0.8,12.0,95.17,0.6,23.0,128.0,633.0,0.13,usda,0
174529,"Sauce, oyster, ready-to-serve",1.35,0.25,10.92,51.0,80.0,0.3,22.0,54.0,2733.0,0.0,usda,0
174530,"Soup, minestrone, canned, reduced sodium, ready-to-serve",2.0,0.8,9.0,50.0,87.3,2.4,34.0,186.0,215.0,2.13,usda,0
174531,"Sauce, fish, ready-to-serve",5.06,0.01,3.64,35.0,71.07,0.0,7.0,288.0,7851.0,3.64,usda,0
174532,"Soup, shark fin, restaurant-prepared",3.2,2.0,3.8,46.0,90.13,0.0,21.0,53.0,501.0,1.25,usda,0
174533,"Soup, bean & ham, canned, reduced sodium, prepared with water or ready-to-serve",4.19,1.03,13.66,81.0,79.91,4.0,13.0,158.0,187.0,3.17,usda,0
174534,"Split pea soup, canned, reduced sodium, prepared with water or ready-to serve",3.85,0.92,11.83,71.0,82.4,1.9,54.0,183.0,166.0,5.06,usda,0
174535,"Split pea with ham soup, canned, reduced sodium, prepared with water or ready-to-serve",4.0,0.7,11.4,68.0,82.8,1.9,54.0,204.0,196.0,1.57,usda,0
174536,"Soup, chicken broth, ready-to-serve",0.64,0.21,0.44,6.0,97.81,0.0,4.0,18.0,371.0,0.43,usda,0
174537,"Soup, cream of chicken, canned, prepared with equal volume milk",3.01,4.62,6.04,77.0,84.83,0.1,61.0,110.0,362.0,1.25,usda,0
174538,"Soup, vegetable, canned, low sodium, condensed",2.2,0.9,12.11,65.0,82.79,2.1,45.0,433.0,385.0,4.31,usda,0
174539,"Soup, clam chowder, new england, canned, prepared with equal volume low fat (2%) milk",3.24,2.02,7.46,61.0,85.49,0.3,173.0,179.0,273.0,2.81,usda,0
174540,"Soup, cream of mushroom, canned, prepared with equal volume low fat (2%) milk",2.36,3.58,5.76,65.0,87.04,0.3,59.0,103.0,357.0,2.82,usda,0
174541,"Soup, cream of onion, canned, prepared with equal volume milk",2.74,3.78,7.4,75.0,84.5,0.3,62.0,125.0,405.0,1.25,usda,0
174542,"Sauce, white, thin, prepared-from-recipe, with butter",3.95,2.56,8.29,72.0,84.02,0.1,110.0,167.0,184.0,5.29,usda,0
174543,"Sauce, sweet and sour, prepared-from-recipe",1.84,0.58,16.72,79.0,78.56,0.4,30.0,193.0,347.0,10.81,usda,0
174544,"Sauce, barbecue, KRAFT, original",0.74,0.62,40.77,172.0,54.22,0.4,19.0,247.0,1242.0,32.26,usda,0
174546,"Soup, tomato, canned, prepared with equal volume low fat (2%) milk",2.42,1.24,9.82,55.0,85.15,0.5,63.0,343.0,206.0,6.59,usda,0
174547,"CAMPBELL'S, Tomato Soup, condensed",1.46,0.44,15.22,71.0,80.79,1.1,31.0,562.0,377.0,8.23,usda,0
174548,"CAMPBELL'S CHUNKY, Classic Chicken Noodle Soup",3.41,1.3,5.41,47.0,88.9,1.0,35.0,90.0,325.0,0.41,usda,0
174549,"Soup, cream of asparagus, canned, prepared with equal volume water",0.94,1.68,4.38,35.0,91.8,0.2,16.0,71.0,402.0,1.25,usda,0
174550,"Soup, cheese, canned, prepared with equal volume water",2.19,4.24,4.26,63.0,88.12,0.4,55.0,62.0,388.0,1.25,usda,0
174551,"Soup, chicken broth, canned, prepared with equal volume water",2.02,0.57,0.38,16.0,95.95,0.0,30.0,86.0,306.0,0.29,usda,0
174552,"CAMPBELL'S CHUNKY, Hearty Beef Barley Soup",2.89,0.92,8.98,56.0,86.23,1.0,55.0,129.0,308.0,1.17,usda,0
174553,"Soup, cream of chicken, canned, prepared with equal volume water",1.41,3.02,3.8,48.0,90.62,0.1,15.0,36.0,347.0,1.25,usda,0
174554,"Soup, clam chowder, manhattan, canned, prepared with equal volume water",0.85,0.86,4.77,30.0,92.26,0.6,16.0,74.0,226.0,1.32,usda,0
174555,"Soup, clam chowder, new england, canned, prepared with equal volume water",1.55,1.01,5.05,35.0,90.89,0.3,127.0,108.0,254.0,0.19,usda,0
174556,"CAMPBELL'S CHUNKY, New England Clam Chowder",2.46,3.85,9.01,81.0,83.52,1.2,40.0,115.0,353.0,0.0,usda,0
174557,"Soup, beef broth, bouillon, consomme, prepared with equal volume water",2.22,0.0,0.73,12.0,96.24,0.0,13.0,64.0,264.0,1.25,usda,0
174558,"Soup, mushroom with beef stock, canned, prepared with equal volume water",1.29,1.65,3.81,35.0,92.08,0.3,15.0,65.0,397.0,1.25,usda,0
174559,"Soup, cream of onion, canned, prepared with equal volume water",1.13,2.16,5.2,44.0,90.5,0.4,15.0,49.0,380.0,1.25,usda,0
174560,"Soup, oyster stew, canned, prepared with equal volume water",0.87,1.59,1.69,24.0,94.86,0.2,20.0,20.0,407.0,1.25,usda,0
174561,"Soup, pea, green, canned, prepared with equal volume water",3.2,1.09,9.88,61.0,84.55,1.9,47.0,71.0,336.0,3.19,usda,0
174562,"Soup, turkey noodle, canned, prepared with equal volume water",1.6,0.82,3.54,28.0,92.99,0.3,20.0,31.0,334.0,1.25,usda,0
174563,"Soup, turkey vegetable, canned, prepared with equal volume water",1.28,1.26,3.58,30.0,92.89,0.2,17.0,73.0,376.0,1.25,usda,0
174564,"Soup, vegetarian vegetable, canned, prepared with equal volume water",0.86,0.79,4.89,28.0,92.41,0.3,14.0,86.0,338.0,1.57,usda,0
174565,"Soup, vegetable beef, canned, prepared with equal volume water",2.23,0.76,4.06,31.0,91.8,0.8,16.0,69.0,349.0,0.45,usda,0
174566,"Soup, chicken broth cubes, dry, prepared with water",0.39,0.12,0.62,5.0,97.43,0.2,5.0,10.0,326.0,1.25,usda,0
174567,"Soup, cream of chicken, dry, mix, prepared with water",0.68,2.04,5.11,41.0,90.94,0.1,37.0,82.0,454.0,1.59,usda,0
174568,"Soup, onion, dry, mix, prepared with water",0.32,0.01,2.77,12.0,95.8,0.3,9.0,31.0,346.0,0.2,usda,0
174569,"Soup, tomato, dry, mix, prepared with water",0.93,0.61,7.17,38.0,89.88,0.4,33.0,111.0,356.0,3.9,usda,0
174570,"Roast beef, deli style, prepackaged, sliced",18.62,3.69,0.64,115.0,73.72,0.0,242.0,647.0,853.0,0.29,usda,1
174571,"Luncheon meat, pork, canned",12.5,30.3,2.1,334.0,51.5,0.0,82.0,215.0,1289.0,0.0,usda,1
174572,"Turkey breast, low salt, prepackaged or deli, luncheon meat",21.81,0.83,3.51,109.0,71.1,0.5,162.0,211.0,772.0,3.51,usda,1
174573,"Mortadella, beef, pork",16.37,25.39,3.05,311.0,52.3,0.0,97.0,163.0,1246.0,0.0,usda,1
174574,"Peppered loaf, pork, beef",17.3,6.37,4.53,149.0,67.4,0.0,170.0,394.0,732.0,4.61,usda,1
174575,"Pepperoni, beef and pork, sliced",19.25,46.28,1.18,504.0,28.55,0.0,158.0,274.0,1582.0,0.0,usda,1
174576,"Pickle and pimiento loaf, pork",11.23,15.95,8.46,225.0,60.29,1.5,153.0,371.0,1040.0,8.46,usda,3
174577,"Polish sausage, pork",14.1,28.72,1.63,326.0,53.15,0.0,136.0,237.0,876.0,1.25,usda,1
174578,"Pork sausage, link/patty, cooked, pan-fried",18.53,27.25,1.42,325.0,49.89,0.0,149.0,342.0,814.0,1.09,usda,1
174579,"Sausage, pork and beef, fresh, cooked",13.8,36.25,2.7,396.0,44.55,0.0,107.0,189.0,929.0,0.0,usda,1
174580,"Sausage, turkey, reduced fat, brown and serve, cooked",17.0,10.3,10.92,204.0,59.59,0.3,164.0,207.0,721.0,0.0,usda,1
174581,Poultry salad sandwich spread,11.64,13.52,7.41,200.0,66.17,0.0,33.0,183.0,653.0,0.0,usda,1
174582,"Salami, dry or hard, pork, beef",21.07,31.65,0.72,378.0,41.19,0.0,192.0,363.0,1756.0,0.26,usda,1
174583,"Sandwich spread, pork, beef",7.66,17.34,11.94,235.0,60.28,0.2,59.0,110.0,1013.0,0.0,usda,1
174584,"Sausage, smoked link sausage, pork",11.98,28.23,0.94,309.0,56.49,0.0,157.0,483.0,827.0,0.94,usda,1
174585,"Sausage, smoked link sausage, pork and beef",12.0,28.73,2.42,320.0,53.97,0.0,121.0,179.0,911.0,0.0,usda,1
174586,"Sausage, Italian, pork, mild, cooked, pan-fried",18.4,26.4,1.86,324.0,50.58,0.0,152.0,339.0,801.0,1.42,usda,1
174587,"Luncheon sausage, pork and beef",15.38,20.9,1.58,260.0,58.62,0.0,122.0,245.0,1182.0,1.25,usda,1
174588,"Sausage, New england brand, pork, beef",17.27,7.58,4.83,161.0,66.77,0.0,136.0,321.0,1220.0,1.25,usda,1
174589,"Oscar Mayer, Bologna (beef)",11.05,29.1,2.45,316.0,54.15,0.0,109.0,168.0,1179.0,1.4,usda,1
174590,"Oscar Mayer, Smokies Sausage Little Cheese (pork, turkey)",13.5,28.2,1.7,315.0,53.2,0.0,248.0,152.0,1036.0,0.3,usda,1
174591,"Oscar Mayer, Wieners (beef franks)",11.35,30.26,2.78,329.0,53.22,0.0,140.0,130.0,1025.0,1.6,usda,1
174592,"Bacon, turkey, unprepared",15.94,16.93,1.89,226.0,61.83,0.2,222.0,349.0,1069.0,1.25,usda,1
174594,"Luncheon meat, pork and chicken, minced, canned, includes Spam Lite",15.23,13.9,1.35,196.0,65.72,0.0,109.0,461.0,1032.0,1.26,usda,1
174595,"Bratwurst, veal, cooked",13.99,31.7,0.0,341.0,53.51,0.0,150.0,231.0,60.0,0.0,usda,1
174596,Liverwurst spread,12.38,25.45,5.89,305.0,53.53,2.5,230.0,170.0,700.0,1.65,usda,3
174597,Roast beef spread,15.27,16.28,3.73,223.0,61.7,0.2,116.0,259.0,724.0,0.71,usda,1
174598,"Salami, pork, beef, less sodium",15.01,30.5,15.38,396.0,33.74,0.2,272.0,1372.0,623.0,6.21,usda,3
174599,"Sausage, summer, pork and beef, sticks, with cheddar cheese",19.43,37.91,1.82,426.0,36.2,0.2,178.0,206.0,1483.0,0.12,usda,1
174600,"Sausage, turkey, breakfast links, mild, raw",15.91,10.39,3.18,174.0,67.86,0.0,174.0,258.0,714.0,0.0,usda,1
174601,"Swisswurst, pork and beef, with swiss cheese, smoked",12.69,27.37,1.6,307.0,55.31,0.0,178.0,206.0,827.0,0.0,usda,1
174602,Bacon and beef sticks,29.1,44.2,0.8,517.0,21.6,0.0,142.0,385.0,1420.0,0.8,usda,1
174603,"Salami, Italian, pork",21.7,37.0,1.2,425.0,34.6,0.0,229.0,340.0,1890.0,1.2,usda,1
174604,"Sausage, Italian, turkey, smoked",15.05,8.75,4.65,158.0,68.5,0.9,185.0,197.0,928.0,3.2,usda,1
174605,"Sausage, chicken, beef, pork, skinless, smoked",13.6,14.3,8.1,216.0,60.5,0.0,132.0,246.0,1034.0,1.9,usda,1
174606,"Sausage, turkey, hot, smoked",15.05,8.75,4.65,158.0,68.5,0.3,185.0,197.0,916.0,3.2,usda,1
174608,"Chicken breast, roll, oven-roasted",14.59,7.65,1.79,134.0,72.98,0.0,121.0,324.0,883.0,0.43,usda,1
174609,"Bologna, pork and turkey, lite",13.06,16.06,3.45,211.0,64.87,0.0,94.0,138.0,716.0,0.0,usda,1
174610,"Bologna, pork, turkey and beef",11.56,29.25,6.66,336.0,45.37,0.0,128.0,222.0,1055.0,1.35,usda,1
174611,"Ham, honey, smoked, cooked",17.93,2.37,7.27,122.0,69.94,0.0,384.0,165.0,900.0,0.0,usda,1
174613,"Turkey, white, rotisserie, deli cut",13.5,3.0,7.7,112.0,72.0,0.4,158.0,349.0,1200.0,4.0,usda,1
174614,"Frankfurter, beef, heated",11.69,29.36,2.66,322.0,53.5,0.0,139.0,252.0,852.0,1.27,usda,1
174615,"Frankfurter, meat, heated",9.77,24.31,4.9,278.0,57.82,0.0,211.0,141.0,1013.0,1.25,usda,1
174616,"Sausage, breakfast sausage, beef, pre-cooked, unprepared",12.9,28.22,4.61,327.0,51.21,0.0,126.0,285.0,904.0,1.0,usda,1
174617,"Sausage, turkey, fresh, raw",18.79,8.08,0.47,155.0,70.42,0.0,177.0,262.0,593.0,0.0,usda,1
174618,"Sausage, beef, fresh, cooked",18.21,27.98,0.35,332.0,51.12,0.0,141.0,258.0,813.0,0.0,usda,1
174619,"Cereals ready-to-eat, MALT-O-MEAL, COCO-ROOS",3.41,4.61,86.75,389.0,2.5,3.3,72.0,201.0,350.0,48.11,usda,3
174620,"Cereals ready-to-eat, QUAKER, QUAKER OAT CINNAMON LIFE",9.14,4.1,79.02,374.0,4.3,6.3,390.0,260.0,463.0,25.18,usda,3
174621,"Cereals ready-to-eat, QUAKER, HONEY GRAHAM OH!S",3.92,7.63,83.65,412.0,2.75,2.1,133.0,167.0,679.0,43.23,usda,3
174622,"Cereals ready-to-eat, QUAKER, Oatmeal Squares",11.38,4.83,77.77,379.0,2.75,8.3,371.0,357.0,347.0,16.69,usda,3
174623,"Cereals ready-to-eat, QUAKER, Oatmeal Squares, cinnamon",11.23,4.88,78.09,379.0,2.75,8.7,369.0,359.0,344.0,16.67,usda,3
174624,"Cereals, QUAKER, Instant Oatmeal, fruit and cream variety, dry",8.3,6.37,75.42,379.0,6.56,6.0,300.0,280.0,499.0,31.27,usda,3
174625,"Cereals, QUAKER, Instant Oatmeal, raisins, dates and walnuts, dry",8.82,6.98,72.41,371.0,8.35,6.9,296.0,374.0,516.0,30.85,usda,3
174626,"Cereals, QUAKER, Oat Bran, QUAKER/MOTHER'S Oat Bran, dry",17.03,7.97,62.94,364.0,8.9,14.3,694.0,579.0,5.0,1.43,usda,3
174627,"Cereals, QUAKER, Oat Bran, QUAKER/MOTHER'S Oat Bran, prepared with water, no salt",2.03,0.95,7.49,43.0,89.07,1.7,83.0,69.0,3.0,1.25,usda,0
174628,"Cereals ready-to-eat, Post, Waffle Crisp",6.6,5.0,83.0,390.0,2.5,4.4,237.0,212.0,596.0,34.7,usda,3
174629,"Cereals, QUAKER, hominy grits, white, quick, dry",8.8,1.2,79.6,348.0,10.0,4.8,73.0,137.0,1.0,0.3,usda,3
174630,"Cereals, QUAKER, hominy grits, white, regular, dry",8.8,1.6,79.2,361.0,10.0,1.6,73.0,137.0,1.0,0.64,usda,3
174631,"Cereals ready-to-eat, MALT-O-MEAL, COLOSSAL CRUNCH",3.64,5.28,81.59,401.0,2.5,1.7,57.0,110.0,806.0,42.5,usda,3
174632,"Cereals ready-to-eat, QUAKER, MOTHER'S Cinnamon Oat Crunch",10.6,4.56,79.79,382.0,2.75,8.1,347.0,325.0,275.0,25.37,usda,3
174633,"Cereals ready-to-eat, QUAKER, MOTHER'S GRAHAM BUMPERS",4.55,1.45,88.89,379.0,2.5,2.6,156.0,199.0,758.0,44.33,usda,3
174634,"Cereals ready-to-eat, QUAKER, MOTHER'S COCOA BUMPERS",4.21,1.61,89.91,382.0,2.5,2.7,166.0,226.0,452.0,43.12,usda,3
174635,"Cereals ready-to-eat, SUN COUNTRY, KRETSCHMER Toasted Wheat Bran",17.56,5.16,59.51,200.0,11.72,41.3,1314.0,1284.0,6.0,1.25,usda,3
174636,"Cereals, QUAKER, Instant Oatmeal, Cinnamon-Spice, dry",10.39,5.1,74.52,369.0,7.37,8.2,353.0,303.0,416.0,21.14,usda,3
174637,"Cereals, QUAKER, Instant Oatmeal, DINOSAUR EGGS, Brown Sugar, dry",8.69,7.59,73.68,384.0,6.87,6.4,302.0,250.0,500.0,28.91,usda,3
174638,"Cereals, QUAKER, Instant Oatmeal, Banana Bread, dry",8.97,4.85,75.7,368.0,6.77,6.7,315.0,287.0,700.0,29.45,usda,3
174639,"Cereals ready-to-eat, UNCLE SAM CEREAL",15.98,11.6,65.78,346.0,4.43,20.3,374.0,446.0,206.0,1.56,usda,3
174640,"Cereals, QUAKER, Quick Oats with Iron, Dry",13.7,6.87,68.18,371.0,9.38,9.4,458.0,358.0,3.0,1.42,usda,3
174641,"Cereals, QUAKER, Whole Wheat Natural Cereal, dry",11.8,2.0,74.8,333.0,9.8,9.9,406.0,502.0,8.0,2.0,usda,3
174642,"Cereals ready-to-eat, MALT-O-MEAL, Honey BUZZERS",3.45,1.72,89.66,379.0,1.88,3.4,69.0,121.0,759.0,37.93,usda,3
174643,"Cereals ready-to-eat, MALT-O-MEAL, GOLDEN PUFFS",5.77,0.89,89.72,370.0,2.76,2.6,222.0,204.0,204.0,51.34,usda,3
174644,"Cereals ready-to-eat, MOM'S BEST, Honey Nut TOASTY O'S",8.6,4.51,79.84,388.0,2.5,6.3,315.0,241.0,683.0,30.17,usda,3
174645,"Cereals ready-to-eat, MALT-O-MEAL, Apple ZINGS",4.51,2.71,87.3,390.0,2.5,2.3,61.0,96.0,454.0,44.61,usda,3
174646,"Cereals ready-to-eat, MALT-O-MEAL, CINNAMON TOASTERS",3.32,12.06,78.33,425.0,3.0,5.0,250.0,157.0,473.0,32.86,usda,3
174647,"Cereals ready-to-eat, MALT-O-MEAL, Cocoa DYNO-BITES",4.15,3.43,87.93,397.0,3.0,1.1,69.0,181.0,534.0,43.15,usda,3
174648,"Cereals ready-to-eat, RALSTON Corn Flakes",5.9,0.91,88.01,384.0,3.31,2.7,33.0,107.0,571.0,7.84,usda,3
174649,"Cereals ready-to-eat, RALSTON Crispy Hexagons",5.94,0.95,86.78,379.0,4.07,1.5,63.0,224.0,517.0,13.79,usda,3
174650,Milk and cereal bar,6.47,10.98,72.05,413.0,8.69,0.4,155.0,254.0,319.0,45.97,usda,3
174651,"Cereals, MALT-O-MEAL, original, plain, prepared with water, without salt",1.67,0.09,10.09,48.0,88.29,0.3,22.0,14.0,0.0,0.13,usda,0
174652,"Cereals ready-to-eat, QUAKER, Christmas Crunch",4.44,4.83,85.92,397.0,2.5,2.6,168.0,186.0,724.0,44.31,usda,3
174653,"Cereals ready-to-eat, POST SELECTS Maple Pecan Crunch",8.5,8.7,77.4,413.0,3.0,7.4,259.0,274.0,239.0,22.5,usda,3
174654,"Cereals ready-to-eat, NATURE'S PATH, Organic FLAX PLUS, Pumpkin Granola",11.23,18.33,66.1,467.0,3.0,8.4,323.0,291.0,74.0,18.17,usda,3
174655,"Cereals, CREAM OF WHEAT, 2 1/2 minute cook time, dry",11.61,1.41,71.79,355.0,11.56,4.4,398.0,160.0,328.0,0.47,usda,3
174656,"Incaparina, dry mix (corn and soy flours), unprepared",21.75,5.58,60.53,379.0,7.47,9.9,530.0,1030.0,4.0,1.25,usda,3
174657,"Cereals ready-to-eat, QUAKER, CAP'N CRUNCH'S Halloween Crunch",4.41,5.66,85.14,402.0,2.48,2.5,167.0,185.0,719.0,43.82,usda,3
174658,"Cereals ready-to-eat, QUAKER, Natural Granola Apple Cranberry Almond",9.21,11.06,74.73,418.0,3.21,9.9,334.0,444.0,47.0,27.43,usda,3
174659,"Cereals ready-to-eat, QUAKER, Maple Brown Sugar LIFE Cereal",9.17,4.06,78.86,373.0,4.3,6.3,389.0,262.0,477.0,24.9,usda,3
174660,"Cereals, QUAKER, Instant Oatmeal Organic, Regular",16.0,6.3,67.0,367.0,8.8,9.8,474.0,350.0,4.0,1.0,usda,3
174661,"Cereals, QUAKER, Instant Oatmeal, fruit and cream, variety of flavors, reduced sugar",10.16,7.46,71.57,376.0,7.39,8.3,359.0,339.0,559.0,17.66,usda,3
174662,"Cereals, QUAKER, Instant Oatmeal, Apple and Cinnamon, reduced sugar",10.29,5.64,72.17,358.0,7.94,9.7,357.0,389.0,535.0,17.78,usda,3
174663,"Cereals ready-to-eat, POST, HONEY BUNCHES OF OATS, pecan bunches",7.0,5.4,82.0,399.0,2.9,5.2,140.0,177.0,483.0,21.9,usda,3
174664,"Cereals ready-to-eat, MALT-O-MEAL, CHOCOLATE MARSHMALLOW MATEYS",3.5,3.67,88.18,392.0,2.0,2.5,85.0,183.0,368.0,55.45,usda,3
174665,"Figs, dried, uncooked",3.3,0.93,63.87,249.0,30.05,9.8,67.0,680.0,10.0,47.92,usda,3
174666,"Figs, dried, stewed",1.42,0.4,27.57,107.0,69.8,4.2,29.0,294.0,4.0,23.35,usda,0
174667,"Fruit cocktail, (peach and pineapple and pear and grape and cherry), canned, water pack, solids and liquids",0.42,0.05,8.51,32.0,90.76,1.0,11.0,94.0,4.0,7.51,usda,0
174668,"Fruit cocktail, (peach and pineapple and pear and grape and cherry), canned, juice pack, solids and liquids",0.46,0.01,11.86,46.0,87.44,1.0,14.0,95.0,4.0,10.86,usda,0
174669,"Fruit salad, (peach and pear and apricot and pineapple and cherry), canned, water pack, solids and liquids",0.35,0.07,7.87,30.0,91.5,1.0,9.0,78.0,3.0,1.25,usda,0
174670,"Fruit salad, (peach and pear and apricot and pineapple and cherry), canned, juice pack, solids and liquids",0.51,0.03,13.05,50.0,86.15,1.0,14.0,116.0,5.0,1.25,usda,0
174671,"Fruit salad, (peach and pear and apricot and pineapple and cherry), canned, light syrup, solids and liquids",0.34,0.07,15.14,58.0,84.24,1.0,9.0,82.0,6.0,1.25,usda,0
174672,"Fruit salad, (peach and pear and apricot and pineapple and cherry), canned, extra heavy syrup, solids and liquids",0.33,0.06,22.77,88.0,76.64,1.0,9.0,80.0,5.0,1.25,usda,0
174673,"Grapefruit, raw, pink and red, all areas",0.77,0.14,10.66,42.0,88.06,1.6,18.0,135.0,0.0,6.89,usda,0
174674,"Grapefruit, raw, pink and red, California and Arizona",0.5,0.1,9.69,37.0,89.31,0.2,12.0,147.0,1.0,1.25,usda,0
174675,"Grapefruit, raw, pink and red, Florida",0.55,0.1,7.5,30.0,91.56,1.1,9.0,127.0,0.0,1.25,usda,0
174676,"Grapefruit, raw, white, all areas",0.69,0.1,8.41,33.0,90.48,1.1,8.0,148.0,0.0,7.31,usda,0
174677,"Grapefruit, raw, white, California",0.88,0.1,9.09,37.0,89.58,0.2,12.0,143.0,0.0,1.25,usda,0
174678,"Grapefruit juice, white, canned or bottled, unsweetened",0.55,0.66,7.54,37.0,90.97,0.6,17.0,141.0,2.0,7.69,usda,0
174679,"Grapefruit juice, white, canned, sweetened",0.58,0.09,11.13,46.0,87.38,0.1,11.0,162.0,2.0,11.03,usda,0
174680,"Grapefruit juice, white, frozen concentrate, unsweetened, undiluted",1.97,0.48,34.56,146.0,62.0,0.4,49.0,484.0,3.0,34.16,usda,0
174681,"Grapefruit juice, white, frozen concentrate, unsweetened, diluted with 3 volume water",0.55,0.13,9.73,41.0,89.3,0.1,14.0,136.0,1.0,9.63,usda,0
174682,"Grapes, american type (slip skin), raw",0.63,0.35,17.15,67.0,81.3,0.9,10.0,191.0,2.0,16.25,usda,0
174683,"Grapes, red or green (European type, such as Thompson seedless), raw",0.72,0.16,18.1,69.0,80.54,0.9,20.0,191.0,2.0,15.48,usda,0
174684,"Grapes, canned, thompson seedless, water pack, solids and liquids",0.5,0.11,10.3,40.0,88.84,0.6,18.0,107.0,6.0,9.7,usda,0
174685,"Grapes, canned, thompson seedless, heavy syrup pack, solids and liquids",0.48,0.1,19.65,76.0,79.53,0.6,17.0,103.0,5.0,19.05,usda,0
174686,"Guava sauce, cooked",0.32,0.14,9.48,36.0,89.56,3.6,11.0,225.0,4.0,5.88,usda,0
174687,"Jackfruit, raw",1.72,0.64,23.25,95.0,73.46,1.5,21.0,448.0,2.0,19.08,usda,0
174688,"Beef, top loin filet, boneless, separable lean only, trimmed to 1/8"" fat, all grades, cooked, grilled",29.33,8.54,0.3,195.0,60.67,0.0,235.0,377.0,63.0,0.0,usda,1
174689,"Beef, top loin filet, boneless, separable lean only, trimmed to 1/8"" fat, choice, cooked, grilled",28.99,9.48,0.36,203.0,60.0,0.0,233.0,374.0,62.0,0.0,usda,1
174690,"Beef, top loin filet, boneless, separable lean only, trimmed to 1/8"" fat, select, cooked, grilled",29.85,7.12,0.2,184.0,61.68,0.0,251.0,407.0,65.0,0.0,usda,1
174691,"Beef, top loin petite roast/filet, boneless, separable lean only, trimmed to 1/8"" fat, choice, raw",22.5,6.48,0.23,149.0,69.79,0.0,226.0,402.0,66.0,0.0,usda,1
174692,"Beef, top loin petite roast/filet, boneless, separable lean only, trimmed to 1/8"" fat, select, raw",22.77,4.88,0.0,135.0,71.8,0.0,220.0,387.0,57.0,0.0,usda,1
174693,"Beef, loin, top sirloin filet, boneless, separable lean only, trimmed to 0"" fat, all grades, cooked, grilled",30.58,5.37,0.0,171.0,62.92,0.0,256.0,397.0,59.0,0.0,usda,1
174694,"Beef, loin, top sirloin filet, boneless, separable lean only, trimmed to 0"" fat, choice, cooked, grilled",30.45,5.83,0.0,174.0,62.57,0.0,255.0,395.0,59.0,0.0,usda,1
174695,"Beef, loin, top sirloin petite roast/filet, boneless, separable lean only, trimmed to 0"" fat, select, raw",23.05,3.35,0.0,122.0,73.27,0.0,220.0,388.0,58.0,0.0,usda,1
174696,"Beef, ribeye  petite roast/filet, boneless, separable lean only, trimmed to 0"" fat, all grades, raw",22.66,4.66,0.04,133.0,71.57,0.0,226.0,402.0,66.0,0.0,usda,1
174697,"Beef, ribeye  petite roast/filet, boneless, separable lean only, trimmed to 0"" fat, choice, raw",22.52,5.29,0.18,138.0,70.99,0.0,226.0,401.0,66.0,0.0,usda,1
174698,"Beef, ribeye  petite roast/filet, boneless, separable lean only, trimmed to 0"" fat, select, raw",22.89,3.72,0.0,125.0,72.46,0.0,233.0,389.0,57.0,0.0,usda,1
174699,"Beef, ribeye cap steak, boneless, separable lean only, trimmed to 0"" fat, choice, raw",19.46,11.4,1.75,187.0,66.5,0.0,210.0,357.0,88.0,0.0,usda,1
174700,"Beef, ribeye cap steak, boneless, separable lean only, trimmed to 0"" fat, select, raw",20.05,9.39,1.15,169.0,68.53,0.0,223.0,365.0,84.0,0.0,usda,1
174701,"Beef, ribeye filet, boneless, separable lean only, trimmed to 0"" fat, all grades, cooked, grilled",28.77,9.2,0.17,199.0,60.74,0.0,262.0,410.0,56.0,0.0,usda,1
174702,"Beef, ribeye filet, boneless, separable lean only, trimmed to 0"" fat, choice, cooked, grilled",28.35,10.26,0.51,208.0,59.75,0.0,261.0,409.0,56.0,0.0,usda,1
174703,"Beef, ribeye filet, boneless, separable lean only, trimmed to 0"" fat, select, cooked, grilled",29.39,7.61,0.0,186.0,62.22,0.0,242.0,383.0,87.0,0.0,usda,1
174704,"Beef, loin, top sirloin cap steak, boneless, separable lean and fat, trimmed to 1/8"" fat, choice, cooked, grilled",26.3,14.3,1.1,238.0,57.2,0.0,231.0,368.0,91.0,0.0,usda,1
174705,"Beef, loin, top sirloin cap steak, boneless, separable lean and fat, trimmed to 1/8"" fat, select, cooked, grilled",25.5,16.1,0.4,249.0,56.9,0.0,217.0,342.0,78.0,0.0,usda,1
174706,"Beef, loin, top sirloin cap steak, boneless, separable lean and fat, trimmed to 1/8"" fat, all grades, raw",19.9,12.4,0.0,191.0,67.4,0.0,192.0,326.0,80.0,0.0,usda,1
174707,"Beef, loin, top sirloin cap steak, boneless, separable lean and fat, trimmed to 1/8"" fat, choice, raw",19.7,13.4,0.0,199.0,66.5,0.0,191.0,325.0,80.0,0.0,usda,1
174708,"Beef, top loin petite roast, boneless, separable lean and fat, trimmed to 1/8"" fat, all grades, cooked, roasted",27.0,12.9,1.0,228.0,58.0,0.0,236.0,376.0,93.0,0.0,usda,1
174709,"Beef, top loin petite roast, boneless, separable lean and fat, trimmed to 1/8"" fat, choice, cooked, roasted",26.8,14.1,1.1,239.0,56.9,0.0,235.0,375.0,92.0,0.0,usda,1
174710,"Beef, top loin petite roast, boneless, separable lean and fat, trimmed to 1/8"" fat, select, cooked, roasted",27.1,11.2,0.9,213.0,59.7,0.0,234.0,369.0,84.0,0.0,usda,1
174711,"Beef, top loin petite roast/filet, boneless, separable lean and fat, trimmed to 1/8"" fat, all grades, raw",21.1,11.3,0.3,187.0,66.4,0.0,212.0,360.0,89.0,0.0,usda,1
174712,"Beef, loin, top loin steak, boneless, lip-on, separable lean and fat, trimmed to 1/8"" fat, choice, cooked, grilled",25.69,19.19,0.0,275.0,54.87,0.0,212.0,259.0,54.0,0.0,usda,1
174713,"Beef, loin, top loin steak, boneless, lip-on, separable lean and fat, trimmed to 1/8"" fat, select, cooked, grilled",26.92,15.44,0.0,247.0,57.68,0.0,223.0,282.0,50.0,0.0,usda,1
174714,"Beef, loin, top loin steak, boneless, lip-on, separable lean and fat, trimmed to 1/8"" fat, all grades, cooked, grilled",26.18,17.69,0.0,264.0,55.99,0.0,216.0,265.0,52.0,0.0,usda,1
174715,"Beef, New Zealand, imported, bolar blade, separable lean only, cooked, fast roasted",33.53,6.57,0.0,193.0,60.46,0.0,165.0,181.0,33.0,0.0,usda,1
174716,"Beef, New Zealand, imported, bolar blade, separable lean only, raw",22.09,4.49,0.0,129.0,73.11,0.0,190.0,325.0,55.0,0.0,usda,1
174717,"Beef, New Zealand, imported, brisket navel end, separable lean only, cooked, braised",29.35,16.37,0.0,265.0,54.88,0.0,113.0,142.0,39.0,0.0,usda,1
174718,"Beef, New Zealand, imported, brisket navel end, separable lean only, raw",19.74,12.75,0.0,194.0,67.95,0.0,148.0,277.0,66.0,0.0,usda,1
174719,"Beef, New Zealand, imported, cube roll, separable lean only, cooked, fast roasted",30.09,13.22,0.0,239.0,56.8,0.0,209.0,361.0,52.0,0.0,usda,1
174720,"Beef, New Zealand, imported, cube roll, separable lean only, raw",19.77,8.51,1.38,161.0,69.43,0.0,174.0,319.0,45.0,0.0,usda,1
174721,"Beef, New Zealand, imported, eye round, separable lean only, cooked, slow roasted",29.68,4.98,0.0,164.0,65.38,0.0,222.0,374.0,43.0,0.0,usda,1
174722,"Beef, New Zealand, imported, eye round, separable lean only, raw",20.15,3.35,1.35,116.0,74.14,0.0,192.0,352.0,40.0,0.0,usda,1
174723,"Beef, New Zealand, imported, variety meats and by-products, heart, raw",18.52,3.4,0.0,105.0,78.07,0.0,209.0,275.0,86.0,0.0,usda,1
174724,"Beef, New Zealand, imported, hind shin, separable lean only, cooked, braised",31.23,4.64,0.0,167.0,64.4,0.0,155.0,217.0,44.0,0.0,usda,1
174725,"Beef, New Zealand, imported, hind shin, separable lean only, raw",21.46,3.12,0.0,114.0,74.57,0.0,178.0,326.0,63.0,0.0,usda,1
174726,"Beef, New Zealand, imported, inside, raw",22.16,4.36,0.1,128.0,72.35,0.0,198.0,338.0,40.0,0.0,usda,1
174727,"Beef, New Zealand, imported, variety meats and by-products, kidney, raw",15.68,2.64,0.0,87.0,80.52,0.0,234.0,225.0,175.0,0.0,usda,1
174728,"Beef, New Zealand, imported, variety meats and by-products liver, cooked, boiled",23.3,4.68,3.78,150.0,66.44,0.0,397.0,336.0,55.0,0.0,usda,1
174729,"Beef, New Zealand, imported, variety meats and by-products, liver, raw",20.5,4.05,3.6,133.0,70.39,0.0,362.0,327.0,53.0,0.0,usda,1
174730,"Beef, New Zealand, imported, manufacturing beef, cooked, boiled",24.21,3.26,0.0,126.0,73.1,0.0,129.0,193.0,32.0,0.0,usda,1
174731,"Beef, New Zealand, imported, ribs prepared, raw",21.31,6.78,0.0,146.0,71.32,0.0,184.0,337.0,54.0,0.0,usda,1
174732,"Beef, New Zealand, imported, rump centre, separable lean only, cooked, fast fried",30.17,7.48,0.0,188.0,61.77,0.0,254.0,427.0,55.0,0.0,usda,1
174733,"Beef, New Zealand, imported, striploin, separable lean only, cooked, fast fried",28.53,11.4,0.0,217.0,59.61,0.0,217.0,364.0,55.0,0.0,usda,1
174734,"Beef, New Zealand, imported, striploin, separable lean only, raw",20.93,7.0,0.74,150.0,70.41,0.0,177.0,309.0,47.0,0.0,usda,1
174735,"Beef, New Zealand, imported, oyster blade, separable lean and fat, raw",21.27,10.31,0.0,178.0,69.48,0.0,153.0,288.0,57.0,0.0,usda,1
174736,"Beef, New Zealand, imported, tenderloin, separable lean only, raw",21.19,6.1,0.0,140.0,71.79,0.0,204.0,362.0,39.0,0.0,usda,1
174737,"Beef, New Zealand, imported, variety meats and by-products, tongue, cooked, boiled",18.31,20.34,3.68,271.0,56.95,0.0,157.0,189.0,57.0,0.0,usda,1
174738,"Beef, New Zealand, imported, variety meats and by-products, tongue, raw",17.77,19.09,0.0,243.0,65.24,0.0,150.0,252.0,73.0,0.0,usda,1
174739,"Beef, New Zealand, imported, brisket navel end, separable lean and fat, cooked, braised",20.14,41.33,0.0,453.0,38.97,0.0,94.0,137.0,33.0,0.0,usda,1
174740,"Beef, New Zealand, imported, brisket navel end, separable lean and fat, raw",15.81,31.27,0.0,345.0,53.33,0.0,118.0,223.0,54.0,0.0,usda,1
174741,"Beef, New Zealand, imported, brisket point end, separable lean and fat, cooked, braised",31.94,13.6,0.0,250.0,54.66,0.0,158.0,173.0,29.0,0.0,usda,1
174742,"Beef, New Zealand, imported, brisket point end, separable lean and fat, raw",20.05,9.23,0.0,163.0,70.11,0.0,179.0,306.0,49.0,0.0,usda,1
174743,"Beef, New Zealand, imported, eye round, separable lean and fat, cooked, slow roasted",29.49,5.57,0.0,168.0,64.99,0.0,221.0,372.0,43.0,0.0,usda,1
174744,"Beef, New Zealand, imported, eye round, separable lean and fat, raw",19.88,4.92,1.32,129.0,72.9,0.0,189.0,346.0,39.0,0.0,usda,1
174745,"Beef, New Zealand, imported, flank, separable lean and fat, cooked, braised",30.13,9.73,0.0,208.0,60.32,0.0,139.0,190.0,28.0,0.0,usda,1
174746,"Beef, New Zealand, imported, flank, separable lean and fat, raw",20.12,8.9,0.0,161.0,71.79,0.0,171.0,323.0,46.0,0.0,usda,1
174747,"Beef, New Zealand, imported, flat, separable lean and fat, cooked, braised",31.86,13.79,0.0,252.0,54.29,0.0,154.0,170.0,30.0,0.0,usda,1
174748,"Beef, New Zealand, imported, rump centre, separable lean and fat, cooked, fast fried",30.01,7.96,0.0,192.0,61.45,0.0,253.0,425.0,55.0,0.0,usda,1
174749,"Beef, New Zealand, imported, rump centre, separable lean only, raw",21.74,6.05,0.0,141.0,72.22,0.0,191.0,343.0,49.0,0.0,usda,1
174750,"Beef, New Zealand, imported, rump centre, separable lean and fat, raw",21.65,6.5,0.0,145.0,71.87,0.0,190.0,341.0,49.0,0.0,usda,1
174751,"Beef, New Zealand, imported, striploin, separable lean and fat, cooked, fast fried",24.89,22.33,0.02,301.0,52.4,0.0,192.0,325.0,50.0,0.0,usda,1
174752,"Beef, ground, 93% lean meat / 7% fat, patty, cooked, broiled",26.22,8.94,0.0,193.0,63.81,0.0,205.0,342.0,66.0,0.0,usda,1
174753,"Beef, ground, 93% lean meat /7% fat, patty, cooked, pan-broiled",25.56,8.01,0.06,182.0,65.29,0.0,220.0,371.0,72.0,0.0,usda,1
174754,"Beef, ground, 93% lean meat / 7% fat, loaf, cooked, baked",27.03,8.43,0.0,192.0,63.26,0.0,197.0,309.0,59.0,0.0,usda,1
174755,"Beef, ground, 93% lean meat / 7% fat, crumbles, cooked, pan-browned",28.88,9.51,0.0,209.0,60.82,0.0,258.0,449.0,86.0,0.0,usda,1
174756,"Beef, ground, 97% lean meat / 3% fat, crumbles, cooked, pan-browned",29.46,5.46,0.0,175.0,64.55,0.0,267.0,470.0,84.0,0.0,usda,1
174757,"Beef, composite of trimmed retail cuts, separable lean and fat, trimmed to 0"" fat, all grades, raw",20.95,9.3,0.0,167.0,69.03,0.0,194.0,310.0,61.0,0.0,usda,1
174758,"Beef, composite of trimmed retail cuts, separable lean only, trimmed to 1/8"" fat, all grades, raw",22.15,5.38,0.0,140.0,71.78,0.0,194.0,316.0,56.0,0.0,usda,1
174759,"Beef, composite of trimmed retail cuts, separable lean only, trimmed to 1/8"" fat, all grades, cooked",28.95,8.15,0.0,194.0,62.48,0.0,200.0,303.0,54.0,0.0,usda,1
174760,"Beef, composite of trimmed retail cuts, separable lean only, trimmed to 0"" fat, all grades, raw",22.15,5.54,0.0,138.0,71.58,0.0,202.0,322.0,60.0,0.0,usda,1
174761,"Beef, rib, small end (ribs 10-12), separable lean only, trimmed to 1/8"" fat, choice, raw",22.12,5.91,0.0,148.0,71.28,0.0,204.0,341.0,57.0,0.0,usda,1
174762,"Beef, tenderloin, steak, separable lean only, trimmed to 1/8"" fat, choice, raw",22.17,7.07,0.0,158.0,70.17,0.0,204.0,340.0,57.0,0.0,usda,1
174763,"Beef, top sirloin, steak, separable lean only, trimmed to 1/8"" fat, choice, raw",21.91,4.62,0.0,135.0,72.51,0.0,205.0,342.0,57.0,0.0,usda,1
174764,"Beef, rib, small end (ribs 10-12), separable lean only, trimmed to 1/8""fat, choice, cooked, broiled",28.29,9.05,0.0,202.0,62.22,0.0,219.0,352.0,58.0,0.0,usda,1
174765,"Beef, chuck, arm pot roast, separable lean only, trimmed to 1/8"" fat, select, raw",22.26,3.32,0.0,125.0,74.12,0.0,204.0,339.0,77.0,0.0,usda,1
174766,"Beef, brisket, flat half, separable lean only, trimmed to 1/8"" fat, select, raw",21.45,3.61,0.0,124.0,74.26,0.0,200.0,333.0,76.0,0.0,usda,1
174767,"Beef, chuck, arm pot roast, separable lean only, trimmed to 1/8"" fat, select, cooked, braised",34.6,6.35,0.0,205.0,59.29,0.0,215.0,281.0,57.0,0.0,usda,1
174768,"Beef, brisket, flat half, separable lean only, trimmed to 1/8"" fat, select, cooked, braised",33.18,5.21,0.0,189.0,61.39,0.0,209.0,273.0,55.0,0.0,usda,1
174769,"Beef, variety meats and by-products, tripe, cooked, simmered",11.71,4.05,1.99,94.0,81.65,0.0,66.0,42.0,68.0,0.0,usda,1
174770,"Beef, bottom sirloin, tri-tip roast, separable lean only, trimmed to 0"" fat, all grades, raw",21.26,5.63,0.0,142.0,72.41,0.0,198.0,333.0,54.0,0.0,usda,1
174771,"Beef, bottom sirloin, tri-tip roast, separable lean only, trimmed to 0"" fat, choice, cooked, roasted",26.34,9.73,0.0,193.0,63.79,0.0,202.0,324.0,54.0,0.0,usda,1
174772,"Beef, bottom sirloin, tri-tip roast, separable lean only, trimmed to 0"" fat, choice, raw",21.17,7.06,0.0,154.0,71.33,0.0,193.0,323.0,54.0,0.0,usda,1
174773,"Beef, bottom sirloin, tri-tip roast, separable lean only, trimmed to 0"" fat, select, cooked, roasted",27.17,6.95,0.0,179.0,65.55,0.0,222.0,359.0,58.0,0.0,usda,1
174774,"Beef, flank, steak, separable lean only, trimmed to 0"" fat, all grades, cooked, broiled",27.89,7.4,0.0,186.0,64.79,0.0,217.0,350.0,57.0,0.0,usda,1
174775,"Beef, flank, steak, separable lean only, trimmed to 0"" fat, select, cooked, broiled",27.96,6.48,0.0,178.0,65.51,0.0,226.0,365.0,59.0,0.0,usda,1
174776,"Beef, flank, steak, separable lean only, trimmed to 0"" fat, all grades, raw",21.57,5.47,0.0,141.0,72.08,0.0,202.0,340.0,55.0,0.0,usda,1
174777,"Beef, flank, steak, separable lean only, trimmed to 0"" fat, select, raw",21.43,5.0,0.0,137.0,72.84,0.0,202.0,341.0,53.0,0.0,usda,1
174778,"Snacks, popcorn, microwave, low fat",12.6,9.5,72.0,424.0,2.8,14.2,264.0,241.0,629.0,0.92,usda,3
174779,"Snacks, candy rolls, yogurt-covered, fruit flavored with high vitamin C",0.46,6.53,74.64,359.0,17.59,3.3,18.0,100.0,8.0,39.15,usda,3
174783,"Snacks, sweet potato chips, unsalted",2.94,32.35,56.82,532.0,4.51,8.8,145.0,925.0,35.0,8.82,usda,3
174784,"Snacks, FRITOLAY, SUNCHIPS, Multigrain Snack, original flavor",7.95,21.11,67.26,491.0,2.04,8.8,222.0,232.0,423.0,7.2,usda,3
174785,"Snacks, popcorn, microwave, regular (butter) flavor, made with partially hydrogenated oil",7.5,34.02,55.16,557.0,0.34,10.0,251.0,240.0,764.0,0.55,usda,3
174786,"Formulated bar, MARS SNACKFOOD US, SNICKERS MARATHON Protein Performance Bar, Caramel Nut Rush",25.0,12.5,50.5,415.0,9.0,12.5,375.0,188.0,238.0,28.75,usda,3
174787,"Formulated bar, LUNA BAR, NUTZ OVER CHOCOLATE",20.75,12.19,52.49,403.0,9.38,4.3,785.0,412.0,386.0,16.9,usda,3
174788,"Snacks, FRITOLAY, SUNCHIPS, multigrain, French onion flavor",8.68,22.15,65.49,496.0,2.04,7.8,215.0,257.0,467.0,8.82,usda,3
174789,"Snacks, FRITOLAY, SUNCHIPS, Multigrain Snack, Harvest Cheddar flavor",8.08,22.22,64.7,491.0,2.5,8.1,245.0,238.0,705.0,7.05,usda,3
174790,"Pretzels, soft, unsalted",8.2,3.1,71.04,345.0,15.0,1.7,79.0,88.0,252.0,0.25,usda,3
174791,"Snacks, vegetable chips, HAIN CELESTIAL GROUP, TERRA CHIPS",4.13,29.81,57.97,517.0,4.54,10.9,198.0,1266.0,246.0,9.75,usda,3
174792,"Formulated bar, ZONE PERFECT CLASSIC CRUNCH BAR, mixed flavors",30.0,14.0,45.0,426.0,7.0,2.0,300.0,250.0,444.0,27.0,usda,3
174793,"Snacks, granola bar, KASHI GOLEAN, chewy, mixed flavors",16.67,7.69,63.42,390.0,9.23,7.7,255.0,429.0,321.0,42.31,usda,3
174794,"Snacks, granola bar, KASHI TLC Bar, chewy, mixed flavors",18.57,15.71,53.26,429.0,9.34,11.4,271.0,415.0,293.0,17.14,usda,3
174795,"Snacks, granola bars, QUAKER OATMEAL TO GO, all flavors",6.67,6.67,75.47,389.0,9.86,4.6,167.0,238.0,367.0,31.54,usda,3
174796,"Snacks, vegetable chips, made from garden vegetables",5.32,23.3,60.43,473.0,6.31,4.7,130.0,838.0,412.0,4.04,usda,3
174797,"Snacks, granola bar, KASHI TLC Bar, crunchy, mixed flavors",15.0,15.0,62.78,446.0,2.74,10.0,333.0,545.0,400.0,20.0,usda,3
174798,"Snacks, candy bits, yogurt covered with vitamin C",0.0,7.5,86.9,415.0,3.73,0.2,190.0,338.0,75.0,65.0,usda,3
174799,"Snacks, CLIF BAR, mixed flavors",14.71,5.88,65.44,346.0,11.0,7.4,294.0,412.0,195.0,31.62,usda,3
174800,"Snacks, granola bar, QUAKER, chewy, 90 Calorie Bar",4.17,8.33,79.17,408.0,6.23,4.2,152.0,224.0,313.0,29.17,usda,3
174801,"Snacks, granola bar, GENERAL MILLS NATURE VALLEY, SWEET&SALTY NUT, peanut",9.14,22.86,61.14,487.0,3.7,2.9,272.0,390.0,414.0,33.14,usda,3
174802,"Snacks, granola bar, GENERAL MILLS, NATURE VALLEY, with yogurt coating",5.71,11.43,74.29,423.0,7.18,4.4,191.0,168.0,271.0,40.0,usda,3
174803,"Snack, Mixed Berry Bar",13.16,10.53,58.84,383.0,15.52,7.9,343.0,446.0,447.0,26.32,usda,3
174804,"Snacks, potato chips, made from dried potatoes (preformed), multigrain",5.3,24.74,65.34,505.0,2.27,2.7,127.0,330.0,544.0,4.08,usda,3
174805,"Snacks, potato chips, lightly salted",6.72,35.39,53.54,560.0,1.35,4.2,148.0,1304.0,187.0,0.34,usda,3
174806,"Snacks, Pretzels, gluten- free made with cornstarch and potato flour",3.52,6.67,78.62,389.0,6.91,3.3,21.0,69.0,1567.0,4.22,usda,3
174807,"Soup, egg drop, Chinese restaurant",1.16,0.61,4.29,27.0,92.87,0.4,15.0,22.0,370.0,0.09,usda,0
174808,"Soup, hot and sour, Chinese restaurant",2.58,1.21,4.35,39.0,90.65,0.5,32.0,55.0,376.0,0.42,usda,0
174809,"Beverages, THE COCA-COLA COMPANY, NOS Zero, energy drink, sugar-free with guarana, fortified with vitamins B6 and B12",0.0,0.0,1.03,4.0,98.35,0.0,0.0,0.0,85.0,0.0,usda,0
174810,"Alcoholic beverage, whiskey sour, canned",0.0,0.0,13.4,119.0,76.9,0.1,6.0,11.0,44.0,1.25,usda,0
174811,"Beverages, Whiskey sour mix, bottled",0.1,0.1,21.4,87.0,78.2,0.0,6.0,28.0,102.0,21.4,usda,0
174812,"Alcoholic beverage, whiskey sour, prepared from item 14028",0.06,0.06,12.82,153.0,72.44,0.0,5.0,18.0,61.0,12.78,usda,0
174813,"Beverages, ABBOTT, EAS soy protein powder",47.62,3.57,43.94,405.0,2.83,0.0,441.0,714.0,452.0,40.48,usda,3
174814,"Beverages, CYTOSPORT, Muscle Milk, ready-to-drink",5.87,2.17,2.28,52.0,89.0,0.2,101.0,198.0,95.0,0.78,usda,0
174815,"Alcoholic beverage, distilled, all (gin, rum, vodka, whiskey) 80 proof",0.0,0.0,0.0,231.0,66.6,0.0,4.0,2.0,1.0,0.0,usda,2
174816,"Beverages, OCEAN SPRAY, Cran-Energy, Cranberry Energy Juice Drink",0.0,0.0,3.75,15.0,96.18,0.0,1.0,0.0,21.0,3.75,usda,0
174817,"Alcoholic beverage, distilled, rum, 80 proof",0.0,0.0,0.0,231.0,66.6,0.0,5.0,2.0,1.0,0.0,usda,2
174818,"Alcoholic beverage, distilled, vodka, 80 proof",0.0,0.0,0.0,231.0,66.6,0.0,5.0,1.0,1.0,0.0,usda,2
174819,"Alcoholic beverage, distilled, whiskey, 86 proof",0.0,0.0,0.1,250.0,63.9,0.0,3.0,1.0,0.0,0.1,usda,2
174820,"Beverages, almond milk, chocolate, ready-to-drink",0.63,1.25,9.38,50.0,88.43,0.4,19.0,75.0,71.0,8.75,usda,0
174821,"Beverages, Energy Drink with carbonated water and high fructose corn syrup",0.42,0.0,15.0,62.0,84.52,0.0,0.0,10.0,48.0,13.75,usda,0
174822,"Beverages, Energy Drink, sugar free",0.42,0.0,0.42,4.0,99.11,0.0,0.0,0.0,42.0,0.0,usda,0
174823,"Beverages, ABBOTT, ENSURE, Nutritional Shake, Ready-to-Drink",3.8,2.53,16.88,105.0,76.2,0.0,105.0,156.0,84.0,9.7,usda,0
174824,"Beverages, chocolate powder, no sugar added",9.09,4.5,68.31,350.0,7.4,9.1,500.0,1705.0,500.0,27.27,usda,3
174825,"Beverages, ZEVIA, cola",0.0,0.0,1.13,0.0,98.36,0.0,0.0,0.0,6.0,0.0,usda,0
174826,"Beverages, ZEVIA, cola, caffeine free",0.0,0.0,1.13,0.0,98.87,0.0,0.0,0.0,6.0,0.0,usda,0
174827,"Beverages, GEROLSTEINER BRUNNEN GmbH & Co. KG,Gerolsteiner naturally sparkling mineral water,",0.0,0.0,0.0,0.0,99.95,0.0,0.0,2.0,13.0,0.0,usda,0
174828,"Beverages, yellow green colored citrus soft drink with caffeine",0.0,0.0,12.83,49.0,86.89,0.0,0.0,2.0,18.0,12.9,usda,0
174831,"Beverages, Coconut water, ready-to-drink, unsweetened",0.22,0.0,4.24,18.0,95.03,0.0,5.0,165.0,26.0,3.92,usda,0
174832,"Beverages, almond milk, unsweetened, shelf stable",0.4,0.96,1.31,15.0,96.54,0.2,9.0,67.0,72.0,0.81,usda,0
174837,"Alcoholic beverage, wine, table, white",0.07,0.0,2.6,82.0,86.86,0.0,18.0,71.0,5.0,0.96,usda,0
174842,"Beverages, carbonated, club soda",0.0,0.0,0.0,0.0,99.9,0.0,0.0,2.0,21.0,0.0,usda,0
174846,"Beverages, carbonated, ginger ale",0.0,0.0,8.76,34.0,91.23,0.0,0.0,1.0,7.0,8.9,usda,0
174847,"Beverages, NESTEA, tea, black, ready-to-drink, lemon",0.0,0.0,9.09,36.0,91.18,0.0,36.0,19.0,21.0,9.09,usda,0
174850,"Beverages, carbonated, low calorie, cola or pepper-type, with aspartame, without caffeine",0.12,0.0,0.12,1.0,99.74,0.0,10.0,7.0,4.0,0.0,usda,0
174851,"Beverages, carbonated, cola, without caffeine",0.0,0.0,10.58,41.0,89.62,0.0,11.0,3.0,4.0,10.58,usda,0
174852,"Beverages, carbonated, cola, regular",0.0,0.25,10.36,42.0,89.36,0.0,9.0,5.0,3.0,9.94,usda,0
174853,"Beverages, carbonated, reduced sugar, cola, contains caffeine and sweeteners",0.0,0.0,5.16,20.0,94.78,0.0,11.0,3.0,4.0,5.16,usda,0
174854,"Beverages, carbonated, orange",0.0,0.0,12.3,48.0,87.6,0.0,1.0,2.0,12.0,1.25,usda,0
174855,"Beverages, tea, black, ready-to-drink, peach, diet",0.0,0.0,0.25,1.0,99.68,0.0,1.0,12.0,5.0,0.0,usda,0
174856,"Beverages, OCEAN SPRAY, Ruby Red cranberry",0.07,0.01,11.58,45.0,88.26,0.6,4.0,39.0,11.0,11.02,usda,0
174858,"Beverages, Lemonade, powder",0.0,1.05,97.57,376.0,1.43,0.4,4.0,147.0,51.0,94.7,usda,3
174859,"Lemonade, powder, prepared with water",0.0,0.04,3.59,14.0,96.26,0.0,0.0,6.0,6.0,3.5,usda,0
174860,"Beverages, lemonade-flavor drink, powder",0.0,1.01,97.9,380.0,0.52,0.0,99.0,39.0,130.0,97.15,usda,3
174861,"Beverages, lemonade-flavor drink, powder, prepared with water",0.0,0.07,6.9,27.0,92.87,0.0,7.0,3.0,13.0,6.87,usda,0
174862,"Limeade, frozen concentrate, prepared with water",0.0,0.0,13.79,52.0,86.08,0.0,1.0,10.0,3.0,13.27,usda,0
174863,"Malt beverage, includes non-alcoholic beer",0.21,0.12,8.05,37.0,91.15,0.0,16.0,8.0,13.0,8.05,usda,0
174864,"Beverages, OVALTINE, Classic Malt powder",0.0,0.0,93.33,372.0,1.43,0.0,0.0,0.0,636.0,63.64,usda,2
174865,"Beverages, Malted drink mix, chocolate, with added nutrients, powder, prepared with whole milk",3.29,3.26,11.19,87.0,81.26,0.4,109.0,217.0,87.0,10.49,usda,0
174866,"Beverages, malted drink mix, chocolate, powder",5.1,4.76,86.94,411.0,1.3,4.8,175.0,618.0,190.0,66.67,usda,3
174867,"Beverages, Malted drink mix, chocolate, powder, prepared with whole milk",3.37,3.29,11.2,85.0,81.34,0.5,91.0,172.0,60.0,6.68,usda,0
174868,"Beverages, orange drink, canned, with added vitamin C",0.0,0.07,12.34,49.0,87.47,0.0,1.0,18.0,3.0,11.03,usda,0
174869,"Strawberry-flavor beverage mix, powder",0.1,0.2,99.1,389.0,0.4,0.0,5.0,6.0,38.0,95.45,usda,2
174870,"Beverages, Strawberry-flavor beverage mix, powder, prepared with whole milk",3.0,3.1,12.3,88.0,80.9,0.0,86.0,139.0,48.0,1.25,usda,0
174871,"Beverages, tea, black, brewed, prepared with tap water, decaffeinated",0.0,0.0,0.3,1.0,99.7,0.0,1.0,37.0,3.0,0.0,usda,0
174872,"Beverages, tea, instant, decaffeinated, unsweetened",20.21,0.0,58.66,315.0,5.09,8.5,239.0,6040.0,72.0,5.53,usda,3
174873,"Beverages, tea, instant, unsweetened, prepared with water",0.06,0.0,0.17,1.0,99.62,0.0,1.0,18.0,4.0,0.02,usda,0
174874,"Lamb, New Zealand, imported, square-cut shoulder chops, separable lean and fat, cooked, braised",26.79,23.86,0.05,322.0,50.14,0.0,162.0,207.0,57.0,0.0,usda,1
174875,"Lamb, New Zealand, imported, square-cut shoulder chops, separable lean and fat, raw",17.02,22.84,0.23,275.0,61.18,0.0,160.0,274.0,71.0,0.0,usda,1
174876,"Lamb, New Zealand, imported, square-cut shoulder, separable lean and fat, cooked, slow roasted",20.88,23.39,0.03,294.0,55.93,0.0,176.0,299.0,72.0,0.0,usda,1
174877,"Lamb, New Zealand, imported, tunnel-boned leg, chump off, shank off, separable lean and fat, raw",20.93,4.09,0.0,121.0,74.43,0.2,197.0,344.0,60.0,1.25,usda,1
174878,"Lamb, New Zealand, imported, tenderloin, separable lean and fat, raw",20.43,4.22,0.01,120.0,74.04,0.0,221.0,379.0,49.0,0.0,usda,1
174879,"Veal, ground, cooked, pan-fried",25.83,11.78,1.51,215.0,59.87,0.0,231.0,245.0,146.0,0.0,usda,1
174880,"Veal, leg, top round, cap off, cutlet, boneless, cooked, grilled",31.89,2.63,0.0,151.0,65.32,0.0,277.0,323.0,88.0,0.0,usda,1
174881,"Veal, shoulder, blade chop, separable lean only, cooked, grilled",27.33,5.53,0.0,159.0,66.44,0.0,253.0,245.0,113.0,0.0,usda,1
174882,"Veal, external fat only, raw",8.85,51.6,0.89,503.0,38.19,0.0,133.0,107.0,89.0,0.0,usda,1
174883,"Veal, external fat only, cooked",15.28,53.23,0.0,540.0,32.69,0.0,168.0,152.0,103.0,0.0,usda,1
174884,"Veal, seam fat only, raw",12.53,43.75,0.0,444.0,44.47,0.0,150.0,179.0,89.0,0.0,usda,1
174885,"Lamb, Australian, imported, fresh, leg, bottom, boneless, separable lean only, trimmed to 1/8"" fat, cooked, roasted",28.6,8.35,0.0,190.0,63.87,0.0,196.0,287.0,70.0,0.0,usda,1
174886,"Lamb, Australian, imported, fresh, leg, hindshank, heel on, bone-in, separable lean only, trimmed to 1/8"" fat, cooked, braised",30.73,5.63,0.0,174.0,64.87,0.0,151.0,192.0,86.0,0.0,usda,1
174887,"Lamb, Australian, imported, fresh, leg, hindshank, heel on, bone-in, separable lean only, trimmed to 1/8"" fat, raw",22.49,3.53,0.0,122.0,74.83,0.0,163.0,227.0,93.0,0.0,usda,1
174888,"Lamb, Australian, imported, fresh, tenderloin, boneless, separable lean only, trimmed to 1/8"" fat, cooked, roasted",30.97,6.71,0.0,184.0,62.62,0.0,170.0,231.0,61.0,0.0,usda,1
174889,"Lamb, Australian, imported, fresh, rack, roast, frenched, denuded, bone-in, separable lean only, trimmed to 0"" fat, cooked, roasted",26.52,7.63,0.0,175.0,66.02,0.0,168.0,230.0,72.0,0.0,usda,1
174890,"Lamb, Australian, imported, fresh, rack, roast, frenched, bone-in, separable lean only, trimmed to 1/8"" fat, cooked, roasted",28.01,14.64,0.0,244.0,57.93,0.0,174.0,237.0,67.0,0.0,usda,1
174891,"Lamb, Australian, imported, fresh, external fat, cooked",16.9,52.3,0.0,538.0,27.09,0.0,148.0,207.0,58.0,0.0,usda,1
174892,"Lamb, Australian, imported, fresh, external fat, raw",12.59,48.5,0.0,487.0,38.41,0.0,92.0,149.0,69.0,0.0,usda,1
174893,"Lamb, Australian, imported, fresh, leg, hindshank, heel on, bone-in, separable lean and fat, trimmed to 1/8"" fat, cooked, braised",29.52,9.5,0.0,204.0,61.85,0.0,150.0,192.0,84.0,0.0,usda,1
174894,"Lamb, Australian, imported, fresh, leg, hindshank, heel on, bone-in, separable lean and fat, trimmed to 1/8"" fat, raw",20.58,12.68,0.0,196.0,67.33,0.0,147.0,210.0,87.0,0.0,usda,1
174895,"Lamb, Australian, imported, fresh, leg, trotter off, bone-in, separable lean and fat, trimmed to 1/8"" fat, cooked, roasted",30.15,11.64,0.08,226.0,54.95,0.0,203.0,291.0,77.0,0.0,usda,1
174896,"Lamb, Australian, imported, fresh, leg, trotter off, bone-in, separable lean and fat, trimmed to 1/8"" fat, raw",21.95,9.73,0.0,175.0,68.68,0.0,156.0,225.0,75.0,0.0,usda,1
174897,"Lamb, Australian, imported, fresh, tenderloin, boneless, separable lean and fat, trimmed to 1/8"" fat, cooked, roasted",30.87,7.02,0.0,187.0,62.38,0.0,170.0,231.0,61.0,0.0,usda,1
174898,"Lamb, Australian, imported, fresh, rib chop, frenched, denuded, bone-in, separable lean and fat, trimmed to 0"" fat, cooked, grilled",30.9,16.96,0.0,276.0,51.74,0.0,209.0,281.0,82.0,0.0,usda,1
174899,"Bagels, plain, enriched, with calcium propionate (includes onion, poppy, sesame)",10.56,1.32,52.38,264.0,33.81,1.6,99.0,107.0,422.0,8.43,usda,3
174900,"Bagels, plain, enriched, with calcium propionate (includes onion, poppy, sesame), toasted",11.14,1.43,57.39,287.0,28.27,1.8,92.0,116.0,457.0,9.14,usda,3
174901,"Bagels, egg",10.6,2.1,53.0,278.0,32.7,2.3,84.0,68.0,505.0,1.25,usda,3
174902,"Biscuits, plain or buttermilk, dry mix",8.0,15.4,63.4,428.0,9.2,2.1,585.0,163.0,1276.0,11.65,usda,3
174903,"Biscuits, plain or buttermilk, dry mix, prepared",7.3,12.1,48.4,335.0,28.9,1.8,470.0,188.0,955.0,1.25,usda,3
174904,"Biscuits, plain or buttermilk, refrigerated dough, lower fat",6.7,7.83,43.7,270.0,37.76,2.0,400.0,159.0,828.0,7.18,usda,3
174905,"Biscuits, plain or buttermilk, refrigerated dough, lower fat, baked",7.8,9.1,51.6,319.0,27.7,2.3,465.0,185.0,962.0,8.14,usda,3
174906,"Bread, banana, prepared from recipe, made with margarine",4.3,10.5,54.6,326.0,29.2,1.1,58.0,134.0,302.0,1.25,usda,3
174907,"Bread, boston brown, canned",5.2,1.5,43.3,195.0,47.2,4.7,112.0,318.0,631.0,2.42,usda,3
174908,"Bread, cornbread, dry mix, enriched (includes corn muffin mix)",7.0,12.2,69.5,418.0,7.8,6.5,489.0,113.0,817.0,20.34,usda,3
174909,"Bread, cornbread, dry mix, prepared with 2% milk, 80% margarine, and eggs",6.59,9.58,54.46,330.0,27.11,2.3,391.0,133.0,599.0,16.05,usda,3
174910,"Bread, cornbread, prepared from recipe, made with low fat (2%) milk",6.7,7.1,43.5,266.0,39.1,0.2,169.0,147.0,658.0,1.25,usda,3
174911,"Bread, french or vienna, toasted (includes sourdough)",13.0,2.14,61.93,319.0,20.61,3.1,126.0,140.0,720.0,3.59,usda,3
174912,"Bread, irish soda, prepared from recipe",6.6,5.0,56.0,290.0,30.1,2.6,114.0,266.0,398.0,1.25,usda,3
174913,"Bread, Italian",9.49,2.73,48.11,259.0,37.54,2.1,95.0,124.0,618.0,4.69,usda,3
174914,"Bread, multi-grain, toasted (includes whole-grain)",14.52,4.6,47.11,288.0,31.46,8.1,247.0,250.0,414.0,6.94,usda,3
174915,"Bread, pita, white, enriched",9.1,1.2,55.7,275.0,32.1,2.2,97.0,120.0,536.0,1.3,usda,3
174916,"Bread, pita, whole-wheat",9.8,1.71,55.89,262.0,30.6,6.1,180.0,170.0,421.0,2.87,usda,3
174917,"Bread, protein (includes gluten)",12.1,2.2,43.8,245.0,40.0,3.0,185.0,322.0,404.0,1.44,usda,3
174918,"Bread, pumpernickel",8.7,3.1,47.5,250.0,37.9,6.5,178.0,208.0,596.0,0.53,usda,3
174919,"Bread, reduced-calorie, oatmeal",7.6,3.5,43.3,210.0,44.0,0.2,100.0,124.0,388.0,1.25,usda,3
174920,"Bread, reduced-calorie, rye",9.1,2.9,40.5,203.0,46.0,12.0,78.0,98.0,513.0,2.29,usda,3
174921,"Bread, reduced-calorie, wheat",13.32,2.92,42.47,217.0,39.6,11.1,149.0,150.0,332.0,3.71,usda,3
174922,"Bread, reduced-calorie, white",8.7,2.5,44.3,207.0,42.9,9.7,121.0,76.0,479.0,4.76,usda,3
174923,"Bread, rice bran",8.9,4.6,43.5,243.0,41.0,4.9,178.0,215.0,269.0,4.67,usda,3
174924,"Bread, white, commercially prepared (includes soft bread crumbs)",8.85,3.33,49.42,266.0,36.42,2.7,98.0,126.0,490.0,5.67,usda,3
174925,"Bread, white, commercially prepared, toasted",9.0,4.0,54.5,290.0,30.4,2.9,103.0,131.0,537.0,6.2,usda,3
174926,"Bread, white, prepared from recipe, made with nonfat dry milk",7.7,2.6,53.6,274.0,34.8,2.0,96.0,111.0,336.0,1.25,usda,3
174927,"Bread, white, prepared from recipe, made with low fat (2%) milk",7.9,5.7,49.6,285.0,35.3,2.0,115.0,146.0,359.0,1.25,usda,3
174928,"Bread, crumbs, dry, grated, plain",13.35,5.3,71.98,395.0,6.51,4.5,165.0,196.0,732.0,6.2,usda,3
174929,"Bread, sticks, plain",12.0,9.5,68.4,412.0,6.1,3.0,121.0,124.0,713.0,1.26,usda,3
174930,"Bread, stuffing, dry mix",11.0,3.4,76.2,386.0,4.2,3.2,141.0,246.0,1405.0,8.27,usda,3
174931,"Bread, stuffing, dry mix, prepared",2.73,12.05,18.84,195.0,64.77,0.8,38.0,67.0,479.0,2.04,usda,0
174932,"Cake, pudding-type, carrot, dry mix",5.1,9.8,79.2,415.0,3.6,0.2,247.0,169.0,567.0,1.25,usda,3
174933,"Cake, cherry fudge with chocolate frosting",2.4,12.5,38.0,264.0,46.1,0.5,105.0,166.0,164.0,32.94,usda,3
174934,"Cake, chocolate, commercially prepared with chocolate frosting, in-store bakery",3.48,20.05,52.84,389.0,22.04,2.2,137.0,270.0,348.0,39.96,usda,3
174935,"Cake, pudding-type, chocolate, dry mix",4.6,8.14,80.16,391.0,3.9,2.3,286.0,337.0,866.0,39.53,usda,3
174936,"Cake, coffeecake, creme-filled with chocolate frosting",5.0,10.8,53.8,331.0,29.1,2.0,75.0,78.0,323.0,1.25,usda,3
174937,"Cake, coffeecake, fruit",5.2,10.2,51.5,311.0,31.7,2.5,118.0,90.0,385.0,1.25,usda,3
174938,"Cake, coffeecake, cinnamon with crumb topping, dry mix, prepared",5.5,9.6,52.8,318.0,30.5,1.2,215.0,112.0,421.0,29.53,usda,3
174939,"Cake, fruitcake, commercially prepared",2.9,9.1,61.6,324.0,25.3,3.7,52.0,153.0,101.0,27.42,usda,3
174940,"Cake, pound, commercially prepared, other than all butter, enriched",5.2,17.9,52.5,389.0,23.1,1.0,134.0,106.0,400.0,1.25,usda,3
174941,"Cake, shortcake, biscuit-type, prepared from recipe",6.1,14.2,48.5,346.0,28.4,0.2,143.0,106.0,506.0,1.25,usda,3
174942,"Cake, snack cakes, creme-filled, chocolate with frosting",3.63,15.93,60.31,399.0,18.57,3.2,87.0,176.0,332.0,37.76,usda,3
174943,"Cake, snack cakes, creme-filled, sponge",3.47,11.54,64.03,374.0,19.6,1.0,185.0,71.0,470.0,37.3,usda,3
174944,"Cake, yellow, commercially prepared, with chocolate frosting, in-store bakery",3.16,17.75,55.36,379.0,22.38,1.5,138.0,187.0,310.0,39.22,usda,3
174945,"Cake, yellow, commercially prepared, with vanilla frosting",2.99,17.91,56.2,391.0,22.1,0.3,143.0,53.0,269.0,41.79,usda,3
174946,"Cake, pudding-type, yellow, dry mix",4.0,9.8,80.0,423.0,4.0,0.7,253.0,63.0,860.0,44.21,usda,3
174947,"Cake, yellow, enriched, dry mix",3.7,3.5,81.92,374.0,7.18,1.2,310.0,47.0,728.0,43.29,usda,3
174948,"Cookies, brownies, dry mix, regular",4.0,14.9,76.6,434.0,2.8,0.2,82.0,219.0,303.0,1.25,usda,3
174949,"Cookies, brownies, prepared from recipe",6.2,29.1,50.2,466.0,12.6,0.2,132.0,176.0,343.0,1.25,usda,3
174950,"Cookies, butter, commercially prepared, enriched",6.1,18.8,68.9,467.0,4.6,0.8,102.0,111.0,282.0,20.24,usda,3
174951,"Cookies, fudge, cake-type (includes trolley cakes)",5.0,3.7,78.3,349.0,11.8,2.8,83.0,138.0,192.0,1.25,usda,3
174952,"Cookies, chocolate chip, dry mix",4.6,25.2,66.1,497.0,3.0,0.2,80.0,208.0,290.0,1.25,usda,3
174953,"Cookies, chocolate chip, refrigerated dough",3.98,21.33,61.02,451.0,12.08,1.5,69.0,180.0,321.0,38.04,usda,3
174954,"Cookies, chocolate chip, refrigerated dough, baked",4.9,22.6,68.2,492.0,3.0,1.7,76.0,200.0,232.0,1.25,usda,3
174955,"Cookies, chocolate chip, prepared from recipe, made with margarine",5.7,28.3,58.4,488.0,5.7,2.8,100.0,224.0,361.0,1.25,usda,3
174956,"Cookies, gingersnaps",5.6,9.8,76.9,416.0,5.3,2.2,83.0,346.0,555.0,19.92,usda,3
174957,"Cookies, graham crackers, plain or honey (includes cinnamon)",6.69,10.6,77.66,430.0,3.39,3.4,185.0,170.0,516.0,24.85,usda,3
174958,"Cookies, graham crackers, chocolate-coated",4.0,25.8,66.78,500.0,2.0,2.2,87.0,267.0,265.0,37.3,usda,3
174959,"Cookies, ladyfingers, with lemon juice and rind",10.6,9.1,59.7,365.0,19.5,1.0,173.0,113.0,147.0,25.39,usda,3
174960,"Cookies, oatmeal, dry mix",6.5,19.2,67.3,462.0,5.3,0.2,163.0,183.0,473.0,1.25,usda,3
174961,"Cookies, oatmeal, refrigerated dough",5.4,18.9,59.1,424.0,15.3,2.5,104.0,147.0,294.0,1.25,usda,3
174962,"Cookies, oatmeal, refrigerated dough, baked",6.0,21.0,65.7,471.0,5.8,2.8,116.0,163.0,327.0,1.25,usda,3
174963,"Cookies, oatmeal, with raisins",5.86,15.76,68.95,441.0,7.98,3.3,114.0,230.0,322.0,33.14,usda,3
174964,"Cookies, peanut butter, prepared from recipe",9.0,23.8,58.9,475.0,5.9,0.2,116.0,231.0,518.0,1.25,usda,3
174965,"Cookies, peanut butter sandwich, regular",8.8,21.1,65.6,478.0,2.8,1.9,188.0,192.0,368.0,35.44,usda,3
174966,"Cookies, raisin, soft-type",4.1,13.6,68.0,401.0,13.1,1.2,83.0,140.0,418.0,47.56,usda,3
174967,"Cookies, shortbread, commercially prepared, plain",5.37,26.22,63.78,514.0,3.6,1.3,66.0,88.0,353.0,21.65,usda,3
174968,"Cookies, shortbread, commercially prepared, pecan",4.9,32.5,58.3,542.0,3.3,1.8,85.0,73.0,281.0,1.25,usda,3
174969,"Cookies, peanut butter sandwich, special dietary",10.0,34.0,50.8,535.0,3.7,0.2,154.0,294.0,412.0,1.25,usda,3
174970,"Cookies, sugar wafer, with creme filling, sugar free",3.57,28.57,66.26,531.0,0.7,14.3,40.0,57.0,71.0,0.0,usda,3
174971,"Cookies, sugar, commercially prepared, regular (includes vanilla)",5.35,19.55,67.34,464.0,6.29,1.3,99.0,87.0,385.0,27.31,usda,3
174972,"Cookies, sugar, refrigerated dough",4.0,19.48,61.22,436.0,14.08,0.9,169.0,147.0,328.0,36.51,usda,3
174973,"Cookies, vanilla wafers, lower fat",5.0,15.2,73.6,441.0,5.1,1.9,104.0,97.0,388.0,37.5,usda,3
174974,"Cookies, vanilla wafers, higher fat",4.9,16.41,72.6,455.0,4.98,1.6,88.0,99.0,325.0,35.07,usda,3
174975,"Crackers, cheese, regular",10.93,22.74,59.42,489.0,3.55,2.3,200.0,156.0,973.0,4.53,usda,3
174976,"Crackers, cheese, sandwich-type with peanut butter filling",12.41,25.12,56.74,496.0,3.28,3.4,268.0,218.0,829.0,6.98,usda,3
174977,"Crackers, melba toast, plain",12.1,3.2,76.6,390.0,5.1,6.3,196.0,202.0,598.0,0.94,usda,3
174978,"Crackers, melba toast, rye (includes pumpernickel)",11.6,3.4,77.3,389.0,4.9,8.0,183.0,193.0,899.0,1.25,usda,3
174979,"Crackers, melba toast, wheat",12.9,2.3,76.4,374.0,5.5,7.4,165.0,148.0,837.0,1.25,usda,3
174980,"Crackers, milk",7.6,13.77,71.73,446.0,4.7,3.4,303.0,114.0,687.0,10.32,usda,3
174981,"Crackers, rusk toast",13.5,7.2,72.3,407.0,5.5,0.2,153.0,245.0,253.0,1.25,usda,3
174982,"Crackers, standard snack-type, regular",6.64,26.43,61.3,510.0,3.14,2.3,248.0,118.0,726.0,8.18,usda,3
174983,"Crackers, standard snack-type, sandwich, with cheese filling",9.3,21.1,61.7,477.0,3.9,1.9,406.0,429.0,978.0,3.18,usda,3
174984,"Crackers, standard snack-type, sandwich, with peanut butter filling",11.47,24.54,58.38,494.0,2.93,2.3,274.0,215.0,801.0,10.5,usda,3
174985,"Crackers, wheat, regular",7.3,16.4,70.73,455.0,2.75,6.9,302.0,283.0,699.0,15.48,usda,3
174986,"Cream puff shell, prepared from recipe",9.0,25.9,22.8,360.0,40.5,0.8,119.0,97.0,483.0,0.25,usda,3
174987,"Croissants, butter",8.2,21.0,45.8,406.0,23.2,2.6,105.0,118.0,384.0,11.26,usda,3
174988,"Croissants, apple",7.4,8.7,37.1,254.0,45.6,2.5,58.0,90.0,274.0,1.25,usda,3
174989,"Croissants, cheese",9.2,20.9,47.0,414.0,21.0,2.6,130.0,132.0,361.0,11.35,usda,3
174990,"Doughnuts, cake-type, plain (includes unsugared, old-fashioned)",5.31,24.93,47.06,434.0,20.82,1.7,260.0,134.0,477.0,18.15,usda,3
174991,"Doughnuts, cake-type, plain, chocolate-coated or frosted",4.93,25.25,51.33,452.0,16.76,1.9,210.0,201.0,326.0,26.65,usda,3
174992,"Doughnuts, cake-type, plain, sugared or glazed",5.2,22.9,50.8,426.0,19.6,1.5,117.0,102.0,402.0,1.25,usda,3
174993,"Doughnuts, cake-type, chocolate, sugared or glazed",4.5,19.9,57.4,417.0,16.3,2.2,162.0,106.0,215.0,31.92,usda,3
174994,"Muffins, English, plain, enriched, with ca prop (includes sourdough)",8.87,1.69,44.17,227.0,43.56,3.5,92.0,109.0,425.0,3.53,usda,3
174995,"Muffins, English, plain, toasted, enriched, with calcium propionate (includes sourdough)",10.32,2.02,52.65,270.0,32.97,2.8,107.0,129.0,477.0,3.47,usda,3
174996,"Muffins, English, mixed-grain (includes granola)",9.1,1.8,46.3,235.0,40.2,2.8,81.0,156.0,298.0,0.81,usda,3
174997,"Muffins, English, raisin-cinnamon (includes apple-cinnamon)",7.91,1.8,48.1,240.0,40.6,2.6,91.0,173.0,299.0,14.76,usda,3
174998,"French toast, prepared from recipe, made with low fat (2%) milk",7.7,10.8,25.0,229.0,54.7,0.2,117.0,134.0,479.0,1.25,usda,1
174999,"Hush puppies, prepared from recipe",7.7,13.5,46.0,337.0,29.0,2.8,189.0,144.0,668.0,2.03,usda,3
175000,"Ice cream cones, cake or wafer-type",8.1,6.9,79.0,417.0,5.3,3.0,97.0,112.0,256.0,6.0,usda,3
175001,"Ice cream cones, sugar, rolled-type",7.9,3.8,84.1,402.0,3.0,1.7,103.0,145.0,298.0,25.66,usda,3
175002,"Muffins, corn, commercially prepared",5.9,8.4,51.0,305.0,32.6,3.4,284.0,69.0,385.0,17.78,usda,3
175003,"Muffins, corn, dry mix, prepared",7.4,10.2,49.1,321.0,30.5,2.4,384.0,131.0,795.0,1.25,usda,3
175004,"Muffins, corn, toaster-type",5.3,11.3,57.9,346.0,23.6,1.6,151.0,92.0,430.0,1.25,usda,3
175005,"Muffins, corn, prepared from recipe, made with low fat (2%) milk",7.1,12.3,44.2,316.0,33.0,0.2,177.0,145.0,585.0,1.25,usda,3
175006,"Pancakes, plain, dry mix, complete, prepared",5.2,2.5,36.7,194.0,53.0,1.3,334.0,175.0,628.0,1.25,usda,3
175007,"Pancakes, plain, dry mix, incomplete (includes buttermilk)",10.0,1.7,73.6,355.0,9.1,5.4,627.0,191.0,1148.0,2.21,usda,3
175008,"Pancakes, plain, dry mix, incomplete, prepared",7.8,7.7,28.9,218.0,52.9,1.9,313.0,199.0,505.0,1.25,usda,3
175009,"Pancakes, plain, prepared from recipe",6.4,9.7,28.3,227.0,52.9,0.2,159.0,132.0,439.0,1.25,usda,1
175010,"Pancakes, whole-wheat, dry mix, incomplete, prepared",8.5,6.5,29.4,208.0,52.8,2.8,373.0,279.0,572.0,1.25,usda,3
175011,"Pie, apple, commercially prepared, enriched flour",1.9,11.0,34.0,237.0,52.2,1.6,24.0,65.0,201.0,15.65,usda,3
175012,"Pie, apple, prepared from recipe",2.4,12.5,37.1,265.0,47.3,0.2,28.0,79.0,211.0,1.25,usda,3
175013,"Pie, banana cream, prepared from mix, no-bake type",3.4,12.9,31.6,251.0,50.9,0.6,167.0,113.0,290.0,1.25,usda,3
175014,"Pie, chocolate creme, commercially prepared",4.15,22.41,38.44,353.0,33.92,0.8,79.0,161.0,266.0,27.39,usda,3
175015,"Pie, chocolate mousse, prepared from mix, no-bake type",3.5,15.4,29.6,260.0,49.7,0.2,231.0,285.0,460.0,1.25,usda,3
175016,"Pie, coconut creme, commercially prepared",2.1,16.6,37.3,298.0,43.2,1.3,85.0,65.0,204.0,18.52,usda,3
175017,"Pie, coconut cream, prepared from mix, no-bake type",2.8,17.6,28.5,276.0,49.7,0.5,169.0,141.0,329.0,1.25,usda,3
175018,"Pie, lemon meringue, prepared from recipe",3.8,12.9,39.1,285.0,43.3,0.2,42.0,65.0,242.0,1.25,usda,3
175019,"Pie, mince, prepared from recipe",2.6,10.8,48.0,289.0,37.4,2.6,42.0,203.0,254.0,28.31,usda,3
175020,"Pie, peach",1.9,10.0,32.9,224.0,54.4,0.8,22.0,125.0,217.0,16.23,usda,3
175021,"Pie, pecan, commercially prepared",4.5,16.69,59.61,407.0,18.25,2.1,83.0,99.0,275.0,25.18,usda,3
175022,"Pie crust, standard-type, dry mix",6.9,31.4,52.1,518.0,7.6,0.2,86.0,64.0,753.0,1.25,usda,3
175023,"Pie crust, standard-type, dry mix, prepared, baked",6.7,30.4,50.4,501.0,10.6,1.8,84.0,62.0,729.0,1.25,usda,3
175024,"Pie crust, standard-type, frozen, ready-to-bake, enriched",6.16,26.07,48.62,457.0,17.82,2.5,72.0,97.0,409.0,3.72,usda,3
175025,"Pie crust, standard-type, frozen, ready-to-bake, enriched, baked",6.5,28.59,56.24,508.0,7.18,3.3,82.0,114.0,467.0,4.23,usda,3
175026,"Pie crust, standard-type, prepared from recipe, baked",6.4,34.6,47.5,527.0,9.8,1.7,67.0,67.0,542.0,0.17,usda,3
175027,"Rolls, dinner, egg",9.5,6.4,52.0,307.0,30.4,3.7,101.0,104.0,566.0,4.3,usda,3
175028,"Rolls, dinner, oat bran",9.5,4.6,40.2,236.0,44.0,4.1,115.0,121.0,413.0,6.67,usda,3
175029,"Rolls, dinner, rye",10.3,3.4,53.1,286.0,30.1,4.9,159.0,180.0,650.0,1.17,usda,3
175030,"Rolls, dinner, wheat",8.6,6.3,46.0,273.0,37.0,3.8,104.0,115.0,524.0,1.63,usda,3
175031,"Rolls, hard (includes kaiser)",9.9,4.3,52.7,293.0,31.0,2.3,100.0,108.0,544.0,1.77,usda,3
175032,"Strudel, apple",3.3,11.2,41.1,274.0,43.5,2.2,33.0,149.0,135.0,25.75,usda,3
175033,"Sweet rolls, cheese",7.1,18.3,43.7,360.0,29.4,1.2,98.0,137.0,357.0,1.25,usda,3
175034,"Sweet rolls, cinnamon, commercially prepared with raisins",6.2,16.4,50.9,372.0,24.8,2.4,76.0,111.0,304.0,31.73,usda,3
175035,"Toaster pastries, fruit (includes apple, blueberry, cherry, strawberry)",4.2,9.95,70.32,388.0,14.33,1.0,87.0,102.0,334.0,26.13,usda,3
175036,"Tortillas, ready-to-bake or -fry, corn",5.7,2.85,44.64,218.0,45.89,6.3,314.0,186.0,45.0,0.88,usda,3
175037,"Tortillas, ready-to-bake or -fry, flour, refrigerated",8.2,7.99,49.38,306.0,31.98,3.5,206.0,125.0,736.0,3.71,usda,3
175038,"Waffles, plain, frozen, ready-to-heat",6.47,9.7,42.98,285.0,37.95,2.2,361.0,125.0,638.0,4.91,usda,3
175039,"Waffles, plain, prepared from recipe",7.9,14.1,32.9,291.0,42.0,0.2,190.0,159.0,511.0,1.25,usda,3
175040,"Leavening agents, baking soda",0.0,0.0,0.0,0.0,0.2,0.0,0.0,0.0,27360.0,0.0,usda,0
175041,"Leavening agents, cream of tartar",0.0,0.0,61.5,258.0,1.7,0.2,5.0,16500.0,52.0,0.0,usda,3
175042,"Leavening agents, yeast, baker's, compressed",8.4,1.9,18.1,105.0,69.0,8.1,336.0,601.0,30.0,0.0,usda,3
175043,"Leavening agents, yeast, baker's, active dry",40.44,7.61,41.22,325.0,5.08,26.9,637.0,955.0,51.0,0.0,usda,3
175044,"Bread, rice bran, toasted",9.7,5.0,47.3,264.0,35.9,5.3,174.0,212.0,292.0,5.08,usda,3
175045,"Muffins, blueberry, toaster-type, toasted",4.9,10.1,56.7,333.0,26.4,1.9,192.0,88.0,444.0,12.95,usda,3
175046,"Muffins, wheat bran, toaster-type with raisins, toasted",5.5,9.4,55.5,313.0,27.0,8.2,284.0,177.0,527.0,23.07,usda,3
175047,"Pancakes, buttermilk, prepared from recipe",6.8,9.3,28.7,227.0,52.5,0.2,139.0,145.0,522.0,1.25,usda,1
175048,"Waffles, plain, frozen, ready -to-heat, toasted",7.19,9.61,49.29,312.0,30.59,2.4,429.0,144.0,467.0,5.02,usda,3
175049,"Bagels, plain, enriched, without calcium propionate (includes onion, poppy, sesame)",10.5,1.6,53.4,275.0,32.6,2.3,96.0,101.0,534.0,1.25,usda,3
175050,"Bagels, plain, unenriched, with calcium propionate (includes onion, poppy, sesame)",10.5,1.6,53.4,275.0,32.6,2.3,96.0,101.0,534.0,1.25,usda,3
175051,"Bagels, plain, unenriched, without calcium propionate(includes onion, poppy, sesame)",10.5,1.6,53.4,275.0,32.6,2.3,96.0,101.0,534.0,1.25,usda,3
175052,"Cake, coffeecake, cinnamon with crumb topping, commercially prepared, unenriched",6.8,23.3,46.7,418.0,21.9,2.0,108.0,123.0,351.0,1.25,usda,3
175053,"Cake, pound, commercially prepared, other than all butter, unenriched",5.2,17.9,52.5,389.0,23.1,1.0,134.0,106.0,400.0,1.25,usda,3
175054,"Cake, pudding-type, white, unenriched, dry mix",3.9,9.5,81.0,423.0,3.5,0.7,277.0,72.0,665.0,1.25,usda,3
175055,"Cake, yellow, unenriched, dry mix",4.4,11.6,78.1,432.0,3.7,1.1,310.0,82.0,657.0,1.25,usda,3
175056,"Crackers, saltines, low salt (includes oyster, soda, soup)",9.5,8.85,74.34,421.0,4.03,2.9,111.0,724.0,198.0,2.22,usda,3
175057,"Crackers, saltines, unsalted tops (includes oyster, soda, soup)",9.2,11.8,71.5,434.0,4.1,3.0,105.0,128.0,766.0,1.25,usda,3
175058,"Crackers, standard snack-type, regular, low salt",7.4,25.3,61.0,502.0,3.5,1.6,228.0,355.0,216.0,1.79,usda,3
175059,"Crackers, wheat, low salt",8.6,20.6,64.9,473.0,3.1,4.5,220.0,203.0,190.0,13.04,usda,3
175060,"Crackers, cheese, low sodium",10.1,25.3,58.2,503.0,3.1,2.4,218.0,106.0,458.0,0.28,usda,3
175061,"Danish pastry, raspberry, unenriched",5.4,18.5,47.8,371.0,27.1,1.9,89.0,83.0,354.0,1.25,usda,3
175062,"Doughnuts, yeast-leavened, glazed, unenriched (includes honey buns)",6.4,22.8,44.3,403.0,25.4,1.2,93.0,108.0,342.0,1.25,usda,3
175063,"English muffins, plain, enriched, without calcium propionate(includes sourdough)",7.7,1.8,46.0,235.0,42.1,2.7,133.0,131.0,464.0,1.25,usda,3
175064,"Pie, fried pies, lemon",3.0,16.1,42.6,316.0,37.6,2.6,43.0,65.0,374.0,1.25,usda,3
175065,"Pie crust, standard-type, frozen, ready-to-bake, unenriched",3.9,29.2,44.1,457.0,21.0,0.9,53.0,98.0,576.0,1.25,usda,3
175066,"Popovers, dry mix, unenriched",10.4,4.3,71.0,371.0,11.7,0.2,100.0,100.0,906.0,1.25,usda,3
175067,"Taco shells, baked, without added salt",7.2,22.6,62.4,468.0,6.0,7.5,248.0,179.0,15.0,1.25,usda,3
175068,"Crackers, saltines, fat-free, low-sodium",10.5,1.6,82.3,393.0,3.4,2.7,113.0,115.0,849.0,0.38,usda,3
175069,"Tart, breakfast, low fat",3.99,5.99,76.8,372.0,12.04,1.5,93.0,66.0,361.0,4.87,usda,3
175079,"Kraft, Stove Top Stuffing Mix Chicken Flavor",12.6,4.1,73.1,381.0,5.3,2.5,129.0,267.0,1532.0,10.1,usda,3
175083,"Nabisco, Nabisco Grahams Crackers",6.99,10.0,76.2,424.0,3.6,3.4,202.0,177.0,659.0,23.0,usda,3
175084,"Nabisco, Nabisco Oreo Crunchies, Cookie Crumb Topping",4.78,21.5,70.23,476.0,1.57,3.2,103.0,194.0,528.0,36.0,usda,3
175085,"Game meat, deer, cooked, roasted",30.21,3.19,0.0,158.0,65.23,0.0,226.0,335.0,54.0,1.25,usda,1
175086,"Game meat, horse, raw",21.39,4.6,0.0,133.0,72.63,0.0,221.0,360.0,53.0,1.25,usda,1
175087,"Game meat, horse, cooked, roasted",28.14,6.05,0.0,175.0,63.98,0.0,247.0,379.0,55.0,1.25,usda,1
175088,"Beverages, tea, instant, lemon, unsweetened",7.4,0.18,78.52,345.0,4.3,5.0,107.0,3453.0,55.0,4.52,usda,3
175089,"Beverages, tea, instant, lemon, sweetened, powder",0.12,0.73,98.55,401.0,0.13,0.7,2.0,169.0,5.0,95.29,usda,3
175090,"Beverages, tea, instant, lemon, sweetened, prepared with water",0.01,0.06,8.61,35.0,91.18,0.1,0.0,15.0,2.0,8.33,usda,0
175091,"Beverages, tea, instant, sweetened with sodium saccharin, lemon-flavored, powder",3.3,0.6,85.4,338.0,3.5,0.0,140.0,2568.0,412.0,1.88,usda,3
175092,"Beverages, cocoa mix, with aspartame, powder, prepared with water",1.21,0.23,5.61,29.0,92.38,0.6,70.0,211.0,72.0,2.93,usda,0
175093,"Beverages, carbonated, cola, fast-food cola",0.07,0.02,9.56,37.0,90.31,0.0,10.0,2.0,4.0,8.97,usda,0
175094,"Beverages, fruit punch juice drink, frozen concentrate",0.3,0.7,43.1,175.0,55.5,0.2,12.0,270.0,10.0,1.25,usda,0
175095,"Beverages, fruit punch juice drink, frozen concentrate, prepared with water",0.07,0.17,11.4,42.0,88.16,0.0,3.0,66.0,5.0,11.4,usda,0
175096,"Beverages, water, tap, well",0.0,0.0,0.0,0.0,99.9,0.0,0.0,0.0,5.0,1.25,usda,0
175097,"Alcoholic beverage, liqueur, coffee, 53 proof",0.1,0.3,46.8,336.0,31.0,0.0,6.0,30.0,8.0,38.3,usda,0
175098,"Alcoholic beverage, liqueur, coffee with cream, 34 proof",2.8,15.7,20.9,327.0,46.5,0.0,50.0,32.0,92.0,19.76,usda,3
175099,"Beverages, carbonated, low calorie, cola or pepper-type, with aspartame, contains caffeine",0.11,0.03,0.29,2.0,99.54,0.0,9.0,8.0,8.0,0.0,usda,0
175100,"Beverages, Orange drink, breakfast type, with juice and pulp, frozen concentrate",0.4,0.0,39.0,153.0,59.2,0.1,115.0,465.0,26.0,38.05,usda,0
175101,"Beverages, Orange drink, breakfast type, with juice and pulp, frozen concentrate, prepared with water",0.12,0.0,11.32,45.0,88.08,0.0,33.0,167.0,10.0,11.05,usda,0
175102,"Beverages, shake, fast food, strawberry",3.4,2.8,18.9,113.0,74.1,0.4,100.0,182.0,83.0,1.25,usda,0
175103,"Beverages, water, tap, municipal",0.0,0.0,0.0,0.0,99.9,0.0,0.0,1.0,3.0,0.0,usda,0
175104,"Beverages, The COCA-COLA company, DASANI, water, bottled, non-carbonated",0.0,0.0,0.0,0.0,99.96,0.2,0.0,0.0,0.0,1.25,usda,0
175105,"Beverages, orange breakfast drink, ready-to-drink, with added nutrients",0.0,0.0,13.2,53.0,85.4,0.1,7.0,83.0,54.0,8.02,usda,0
175108,"Beverages, COCA-COLA, POWERADE, lemon-lime flavored, ready-to-drink",0.0,0.05,7.84,32.0,91.91,0.0,1.0,18.0,42.0,6.11,usda,0
175109,"Beverages, Propel Zero, fruit-flavored, non-carbonated",0.0,0.0,1.14,5.0,98.78,0.0,25.0,16.0,33.0,0.0,usda,0
175110,"Beverages, ARIZONA, tea, ready-to-drink, lemon",0.0,0.0,9.77,39.0,90.15,0.0,1.0,10.0,4.0,9.63,usda,0
175111,"Beverages, LIPTON BRISK, tea, black, ready-to-drink, lemon",0.0,0.0,8.81,35.0,91.06,0.0,26.0,19.0,21.0,8.69,usda,0
175112,"Alcoholic beverage, wine, dessert, dry",0.2,0.0,11.67,152.0,72.53,0.0,9.0,92.0,9.0,1.09,usda,0
175113,"Carbonated beverage, low calorie, other than cola or pepper, with sodium saccharin, without caffeine",0.0,0.0,0.1,0.0,99.8,0.0,0.0,2.0,16.0,1.25,usda,0
175114,"Beverages, Cocoa mix, low calorie, powder, with added calcium, phosphorus, aspartame, without added sodium or vitamin A",25.1,3.0,58.0,359.0,3.4,1.1,1630.0,2702.0,653.0,55.58,usda,3
175115,"Beverages, fruit punch-flavor drink, powder, without added sodium, prepared with water",0.0,0.01,9.47,37.0,90.35,0.0,0.0,1.0,7.0,9.23,usda,0
175116,"Fish, herring, Atlantic, raw",17.96,9.04,0.0,158.0,72.05,0.0,236.0,327.0,90.0,0.0,usda,1
175117,"Fish, herring, Atlantic, cooked, dry heat",23.03,11.59,0.0,203.0,64.16,0.0,303.0,419.0,115.0,0.0,usda,1
175118,"Fish, herring, Atlantic, pickled",14.19,18.0,9.64,262.0,55.22,0.0,89.0,69.0,870.0,7.71,usda,1
175119,"Fish, mackerel, Atlantic, raw",18.6,13.89,0.0,205.0,63.55,0.0,217.0,314.0,90.0,0.0,usda,1
175120,"Fish, mackerel, Atlantic, cooked, dry heat",23.85,17.81,0.0,262.0,53.27,0.0,278.0,401.0,83.0,1.25,usda,1
175121,"Fish, mackerel, jack, canned, drained solids",23.19,6.3,0.0,156.0,69.17,0.0,301.0,194.0,379.0,0.0,usda,1
175122,"Fish, mackerel, king, raw",20.28,2.0,0.0,105.0,75.85,0.0,248.0,435.0,158.0,1.25,usda,1
175123,"Fish, mullet, striped, raw",19.35,3.79,0.0,117.0,77.01,0.0,221.0,357.0,65.0,0.0,usda,1
175124,"Fish, mullet, striped, cooked, dry heat",24.81,4.86,0.0,150.0,70.52,0.0,244.0,458.0,71.0,1.25,usda,1
175125,"Fish, ocean perch, Atlantic, raw",15.31,1.54,0.0,79.0,83.07,0.0,248.0,187.0,287.0,0.0,usda,1
175126,"Fish, ocean perch, Atlantic, cooked, dry heat",18.51,1.87,0.0,96.0,74.24,0.0,300.0,226.0,347.0,0.0,usda,1
175127,"Fish, pike, northern, cooked, dry heat",24.69,0.88,0.0,113.0,72.97,0.0,282.0,331.0,49.0,1.25,usda,1
175128,"Fish, pike, walleye, raw",19.14,1.22,0.0,93.0,79.31,0.0,210.0,389.0,51.0,1.25,usda,1
175129,"Fish, pollock, Atlantic, raw",19.44,0.98,0.0,92.0,78.18,0.0,221.0,356.0,86.0,0.0,usda,1
175130,"Fish, pollock, Alaska, raw (may contain additives to retain moisture)",12.19,0.41,0.0,56.0,86.75,0.0,284.0,160.0,333.0,0.0,usda,1
175131,"Fish, rockfish, Pacific, mixed species, cooked, dry heat",22.23,1.62,0.0,109.0,74.67,0.0,248.0,467.0,89.0,0.0,usda,1
175132,"Fish, roe, mixed species, raw",22.32,6.42,1.5,143.0,67.73,0.0,402.0,221.0,91.0,0.0,usda,1
175133,"Fish, roughy, orange, raw",16.41,0.7,0.0,76.0,75.67,0.0,107.0,167.0,72.0,0.0,usda,1
175134,"Fish, sablefish, raw",13.41,15.3,0.0,195.0,71.02,0.0,168.0,358.0,56.0,1.25,usda,1
175135,"Fish, salmon, chum, canned, drained solids with bone",21.43,5.5,0.0,141.0,70.77,0.0,354.0,300.0,391.0,0.0,usda,1
175136,"Fish, salmon, coho, wild, raw",21.62,5.93,0.0,146.0,72.66,0.0,262.0,423.0,46.0,0.0,usda,1
175137,"Fish, salmon, coho, wild, cooked, moist heat",27.36,7.5,0.0,184.0,65.39,0.0,298.0,455.0,53.0,1.25,usda,1
175138,"Fish, salmon, pink, raw",20.5,4.4,0.0,127.0,75.52,0.0,261.0,366.0,75.0,0.0,usda,1
175139,"Fish, sardine, Atlantic, canned in oil, drained solids with bone",24.62,11.45,0.0,208.0,59.61,0.0,490.0,397.0,307.0,0.0,usda,1
175140,"Fish, sardine, Pacific, canned in tomato sauce, drained solids with bone",20.86,10.45,0.54,185.0,66.86,0.1,366.0,341.0,414.0,0.43,usda,1
175141,"Fish, scup, raw",18.88,2.73,0.0,105.0,75.37,0.0,185.0,287.0,42.0,0.0,usda,1
175142,"Fish, sea bass, mixed species, raw",18.43,2.0,0.0,97.0,78.27,0.0,194.0,256.0,68.0,0.0,usda,1
175143,"Fish, shark, mixed species, cooked, batter-dipped and fried",18.62,13.82,6.39,228.0,60.09,0.0,194.0,155.0,122.0,1.25,usda,1
175144,"Fish, sheepshead, raw",20.21,2.41,0.0,108.0,77.97,0.0,313.0,404.0,71.0,1.25,usda,1
175145,"Fish, sheepshead, cooked, dry heat",26.02,1.63,0.0,126.0,69.04,0.0,350.0,512.0,73.0,1.25,usda,1
175146,"Fish, smelt, rainbow, raw",17.63,2.42,0.0,97.0,78.77,0.0,230.0,290.0,60.0,0.0,usda,1
175147,"Fish, smelt, rainbow, cooked, dry heat",22.6,3.1,0.0,124.0,72.79,0.0,295.0,372.0,77.0,1.25,usda,1
175148,"Fish, sturgeon, mixed species, cooked, dry heat",20.7,5.18,0.0,135.0,69.94,0.0,271.0,364.0,69.0,0.0,usda,1
175149,"Fish, sturgeon, mixed species, smoked",31.2,4.4,0.0,173.0,62.5,0.0,281.0,379.0,739.0,0.0,usda,1
175150,"Fish, sucker, white, raw",16.76,2.32,0.0,92.0,79.71,0.0,210.0,380.0,40.0,1.25,usda,1
175151,"Fish, sunfish, pumpkin seed, raw",19.4,0.7,0.0,89.0,79.5,0.0,180.0,350.0,80.0,1.25,usda,1
175152,"Fish, tilefish, cooked, dry heat",24.49,4.69,0.0,147.0,70.24,0.0,236.0,512.0,59.0,1.25,usda,1
175153,"Fish, trout, mixed species, raw",20.77,6.61,0.0,148.0,71.42,0.0,245.0,361.0,52.0,0.0,usda,1
175154,"Fish, trout, rainbow, wild, raw",20.48,3.46,0.0,119.0,71.87,0.0,271.0,481.0,31.0,1.25,usda,1
175155,"Fish, trout, rainbow, wild, cooked, dry heat",22.92,5.82,0.0,150.0,70.5,0.0,269.0,448.0,56.0,1.25,usda,1
175156,"Fish, tuna, fresh, skipjack, raw",22.0,1.01,0.0,103.0,70.58,0.0,222.0,407.0,37.0,1.25,usda,1
175157,"Fish, tuna, white, canned in oil, drained solids",26.53,8.08,0.0,186.0,64.02,0.0,267.0,333.0,396.0,0.0,usda,1
175158,"Fish, tuna, white, canned in water, drained solids",23.62,2.97,0.0,128.0,73.19,0.0,217.0,237.0,377.0,0.0,usda,1
175159,"Fish, tuna, fresh, yellowfin, raw",24.4,0.49,0.0,109.0,74.03,0.0,278.0,441.0,45.0,0.0,usda,1
175160,"Fish, tuna salad",16.04,9.26,9.41,187.0,63.16,0.0,178.0,178.0,402.0,1.25,usda,1
175161,"Fish, whiting, mixed species, cooked, dry heat",23.48,1.69,0.0,116.0,74.71,0.0,285.0,434.0,132.0,0.0,usda,1
175162,"Fish, wolffish, Atlantic, raw",17.5,2.39,0.0,96.0,79.9,0.0,200.0,300.0,85.0,1.25,usda,1
175163,"Fish, yellowtail, mixed species, raw",23.14,5.24,0.0,146.0,74.52,0.0,157.0,420.0,39.0,1.25,usda,1
175164,"Crustaceans, crab, alaska king, raw",18.29,0.6,0.0,84.0,79.57,0.0,219.0,204.0,836.0,1.25,usda,1
175165,"Fish, catfish, channel, farmed, raw",15.23,5.94,0.0,119.0,79.06,0.0,204.0,302.0,98.0,0.0,usda,1
175166,"Fish, catfish, channel, farmed, cooked, dry heat",18.44,7.19,0.0,144.0,74.65,0.0,247.0,366.0,119.0,0.0,usda,1
175167,"Fish, salmon, Atlantic, farmed, raw",20.42,13.42,0.0,208.0,64.89,0.0,240.0,363.0,59.0,0.0,usda,1
175168,"Fish, salmon, Atlantic, farmed, cooked, dry heat",22.1,12.35,0.0,206.0,64.75,0.0,252.0,384.0,61.0,0.0,usda,1
175169,"Crustaceans, crayfish, mixed species, farmed, raw",14.85,0.97,0.0,72.0,84.05,0.0,218.0,261.0,62.0,1.25,usda,1
175170,"Crustaceans, crayfish, mixed species, farmed, cooked, moist heat",17.52,1.3,0.0,87.0,80.8,0.0,241.0,238.0,97.0,1.25,usda,1
175171,"Mollusks, oyster, eastern, wild, cooked, dry heat",8.87,2.65,4.23,79.0,82.98,0.0,150.0,242.0,132.0,0.96,usda,1
175172,"Mollusks, oyster, eastern, farmed, raw",5.22,1.55,5.53,59.0,86.2,0.0,93.0,124.0,178.0,1.25,usda,0
175173,"Mollusks, oyster, eastern, farmed, cooked, dry heat",7.0,2.12,7.28,79.0,81.95,0.0,115.0,152.0,163.0,1.25,usda,1
175174,"Salmon, sockeye, canned, total can contents",20.63,7.17,0.0,153.0,71.07,0.0,321.0,329.0,433.0,0.0,usda,1
175175,"Fish, salmon, pink, canned, drained solids",23.1,5.02,0.0,138.0,70.71,0.0,379.0,333.0,381.0,0.0,usda,1
175176,"Fish, tilapia, raw",20.08,1.7,0.0,96.0,78.08,0.0,170.0,302.0,52.0,0.0,usda,1
175177,"Fish, tilapia, cooked, dry heat",26.15,2.65,0.0,128.0,71.59,0.0,204.0,380.0,56.0,0.0,usda,1
175178,"Fish, cod, Pacific, cooked",20.42,0.25,0.0,84.0,78.37,0.2,205.0,372.0,134.0,1.25,usda,1
175179,"Crustaceans, shrimp, raw",20.1,0.51,0.0,85.0,78.45,0.2,214.0,264.0,119.0,1.25,usda,1
175180,"Crustaceans, shrimp, cooked",23.98,0.28,0.2,99.0,74.33,0.2,237.0,259.0,111.0,1.25,usda,1
175181,"Fish, trout, brook, raw, New York State",21.23,2.73,0.0,110.0,75.67,0.2,246.0,417.0,45.0,1.25,usda,1
175182,"Beans, baked, canned, plain or vegetarian",4.75,0.37,21.14,94.0,72.0,4.1,74.0,224.0,343.0,7.96,usda,0
175183,"Beans, baked, canned, with beef",6.38,3.45,16.91,121.0,71.33,0.2,81.0,320.0,475.0,1.25,usda,1
175184,"Beans, baked, canned, with franks",6.75,6.57,15.39,142.0,69.34,6.9,104.0,235.0,430.0,6.53,usda,3
175185,"Beans, baked, canned, with pork",5.19,1.55,19.99,106.0,71.46,5.5,108.0,309.0,414.0,1.25,usda,3
175186,"Beans, black turtle, mature seeds, raw",21.25,0.9,63.25,339.0,11.0,15.5,440.0,1500.0,9.0,2.12,usda,3
175187,"Beans, black turtle, mature seeds, cooked, boiled, without salt",8.18,0.35,24.35,130.0,65.74,8.3,152.0,433.0,3.0,0.32,usda,0
175188,"Beans, black turtle, mature seeds, canned",6.03,0.29,16.55,91.0,75.64,6.9,108.0,308.0,384.0,0.23,usda,0
175189,"Beans, cranberry (roman), mature seeds, raw",23.03,1.23,60.05,335.0,12.39,24.7,372.0,1332.0,6.0,1.25,usda,3
175190,"Beans, great northern, mature seeds, raw (Includes foods for USDA's Food Distribution Program)",21.86,1.14,62.37,339.0,10.7,20.2,447.0,1387.0,14.0,2.26,usda,3
175191,"Beans, great northern, mature seeds, cooked, boiled, without salt",8.33,0.45,21.09,118.0,69.0,7.0,165.0,391.0,2.0,1.25,usda,0
175192,"Beans, great northern, mature seeds, canned",7.37,0.39,21.02,114.0,69.89,4.9,136.0,351.0,370.0,1.41,usda,3
175193,"Beans, kidney, all types, mature seeds, raw",23.58,0.83,60.01,333.0,11.75,24.9,407.0,1406.0,24.0,2.23,usda,3
175194,"Beans, kidney, red, mature seeds, cooked, boiled, without salt",8.67,0.5,22.8,127.0,66.94,7.4,142.0,403.0,2.0,0.32,usda,0
175195,"Beans, kidney, red, mature seeds, canned, solids and liquids",5.22,0.36,14.83,81.0,77.96,4.3,106.0,260.0,256.0,1.85,usda,0
175196,"Beans, kidney, royal red, mature seeds, raw",25.33,0.45,58.33,329.0,11.9,24.9,406.0,1346.0,13.0,1.25,usda,3
175197,"Beans, kidney, royal red, mature seeds, cooked, boiled, without salt",9.49,0.17,21.85,123.0,66.99,9.3,142.0,378.0,5.0,1.25,usda,0
175198,"Beans, pink, mature seeds, cooked, boiled, without salt",9.06,0.49,27.91,149.0,61.2,5.3,165.0,508.0,2.0,0.36,usda,0
175199,"Beans, pinto, mature seeds, raw (Includes foods for USDA's Food Distribution Program)",21.42,1.23,62.55,347.0,11.33,15.5,411.0,1393.0,12.0,2.11,usda,3
175200,"Beans, pinto, mature seeds, cooked, boiled, without salt",9.01,0.65,26.22,143.0,62.95,9.0,147.0,436.0,1.0,0.34,usda,0
175201,"Beans, pinto, mature seeds, canned, solids and liquids",4.6,0.56,15.18,82.0,78.19,4.6,92.0,276.0,268.0,1.02,usda,0
175202,"Beans, white, mature seeds, raw",23.36,0.85,60.27,333.0,11.32,15.2,301.0,1795.0,16.0,2.11,usda,3
175203,"Beans, white, mature seeds, cooked, boiled, without salt",9.73,0.35,25.09,139.0,63.08,6.3,113.0,561.0,6.0,0.34,usda,0
175204,"Beans, white, mature seeds, canned",7.26,0.29,21.2,114.0,70.1,4.8,91.0,454.0,340.0,0.29,usda,0
175205,"Broadbeans (fava beans), mature seeds, raw",26.12,1.53,58.29,341.0,10.98,25.0,421.0,1062.0,13.0,5.7,usda,3
175206,"Chickpeas (garbanzo beans, bengal gram), mature seeds, canned, solids and liquids",4.92,1.95,13.49,88.0,78.55,4.4,80.0,144.0,278.0,1.25,usda,0
175207,"Chili with beans, canned",6.12,3.76,13.24,103.0,75.51,3.3,154.0,365.0,423.0,1.65,usda,3
175208,"Cowpeas, catjang, mature seeds, raw",23.85,2.07,59.64,343.0,11.05,10.7,438.0,1375.0,58.0,1.25,usda,3
175209,"Cowpeas, catjang, mature seeds, cooked, boiled, without salt",8.13,0.71,20.32,117.0,69.7,3.6,142.0,375.0,19.0,1.25,usda,0
175210,"Hyacinth beans, mature seeds, raw",23.9,1.69,60.74,344.0,9.38,25.6,372.0,1235.0,21.0,1.25,usda,3
175211,"Hyacinth beans, mature seeds, cooked, boiled, without salt",8.14,0.58,20.69,117.0,69.13,0.2,120.0,337.0,7.0,1.25,usda,0
175215,"Soymilk (all flavors), unsweetened, with added calcium, vitamins A and D",2.86,1.61,1.74,33.0,93.14,0.5,32.0,120.0,37.0,0.41,usda,0
175216,"Soymilk (all flavors), nonfat, with added calcium, vitamins A and D",2.47,0.04,4.14,28.0,92.67,0.2,87.0,105.0,57.0,3.65,usda,0
175217,"Soymilk, chocolate, nonfat, with added calcium, vitamins A and D",2.47,0.04,8.51,44.0,88.38,0.2,87.0,105.0,57.0,3.65,usda,0
175237,"Beans, black, mature seeds, cooked, boiled, with salt",8.86,0.54,23.71,132.0,65.74,8.7,140.0,355.0,237.0,0.32,usda,3
175238,"Beans, black, mature seeds, canned, low sodium",6.03,0.29,16.55,91.0,75.64,6.9,108.0,308.0,138.0,0.23,usda,0
175239,"Beans, black turtle, mature seeds, cooked, boiled, with salt",8.18,0.35,24.35,130.0,65.74,8.3,152.0,433.0,239.0,0.32,usda,3
175240,"Beans, cranberry (roman), mature seeds, cooked, boiled, with salt",9.34,0.46,24.46,136.0,64.65,8.6,135.0,387.0,237.0,1.25,usda,3
175241,"Beans, french, mature seeds, cooked, boiled, with salt",7.05,0.76,24.02,129.0,66.57,9.4,102.0,370.0,242.0,1.25,usda,3
175242,"Beans, kidney, red, mature seeds, cooked, boiled, with salt",8.67,0.5,22.8,127.0,66.94,7.4,142.0,403.0,238.0,0.32,usda,3
175243,"Beans, kidney, red, mature seeds, canned, drained solids, rinsed in tap water",8.12,0.93,20.8,121.0,68.86,6.0,118.0,250.0,208.0,1.25,usda,3
175244,"Beans, kidney, royal red, mature seeds, cooked, boiled with salt",9.49,0.17,21.85,123.0,66.99,9.3,142.0,378.0,241.0,1.25,usda,3
175245,"Beans, kidney, red, mature seeds, canned, solids and liquid, low sodium",5.22,0.36,14.83,81.0,77.96,5.3,106.0,260.0,117.0,1.85,usda,0
175246,"Beans, small white, mature seeds, cooked, boiled, with salt",8.97,0.64,25.81,142.0,63.24,10.4,169.0,463.0,238.0,1.25,usda,3
175247,"Beans, pinto, mature seeds, canned, solids and liquids, low sodium",4.6,0.56,15.18,82.0,78.19,4.6,92.0,276.0,146.0,1.02,usda,0
175248,"Beans, yellow, mature seeds, cooked, boiled, with salt",9.16,1.08,25.28,144.0,62.98,10.4,183.0,325.0,241.0,0.34,usda,3
175249,"Beans, white, mature seeds, cooked, boiled, with salt",9.73,0.35,25.09,139.0,63.08,6.3,113.0,561.0,242.0,0.34,usda,3
175250,"Chickpeas (garbanzo beans, bengal gram), mature seeds, canned, solids and liquids, low sodium",4.92,1.95,13.49,88.0,78.55,4.4,80.0,144.0,132.0,2.59,usda,0
175251,"Cowpeas, catjang, mature seeds, cooked, boiled, with salt",8.13,0.71,20.32,117.0,69.7,3.6,142.0,375.0,255.0,1.25,usda,3
175252,"Cowpeas, common (blackeyes, crowder, southern), mature seeds, cooked, boiled, with salt",7.73,0.53,20.76,116.0,70.04,6.5,156.0,278.0,240.0,3.3,usda,3
175253,"Hyacinth beans, mature seeds, cooked, boiled, with salt",8.14,0.58,20.7,117.0,69.13,0.2,120.0,337.0,243.0,1.25,usda,0
175254,"Lentils, mature seeds, cooked, boiled, with salt",9.02,0.38,19.54,114.0,69.64,7.9,180.0,369.0,238.0,1.8,usda,3
175255,"Mung beans, mature seeds, cooked, boiled, with salt",7.02,0.38,19.15,105.0,72.66,7.6,99.0,266.0,238.0,2.0,usda,0
175256,"Mungo beans, mature seeds, cooked, boiled, with salt",7.54,0.55,18.34,105.0,72.51,6.4,156.0,231.0,243.0,2.01,usda,3
175257,"Peas, split, mature seeds, cooked, boiled, with salt",8.34,0.39,20.51,116.0,69.49,8.3,99.0,362.0,238.0,2.9,usda,3
175258,"Peanuts, all types, oil-roasted, without salt",28.03,52.5,15.26,599.0,1.45,9.4,397.0,726.0,6.0,4.18,usda,3
175259,"Lamb, New Zealand, imported, frozen, loin, separable lean and fat, cooked, broiled",23.43,23.88,0.0,315.0,50.44,0.0,208.0,159.0,49.0,0.0,usda,1
175260,"Lamb, New Zealand, imported, rack - partly frenched, separable lean only, raw",20.65,8.61,0.0,160.0,70.24,0.0,185.0,309.0,67.0,0.0,usda,1
175261,"Lamb, New Zealand, imported, rack - partly frenched, separable lean only, cooked, fast roasted",24.43,10.63,0.0,193.0,64.96,0.0,209.0,323.0,72.0,0.0,usda,1
175262,"Lamb, New Zealand, imported, square-cut shoulder, separable lean and fat, raw",16.16,22.89,0.24,272.0,61.07,0.0,147.0,261.0,64.0,0.0,usda,1
175263,"Lamb, New Zealand, imported, frozen, shoulder, whole (arm and blade), separable lean and fat, cooked, braised",28.21,26.27,0.0,357.0,42.64,0.0,196.0,147.0,51.0,1.25,usda,1
175264,"Lamb, New Zealand, imported, square-cut shoulder, separable lean only, raw",19.72,8.3,0.0,154.0,72.51,0.0,175.0,307.0,73.0,0.0,usda,1
175265,"Veal, composite of trimmed retail cuts, separable lean only, cooked",31.9,6.58,0.0,196.0,60.16,0.0,250.0,338.0,89.0,0.0,usda,1
175266,"Veal, composite of trimmed retail cuts, separable fat, raw",6.02,67.83,0.0,638.0,24.77,0.0,73.0,107.0,26.0,1.25,usda,1
175267,"Veal, composite of trimmed retail cuts, separable fat, cooked",9.42,66.74,0.0,642.0,21.65,0.0,116.0,173.0,57.0,1.25,usda,1
175268,"Veal, leg (top round), separable lean and fat, raw",20.98,3.08,0.0,117.0,74.8,0.0,220.0,367.0,63.0,0.0,usda,1
175269,"Veal, leg (top round), separable lean only, raw",21.28,1.76,0.0,107.0,75.82,0.0,223.0,372.0,64.0,1.25,usda,1
175270,"Veal, leg (top round), separable lean only, cooked, braised",36.71,5.09,0.0,203.0,56.18,0.0,252.0,387.0,67.0,1.25,usda,1
175271,"Veal, leg (top round), separable lean only, cooked, pan-fried, breaded",28.41,6.27,9.84,216.0,53.14,0.2,258.0,383.0,455.0,0.57,usda,1
175272,"Veal, leg (top round), separable lean only, cooked, pan-fried, not breaded",33.17,4.62,0.0,183.0,60.68,0.0,290.0,442.0,77.0,0.0,usda,1
175273,"Veal, loin, separable lean only, cooked, braised",33.57,9.15,0.0,226.0,56.96,0.0,237.0,297.0,84.0,0.0,usda,1
175274,"Veal, loin, separable lean only, cooked, roasted",26.32,6.94,0.0,175.0,64.59,0.0,222.0,340.0,96.0,0.0,usda,1
175275,"Veal, rib, separable lean and fat, raw",18.86,9.01,0.0,162.0,71.15,0.0,184.0,290.0,89.0,1.25,usda,1
175276,"Veal, rib, separable lean and fat, cooked, braised",32.43,12.53,0.0,251.0,53.33,0.0,210.0,306.0,95.0,0.0,usda,1
175277,"Veal, shoulder, whole (arm and blade), separable lean and fat, raw",19.27,5.28,0.0,130.0,74.78,0.0,203.0,302.0,91.0,0.0,usda,1
175278,"Veal, shoulder, whole (arm and blade), separable lean and fat, cooked, braised",32.06,10.14,0.0,228.0,56.4,0.0,250.0,309.0,95.0,0.0,usda,1
175279,"Veal, shoulder, whole (arm and blade), separable lean and fat, cooked, roasted",25.32,8.42,0.0,184.0,65.31,0.0,215.0,322.0,96.0,1.25,usda,1
175280,"Veal, shoulder, whole (arm and blade), separable lean only, raw",19.79,3.0,0.0,112.0,76.58,0.0,208.0,311.0,92.0,1.25,usda,1
175281,"Veal, shoulder, arm, separable lean and fat, cooked, roasted",25.46,8.25,0.0,183.0,64.68,0.0,221.0,348.0,90.0,1.25,usda,1
175282,"Veal, shoulder, arm, separable lean only, raw",20.04,2.16,0.0,105.0,76.64,0.0,215.0,339.0,86.0,1.25,usda,1
175283,"Veal, shoulder, arm, separable lean only, cooked, braised",35.73,5.33,0.0,201.0,58.2,0.0,276.0,347.0,90.0,1.25,usda,1
175284,"Veal, shoulder, arm, separable lean only, cooked, roasted",26.13,5.81,0.0,164.0,66.47,0.0,226.0,356.0,91.0,1.25,usda,1
175285,"Veal, shoulder, blade, separable lean only, cooked, roasted",25.64,6.88,0.0,171.0,66.9,0.0,215.0,310.0,102.0,1.25,usda,1
175286,"Veal, sirloin, separable lean and fat, raw",19.07,7.81,0.0,152.0,71.85,0.0,209.0,329.0,76.0,0.0,usda,1
175287,"Veal, sirloin, separable lean and fat, cooked, braised",31.26,13.14,0.0,252.0,54.49,0.0,243.0,321.0,79.0,1.25,usda,1
175288,"Veal, sirloin, separable lean and fat, cooked, roasted",25.14,10.45,0.0,202.0,62.66,0.0,223.0,351.0,83.0,0.0,usda,1
175289,"Veal, cubed for stew (leg and shoulder), separable lean only, cooked, braised",34.94,4.31,0.0,188.0,59.29,0.0,239.0,342.0,93.0,1.25,usda,1
175290,"Veal, ground, raw",18.58,13.06,0.0,197.0,66.16,0.0,197.0,198.0,103.0,0.0,usda,1
175291,"Veal, ground, cooked, broiled",24.38,7.56,0.0,172.0,66.76,0.0,217.0,337.0,83.0,0.0,usda,1
175292,"Game meat, antelope, raw",22.38,2.03,0.0,114.0,74.08,0.0,188.0,353.0,51.0,1.25,usda,1
175293,"Bison, ground, grass-fed, raw",20.23,7.21,0.05,146.0,71.59,0.0,194.0,328.0,70.0,0.0,usda,1
175294,"Game meat, beaver, raw",24.05,4.8,0.0,146.0,70.97,0.0,237.0,348.0,51.0,1.25,usda,1
175295,"Game meat, beaver, cooked, roasted",34.85,6.96,0.0,212.0,57.92,0.0,292.0,403.0,59.0,0.0,usda,1
175296,"Game meat, beefalo, composite of cuts, raw",23.3,4.8,0.0,143.0,70.89,0.0,224.0,436.0,78.0,1.25,usda,1
175298,"Game meat, boar, wild, cooked, roasted",28.3,4.38,0.0,160.0,63.87,0.0,134.0,396.0,60.0,0.0,usda,1
175299,"Game meat, buffalo, water, raw",20.39,1.37,0.0,99.0,76.3,0.0,197.0,297.0,53.0,1.25,usda,1
175300,"Game meat, buffalo, water, cooked, roasted",26.83,1.8,0.0,131.0,68.81,0.0,220.0,313.0,56.0,1.25,usda,1
175301,"Game meat, elk, raw",22.95,1.45,0.0,111.0,74.38,0.0,161.0,312.0,58.0,1.25,usda,1
175302,"Game meat, elk, cooked, roasted",30.19,1.9,0.0,146.0,66.28,0.0,180.0,328.0,61.0,1.25,usda,1
175303,"Game meat, goat, raw",20.6,2.31,0.0,109.0,75.84,0.0,180.0,385.0,82.0,1.25,usda,1
175304,"Game meat, goat, cooked, roasted",27.1,3.03,0.0,143.0,68.21,0.0,201.0,405.0,86.0,0.0,usda,1
9001017,"ข้าวเจ้า นึ่ง (Rice, polished, steamed)",2.8,0.5,31.2,141.0,65.4,0.1,11.0,35.0,1.0,1.25,usda,0
9001039,"ข้าวเหนียว นึ่ง (Rice, glutinous, steamed)",4.1,0.6,51.8,230.0,42.9,0.5,12.0,10.0,5.0,1.25,usda,0
9001029,"ข้าวโพดเหลือง ต้ม (Corn, yellow, boiled)",4.3,3.3,17.4,117.0,74.5,1.3,47.0,218.0,1.0,1.25,usda,0
9006050,"หมู เนื้อ ดิบ (Pork, meat, raw)",19.6,3.3,0.4,110.0,75.8,0.0,247.0,399.0,53.0,1.25,usda,1
9006005,"ไก่ เนื้อ ดิบ (Chicken, meat, raw)",19.5,9.7,0.0,165.0,69.5,0.0,173.0,229.0,77.0,1.25,usda,1
9008003,"ไข่ไก่ ทั้งฟอง (Egg, hen, whole)",12.77,9.65,1.17,143.0,75.5,0.0,169.0,156.0,165.0,1.25,usda,1
9008001,"ไข่ไก่ ไข่ขาว (Egg, hen, white)",11.49,0.07,0.4,48.0,87.2,0.0,11.0,189.0,217.0,1.25,usda,0
9008002,"ไข่ไก่ ไข่แดง (Egg, hen, yolk)",15.0,24.42,3.19,292.0,55.8,0.0,296.0,123.0,90.0,1.25,usda,1
9008012,"ไข่เป็ด ทั้งฟอง (Egg, duck, whole)",13.03,13.35,1.54,178.0,71.0,0.0,209.0,161.0,133.0,1.25,usda,1
9005012,"กล้วยน้ำ สุก (Banana, Nam variety, ripe)",1.04,0.1,22.59,110.0,68.2,7.2,29.0,318.0,1.0,20.7,usda,0
9005001,"กล้วยไข่ สุก (Banana, Khai variety, ripe)",1.24,0.2,24.26,108.0,71.4,1.9,16.0,269.0,2.0,21.84,usda,0
9005108,"มะละกอ ฮอลแลนด์ สุก (Papaya, Holland variety, ripe)",0.7,0.1,8.0,39.0,89.0,1.7,11.0,224.0,5.0,9.0,usda,0
9005107,"มะละกอ แขกดำ สุก (Papaya, Kak-dum variety, ripe)",0.6,0.1,8.1,39.0,89.0,1.7,14.0,229.0,3.0,8.0,usda,0
9004120,ผักบุ้งจีน (Water convolvulus),1.72,0.34,0.27,16.0,94.27,2.3,26.0,270.0,130.0,1.25,usda,0
9004121,"ผักบุ้งไทย ต้นขาว (Water spinach, white)",2.18,0.32,1.34,22.0,92.8,2.4,33.0,359.0,67.0,1.25,usda,0
9004122,"ผักบุ้งไทย ต้นแดง (Water spinach, red)",1.68,0.29,0.28,16.0,93.8,3.0,30.0,439.0,26.0,1.25,usda,0
9011044,"ข้าวผัดหมู (Fried rice with pork, vegetable and egg)",6.01,8.2,20.79,181.0,64.0,0.2,70.0,67.0,288.0,1.25,usda,1
9011045,ข้าวมันไก่ (Rice cooked in chicken-broth topped with chicken),5.36,9.51,28.01,219.0,55.9,0.2,48.0,82.0,483.0,1.25,usda,1
9011047,ข้าวราดแกงเขียวหวานไก่ (Rice topped with chicken green curry),5.22,3.9,19.25,133.0,70.9,0.4,89.0,80.0,170.0,1.25,usda,0
9011048,ข้าวราดแกงคั่วกลิ้งหมู (Rice topped with minced pork and yellow curry paste),3.93,4.71,25.13,159.0,65.2,0.2,84.0,141.0,254.0,1.25,usda,0
9011052,"ข้าวราดแกงพะแนงหมู (Rice topped with curry, pork, Pha-naeng)",7.29,2.65,20.84,136.0,68.2,0.2,67.0,129.0,424.0,1.25,usda,1
9011055,"ข้าวราดแกงส้มผักรวม (Rice topped with tamarind soup, mixed vegetables)",2.91,0.23,17.77,85.0,77.9,0.2,33.0,96.0,401.0,1.25,usda,0
9011057,ข้าวราดไข่เจียวสมุนไพร (Rice topped with herb omelet),5.06,10.1,24.65,210.0,59.8,0.2,68.0,65.0,96.0,1.25,usda,1
9011058,ข้าวราดไข่เจียวหมูสับ (Rice topped with minced pork omelet),8.15,15.56,15.93,236.0,59.6,0.2,100.0,107.0,200.0,1.25,usda,1
9011063,"ข้าวราดผัดกะเพราไก่ (Rice topped with stir-fried chicken, chilli and basil)",8.95,5.48,22.19,174.0,62.0,0.2,83.0,140.0,696.0,1.25,usda,1
9011084,"ข้าวราดหมูทอดกระเทียมพริกไทย (Rice topped with fried pork, garlic and pepper)",6.1,4.91,31.16,193.0,57.0,0.2,88.0,107.0,267.0,1.25,usda,1
9011085,ข้าวราดหมูสับผัดซอส (Rice topped with stir-fried minced pork and soy sauce),7.9,5.21,27.78,190.0,58.1,0.2,115.0,163.0,836.0,1.25,usda,1
9011088,ข้าวหมูอบ (Rice with baked seasoning pork),7.94,5.28,23.76,174.0,61.7,0.2,76.0,171.0,546.0,1.25,usda,1
9011005,"ก๋วยเตี๋ยวคั่วไก่ (Rice noodles with chicken, fried)",6.94,8.36,23.77,198.0,59.7,0.2,88.0,102.0,384.0,1.25,usda,1
9011003,"ก๋วยจั๊บน้ำข้น (Rice noodles, big sheet, soup with meat and tofu)",3.91,1.88,8.49,67.0,84.3,0.2,48.0,93.0,482.0,1.25,usda,0
9011010,บะหมี่เกี๊ยว หมูแดง น้ำ (Wheat noodles with roasted pork and soup),3.61,2.2,8.53,68.0,84.8,0.2,29.0,92.0,397.0,1.25,usda,0
9011011,"บะหมี่หมู แห้ง (Wheat noodles with pork, without soup)",10.89,8.47,17.54,190.0,61.3,0.2,85.0,133.0,974.0,1.25,usda,1
9011008,"ก๋วยเตี๋ยววุ้นเส้นเย็นตาโฟ น้ำ (Mung bean noodles, Yen-ta-fo)",2.26,2.74,12.67,84.0,81.1,0.2,24.0,60.0,545.0,1.25,usda,0
9011093,"สุกี้ รวมมิตร แห้ง (Suki with meat, seafood and vegetables, stir-fried)",5.7,4.44,10.27,104.0,78.3,0.2,60.0,114.0,515.0,1.25,usda,1
9011091,"สุกี้ ไก่ น้ำ (Suki with chicken, vegetables and soup)",3.76,1.1,5.49,47.0,88.1,0.2,41.0,81.0,656.0,1.25,usda,0
9011095,หมี่กรอบ ราดหน้าทะเล (Crispy fried rice noodles with seafood and gravy),3.58,5.47,12.72,114.0,76.8,0.2,36.0,83.0,514.0,1.25,usda,0
9011097,"หอยทอด (Green mussel fried with flour, egg and mungbean sprout)",8.86,21.36,16.13,292.0,52.1,0.2,209.0,109.0,556.0,1.25,usda,1
9011104,ต้มเลือดหมู (Tom-leud-moo),5.05,1.3,1.04,36.0,91.6,0.2,57.0,120.0,335.0,1.25,usda,0
9011135,"แกงเขียวหวานหมู (Green curry, pork)",6.31,12.32,0.0,136.0,82.7,0.2,64.0,242.0,571.0,1.25,usda,1
9011134,"แกงขี้เหล็ก (Curry, cassia leaves)",2.8,19.02,0.0,182.0,81.8,0.2,44.0,142.0,598.0,1.25,usda,1
9011136,แกงบอน (Kang-bon),1.55,0.32,7.53,39.0,88.2,0.2,26.0,152.0,437.0,1.25,usda,0
9011137,"แกงส้มผักรวมกับปลาช่อน (Kang-som, vegetables and striped snakehead fish)",1.96,0.49,2.91,24.0,93.1,0.2,27.0,128.0,509.0,1.25,usda,0
9011138,แกงหมูชะมวง (Kang-moo-chamoung),10.28,6.5,22.82,194.0,56.6,2.0,100.0,249.0,625.0,1.25,usda,3
9011141,"ขนมจีนน้ำพริก (Round rice noodles with shrimp, mungbean, peanut and curry)",3.58,8.57,19.06,168.0,65.9,0.2,61.0,204.0,413.0,1.25,usda,1
9011143,ขนมจีนน้ำยา (Round rice noodles with fish curry and coconut milk),2.4,5.4,9.07,95.0,81.8,0.2,35.0,165.0,436.0,1.25,usda,0
9011195,"ขนมจีนน้ำยาป่า (Round rice noodles with fish curry, no coconut milk)",2.2,0.24,8.9,47.0,87.4,0.2,31.0,100.0,374.0,1.25,usda,0
9011201,ลาบเนื้อ รวมผักสด (Spicy minced beef salad with vegetable),12.4,4.0,5.96,112.0,73.9,1.4,112.0,276.0,650.0,1.25,usda,1
9011203,"ส้มตำปลาร้า (Papaya, fermented fish, salad)",2.15,0.64,4.11,36.0,87.9,2.8,29.0,197.0,716.0,1.25,usda,0
9011200,"ตำมะเขือพวง (Solanum, spicy salad)",8.32,2.23,6.5,94.0,70.9,7.3,147.0,392.0,1106.0,1.25,usda,3
